model,n_bits,m,trial_id,full_acc,bit_acc,train_time_s,infer_time_s,params_count,noise_p,extra_notes
Hopfield,4,2,0,0.5,0.875,7.915496826171875e-05,0.00026595592498779297,16,0.0,
QAM,4,2,0,0.5,0.875,1.7380962371826172,0.002812027931213379,48,0.0,
Hopfield,4,2,0,0.5,0.875,7.915496826171875e-05,0.00023508071899414062,16,0.1,
QAM,4,2,0,0.5,0.875,1.7380962371826172,0.0027333498001098633,48,0.1,
Hopfield,4,2,0,0.0,0.125,7.915496826171875e-05,0.0002319812774658203,16,0.2,
QAM,4,2,0,0.5,0.875,1.7380962371826172,0.002770066261291504,48,0.2,
Hopfield,4,2,0,0.5,0.875,7.915496826171875e-05,0.0006004571914672852,16,0.3,
QAM,4,2,0,0.5,0.875,1.7380962371826172,0.00292360782623291,48,0.3,
Hopfield,4,2,1,1.0,1.0,3.2901763916015625e-05,0.00025200843811035156,16,0.0,
QAM,4,2,1,0.5,0.75,2.012969970703125,0.002849102020263672,48,0.0,
Hopfield,4,2,1,1.0,1.0,3.2901763916015625e-05,0.0002263784408569336,16,0.1,
QAM,4,2,1,0.5,0.75,2.012969970703125,0.0026814937591552734,48,0.1,
Hopfield,4,2,1,0.0,0.5,3.2901763916015625e-05,0.00023496150970458984,16,0.2,
QAM,4,2,1,0.5,0.75,2.012969970703125,0.0027846097946166992,48,0.2,
Hopfield,4,2,1,1.0,1.0,3.2901763916015625e-05,0.00023245811462402344,16,0.3,
QAM,4,2,1,0.5,0.75,2.012969970703125,0.0028148889541625977,48,0.3,
Hopfield,4,2,2,0.5,0.875,3.2901763916015625e-05,0.0002415180206298828,16,0.0,
QAM,4,2,2,0.5,0.875,1.6907498836517334,0.0028634071350097656,48,0.0,
Hopfield,4,2,2,0.5,0.875,3.2901763916015625e-05,0.00023865699768066406,16,0.1,
QAM,4,2,2,0.5,0.875,1.6907498836517334,0.0027359724044799805,48,0.1,
Hopfield,4,2,2,0.0,0.5,3.2901763916015625e-05,0.00023508071899414062,16,0.2,
QAM,4,2,2,0.5,0.875,1.6907498836517334,0.0027843713760375977,48,0.2,
Hopfield,4,2,2,0.0,0.5,3.2901763916015625e-05,0.00024247169494628906,16,0.3,
QAM,4,2,2,0.5,0.875,1.6907498836517334,0.0028303861618041992,48,0.3,
Hopfield,4,2,3,1.0,1.0,3.409385681152344e-05,0.00025904178619384766,16,0.0,
QAM,4,2,3,0.0,0.625,2.1389191150665283,0.0028151273727416992,48,0.0,
Hopfield,4,2,3,1.0,1.0,3.409385681152344e-05,0.00024700164794921875,16,0.1,
QAM,4,2,3,0.0,0.625,2.1389191150665283,0.002861499786376953,48,0.1,
Hopfield,4,2,3,1.0,1.0,3.409385681152344e-05,0.0002510547637939453,16,0.2,
QAM,4,2,3,0.0,0.625,2.1389191150665283,0.0028110742568969727,48,0.2,
Hopfield,4,2,3,0.5,0.625,3.409385681152344e-05,0.00024402141571044922,16,0.3,
QAM,4,2,3,0.0,0.625,2.1389191150665283,0.0028085708618164062,48,0.3,
Hopfield,4,2,4,1.0,1.0,3.1948089599609375e-05,0.0002720355987548828,16,0.0,
QAM,4,2,4,0.0,0.75,1.5037040710449219,0.0027840137481689453,48,0.0,
Hopfield,4,2,4,0.5,0.5,3.1948089599609375e-05,0.00024044513702392578,16,0.1,
QAM,4,2,4,0.0,0.75,1.5037040710449219,0.002837538719177246,48,0.1,
Hopfield,4,2,4,0.5,0.75,3.1948089599609375e-05,0.00023496150970458984,16,0.2,
QAM,4,2,4,0.0,0.75,1.5037040710449219,0.0028460025787353516,48,0.2,
Hopfield,4,2,4,0.5,0.75,3.1948089599609375e-05,0.0002415180206298828,16,0.3,
QAM,4,2,4,0.0,0.75,1.5037040710449219,0.0028345584869384766,48,0.3,
Hopfield,4,2,5,0.5,0.875,3.409385681152344e-05,0.00024056434631347656,16,0.0,
QAM,4,2,5,0.5,0.875,1.710557222366333,0.002799510955810547,48,0.0,
Hopfield,4,2,5,0.5,0.875,3.409385681152344e-05,0.00023603439331054688,16,0.1,
QAM,4,2,5,0.5,0.875,1.710557222366333,0.002866387367248535,48,0.1,
Hopfield,4,2,5,0.0,0.5,3.409385681152344e-05,0.00024044513702392578,16,0.2,
QAM,4,2,5,0.5,0.875,1.710557222366333,0.0028510093688964844,48,0.2,
Hopfield,4,2,5,0.5,0.875,3.409385681152344e-05,0.00027048587799072266,16,0.3,
QAM,4,2,5,0.5,0.875,1.710557222366333,0.002848982810974121,48,0.3,
Hopfield,4,2,6,0.0,0.75,3.1948089599609375e-05,0.0002651214599609375,16,0.0,
QAM,4,2,6,0.0,0.625,1.619166374206543,0.0027930736541748047,48,0.0,
Hopfield,4,2,6,0.0,0.75,3.1948089599609375e-05,0.00022983551025390625,16,0.1,
QAM,4,2,6,0.0,0.625,1.619166374206543,0.0027894973754882812,48,0.1,
Hopfield,4,2,6,0.0,0.75,3.1948089599609375e-05,0.00023996829986572266,16,0.2,
QAM,4,2,6,0.0,0.625,1.619166374206543,0.0027741193771362305,48,0.2,
Hopfield,4,2,6,0.0,0.75,3.1948089599609375e-05,0.00024008750915527344,16,0.3,
QAM,4,2,6,0.0,0.625,1.619166374206543,0.0028253793716430664,48,0.3,
Hopfield,4,2,7,1.0,1.0,3.2901763916015625e-05,0.0002560615539550781,16,0.0,
QAM,4,2,7,0.0,0.5,1.6481459140777588,0.0028008222579956055,48,0.0,
Hopfield,4,2,7,1.0,1.0,3.2901763916015625e-05,0.00024247169494628906,16,0.1,
QAM,4,2,7,0.0,0.5,1.6481459140777588,0.002786993980407715,48,0.1,
Hopfield,4,2,7,1.0,1.0,3.2901763916015625e-05,0.00023353099822998047,16,0.2,
QAM,4,2,7,0.0,0.5,1.6481459140777588,0.0028039216995239258,48,0.2,
Hopfield,4,2,7,1.0,1.0,3.2901763916015625e-05,0.0002396106719970703,16,0.3,
QAM,4,2,7,0.0,0.5,1.6481459140777588,0.002744436264038086,48,0.3,
Hopfield,4,2,8,1.0,1.0,3.1948089599609375e-05,0.0002562999725341797,16,0.0,
QAM,4,2,8,0.5,0.75,1.55318284034729,0.0028570890426635742,48,0.0,
Hopfield,4,2,8,1.0,1.0,3.1948089599609375e-05,0.00025653839111328125,16,0.1,
QAM,4,2,8,0.5,0.75,1.55318284034729,0.002711057662963867,48,0.1,
Hopfield,4,2,8,0.5,0.75,3.1948089599609375e-05,0.00026488304138183594,16,0.2,
QAM,4,2,8,0.5,0.75,1.55318284034729,0.0027840137481689453,48,0.2,
Hopfield,4,2,8,1.0,1.0,3.1948089599609375e-05,0.0002319812774658203,16,0.3,
QAM,4,2,8,0.5,0.75,1.55318284034729,0.0028074979782104492,48,0.3,
Hopfield,4,2,9,1.0,1.0,3.2901763916015625e-05,0.00026154518127441406,16,0.0,
QAM,4,2,9,1.0,1.0,1.9724338054656982,0.0028334856033325195,48,0.0,
Hopfield,4,2,9,1.0,1.0,3.2901763916015625e-05,0.0002281665802001953,16,0.1,
QAM,4,2,9,1.0,1.0,1.9724338054656982,0.0027544498443603516,48,0.1,
Hopfield,4,2,9,0.5,0.5,3.2901763916015625e-05,0.00023889541625976562,16,0.2,
QAM,4,2,9,1.0,1.0,1.9724338054656982,0.0027730464935302734,48,0.2,
Hopfield,4,2,9,1.0,1.0,3.2901763916015625e-05,0.00023853778839111328,16,0.3,
QAM,4,2,9,1.0,1.0,1.9724338054656982,0.0027889013290405273,48,0.3,
Hopfield,4,2,10,1.0,1.0,3.0994415283203125e-05,0.0002593994140625,16,0.0,
QAM,4,2,10,0.5,0.75,1.3606257438659668,0.002902507781982422,48,0.0,
Hopfield,4,2,10,1.0,1.0,3.0994415283203125e-05,0.0002480745315551758,16,0.1,
QAM,4,2,10,0.5,0.75,1.3606257438659668,0.002812623977661133,48,0.1,
Hopfield,4,2,10,1.0,1.0,3.0994415283203125e-05,0.00023996829986572266,16,0.2,
QAM,4,2,10,0.5,0.75,1.3606257438659668,0.0028170347213745117,48,0.2,
Hopfield,4,2,10,0.5,0.75,3.0994415283203125e-05,0.00023651123046875,16,0.3,
QAM,4,2,10,0.5,0.75,1.3606257438659668,0.0028134584426879883,48,0.3,
Hopfield,4,2,11,1.0,1.0,3.314018249511719e-05,0.0002574920654296875,16,0.0,
QAM,4,2,11,0.5,0.75,1.8139240741729736,0.0028259754180908203,48,0.0,
Hopfield,4,2,11,0.5,0.75,3.314018249511719e-05,0.0002346038818359375,16,0.1,
QAM,4,2,11,0.5,0.75,1.8139240741729736,0.002829909324645996,48,0.1,
Hopfield,4,2,11,0.5,0.75,3.314018249511719e-05,0.00024449825286865234,16,0.2,
QAM,4,2,11,0.5,0.75,1.8139240741729736,0.002739548683166504,48,0.2,
Hopfield,4,2,11,0.5,0.75,3.314018249511719e-05,0.0002454519271850586,16,0.3,
QAM,4,2,11,0.5,0.75,1.8139240741729736,0.0027991533279418945,48,0.3,
Hopfield,4,2,12,0.0,0.75,3.314018249511719e-05,0.0002905130386352539,16,0.0,
QAM,4,2,12,0.5,0.625,1.7373428344726562,0.003344416618347168,48,0.0,
Hopfield,4,2,12,0.0,0.75,3.314018249511719e-05,0.0002554655075073242,16,0.1,
QAM,4,2,12,0.5,0.625,1.7373428344726562,0.0031604766845703125,48,0.1,
Hopfield,4,2,12,0.0,0.75,3.314018249511719e-05,0.0002570152282714844,16,0.2,
QAM,4,2,12,0.5,0.625,1.7373428344726562,0.003102421760559082,48,0.2,
Hopfield,4,2,12,0.0,0.75,3.314018249511719e-05,0.0002675056457519531,16,0.3,
QAM,4,2,12,0.5,0.625,1.7373428344726562,0.0033239126205444336,48,0.3,
Hopfield,4,2,13,0.0,0.75,3.814697265625e-05,0.00026047229766845703,16,0.0,
QAM,4,2,13,0.0,0.625,1.8000800609588623,0.0028314590454101562,48,0.0,
Hopfield,4,2,13,0.0,0.75,3.814697265625e-05,0.0002460479736328125,16,0.1,
QAM,4,2,13,0.0,0.625,1.8000800609588623,0.002837061882019043,48,0.1,
Hopfield,4,2,13,0.0,0.375,3.814697265625e-05,0.00023794174194335938,16,0.2,
QAM,4,2,13,0.0,0.625,1.8000800609588623,0.0028345584869384766,48,0.2,
Hopfield,4,2,13,0.0,0.75,3.814697265625e-05,0.0002474784851074219,16,0.3,
QAM,4,2,13,0.0,0.625,1.8000800609588623,0.002788066864013672,48,0.3,
Hopfield,4,2,14,0.0,0.75,3.1948089599609375e-05,0.00027251243591308594,16,0.0,
QAM,4,2,14,0.0,0.625,2.296581268310547,0.0032519102096557617,48,0.0,
Hopfield,4,2,14,0.0,0.75,3.1948089599609375e-05,0.00029599666595458984,16,0.1,
QAM,4,2,14,0.0,0.625,2.296581268310547,0.003017902374267578,48,0.1,
Hopfield,4,2,14,0.0,0.375,3.1948089599609375e-05,0.00024962425231933594,16,0.2,
QAM,4,2,14,0.0,0.625,2.296581268310547,0.0032029151916503906,48,0.2,
Hopfield,4,2,14,0.0,0.375,3.1948089599609375e-05,0.00025653839111328125,16,0.3,
QAM,4,2,14,0.0,0.625,2.296581268310547,0.0040465593338012695,48,0.3,
Hopfield,4,2,15,1.0,1.0,3.695487976074219e-05,0.0002790689468383789,16,0.0,
QAM,4,2,15,0.0,0.625,1.8313262462615967,0.0032984018325805664,48,0.0,
Hopfield,4,2,15,1.0,1.0,3.695487976074219e-05,0.00025260448455810547,16,0.1,
QAM,4,2,15,0.0,0.625,1.8313262462615967,0.003249049186706543,48,0.1,
Hopfield,4,2,15,0.5,0.625,3.695487976074219e-05,0.00024902820587158203,16,0.2,
QAM,4,2,15,0.0,0.625,1.8313262462615967,0.003133416175842285,48,0.2,
Hopfield,4,2,15,1.0,1.0,3.695487976074219e-05,0.0002669095993041992,16,0.3,
QAM,4,2,15,0.0,0.625,1.8313262462615967,0.003098130226135254,48,0.3,
Hopfield,4,2,16,0.0,0.75,3.719329833984375e-05,0.0002779960632324219,16,0.0,
QAM,4,2,16,0.5,0.625,1.4387028217315674,0.0033494234085083008,48,0.0,
Hopfield,4,2,16,0.0,0.75,3.719329833984375e-05,0.0002568960189819336,16,0.1,
QAM,4,2,16,0.5,0.625,1.4387028217315674,0.0032835006713867188,48,0.1,
Hopfield,4,2,16,0.0,0.75,3.719329833984375e-05,0.00025594234466552734,16,0.2,
QAM,4,2,16,0.5,0.625,1.4387028217315674,0.0032504796981811523,48,0.2,
Hopfield,4,2,16,0.0,0.375,3.719329833984375e-05,0.00026595592498779297,16,0.3,
QAM,4,2,16,0.5,0.625,1.4387028217315674,0.0031375885009765625,48,0.3,
Hopfield,4,2,17,1.0,1.0,4.076957702636719e-05,0.0004044771194458008,16,0.0,
QAM,4,2,17,0.5,0.625,2.0976412296295166,0.004033327102661133,48,0.0,
Hopfield,4,2,17,1.0,1.0,4.076957702636719e-05,0.0002601146697998047,16,0.1,
QAM,4,2,17,0.5,0.625,2.0976412296295166,0.003509998321533203,48,0.1,
Hopfield,4,2,17,0.5,0.625,4.076957702636719e-05,0.0002579689025878906,16,0.2,
QAM,4,2,17,0.5,0.625,2.0976412296295166,0.0035370588302612305,48,0.2,
Hopfield,4,2,17,0.5,0.625,4.076957702636719e-05,0.00048601627349853516,16,0.3,
QAM,4,2,17,0.5,0.625,2.0976412296295166,0.004433035850524902,48,0.3,
Hopfield,4,2,18,0.5,0.875,5.817413330078125e-05,0.00027358531951904297,16,0.0,
QAM,4,2,18,0.5,0.875,2.350912094116211,0.003095388412475586,48,0.0,
Hopfield,4,2,18,0.5,0.875,5.817413330078125e-05,0.0002745389938354492,16,0.1,
QAM,4,2,18,0.5,0.875,2.350912094116211,0.003096461296081543,48,0.1,
Hopfield,4,2,18,0.5,0.5,5.817413330078125e-05,0.0002493858337402344,16,0.2,
QAM,4,2,18,0.5,0.875,2.350912094116211,0.0030400753021240234,48,0.2,
Hopfield,4,2,18,0.0,0.5,5.817413330078125e-05,0.000255584716796875,16,0.3,
QAM,4,2,18,0.5,0.875,2.350912094116211,0.0029604434967041016,48,0.3,
Hopfield,4,2,19,1.0,1.0,3.504753112792969e-05,0.00024712085723876953,16,0.0,
QAM,4,2,19,0.0,0.625,1.8393778800964355,0.0028069019317626953,48,0.0,
Hopfield,4,2,19,1.0,1.0,3.504753112792969e-05,0.00024306774139404297,16,0.1,
QAM,4,2,19,0.0,0.625,1.8393778800964355,0.002821803092956543,48,0.1,
Hopfield,4,2,19,1.0,1.0,3.504753112792969e-05,0.00024950504302978516,16,0.2,
QAM,4,2,19,0.0,0.625,1.8393778800964355,0.002806544303894043,48,0.2,
Hopfield,4,2,19,0.0,0.25,3.504753112792969e-05,0.00026357173919677734,16,0.3,
QAM,4,2,19,0.0,0.625,1.8393778800964355,0.0028499364852905273,48,0.3,
Hopfield,4,2,20,1.0,1.0,3.218650817871094e-05,0.0002614259719848633,16,0.0,
QAM,4,2,20,0.5,0.75,2.506821870803833,0.002999544143676758,48,0.0,
Hopfield,4,2,20,0.5,0.75,3.218650817871094e-05,0.0002465248107910156,16,0.1,
QAM,4,2,20,0.5,0.75,2.506821870803833,0.0028600692749023438,48,0.1,
Hopfield,4,2,20,0.5,0.75,3.218650817871094e-05,0.00024390220642089844,16,0.2,
QAM,4,2,20,0.5,0.75,2.506821870803833,0.002877473831176758,48,0.2,
Hopfield,4,2,20,0.5,0.5,3.218650817871094e-05,0.0002549886703491211,16,0.3,
QAM,4,2,20,0.5,0.75,2.506821870803833,0.002886533737182617,48,0.3,
Hopfield,4,2,21,1.0,1.0,3.600120544433594e-05,0.00034940242767333984,16,0.0,
QAM,4,2,21,0.0,0.75,2.8125460147857666,0.00450742244720459,48,0.0,
Hopfield,4,2,21,1.0,1.0,3.600120544433594e-05,0.0007109642028808594,16,0.1,
QAM,4,2,21,0.0,0.75,2.8125460147857666,0.003437638282775879,48,0.1,
Hopfield,4,2,21,1.0,1.0,3.600120544433594e-05,0.0006796121597290039,16,0.2,
QAM,4,2,21,0.0,0.75,2.8125460147857666,0.0033429861068725586,48,0.2,
Hopfield,4,2,21,0.5,0.75,3.600120544433594e-05,0.00028955936431884766,16,0.3,
QAM,4,2,21,0.0,0.75,2.8125460147857666,0.0036464929580688477,48,0.3,
Hopfield,4,2,22,1.0,1.0,4.1961669921875e-05,0.0002639293670654297,16,0.0,
QAM,4,2,22,0.5,0.75,1.905165672302246,0.0030260086059570312,48,0.0,
Hopfield,4,2,22,1.0,1.0,4.1961669921875e-05,0.0002435445785522461,16,0.1,
QAM,4,2,22,0.5,0.75,1.905165672302246,0.002874016761779785,48,0.1,
Hopfield,4,2,22,0.5,0.75,4.1961669921875e-05,0.00023889541625976562,16,0.2,
QAM,4,2,22,0.5,0.75,1.905165672302246,0.003006458282470703,48,0.2,
Hopfield,4,2,22,1.0,1.0,4.1961669921875e-05,0.0002434253692626953,16,0.3,
QAM,4,2,22,0.5,0.75,1.905165672302246,0.0029751062393188477,48,0.3,
Hopfield,4,2,23,0.5,0.875,3.3855438232421875e-05,0.0002950429916381836,16,0.0,
QAM,4,2,23,0.5,0.875,1.653662919998169,0.0029840469360351562,48,0.0,
Hopfield,4,2,23,0.5,0.875,3.3855438232421875e-05,0.0002465248107910156,16,0.1,
QAM,4,2,23,0.5,0.875,1.653662919998169,0.0029304027557373047,48,0.1,
Hopfield,4,2,23,0.0,0.125,3.3855438232421875e-05,0.00024247169494628906,16,0.2,
QAM,4,2,23,0.5,0.875,1.653662919998169,0.0028755664825439453,48,0.2,
Hopfield,4,2,23,0.5,0.875,3.3855438232421875e-05,0.00027251243591308594,16,0.3,
QAM,4,2,23,0.5,0.875,1.653662919998169,0.0028884410858154297,48,0.3,
Hopfield,4,2,24,0.5,0.875,3.3855438232421875e-05,0.000301361083984375,16,0.0,
QAM,4,2,24,0.5,0.875,2.4105019569396973,0.003066539764404297,48,0.0,
Hopfield,4,2,24,0.5,0.875,3.3855438232421875e-05,0.0002473592758178711,16,0.1,
QAM,4,2,24,0.5,0.875,2.4105019569396973,0.0030100345611572266,48,0.1,
Hopfield,4,2,24,0.5,0.875,3.3855438232421875e-05,0.00024712085723876953,16,0.2,
QAM,4,2,24,0.5,0.875,2.4105019569396973,0.003011465072631836,48,0.2,
Hopfield,4,2,24,0.5,0.875,3.3855438232421875e-05,0.00024235248565673828,16,0.3,
QAM,4,2,24,0.5,0.875,2.4105019569396973,0.0030275583267211914,48,0.3,
Hopfield,4,2,25,1.0,1.0,3.504753112792969e-05,0.0002994537353515625,16,0.0,
QAM,4,2,25,0.5,0.75,2.089599847793579,0.0029740333557128906,48,0.0,
Hopfield,4,2,25,1.0,1.0,3.504753112792969e-05,0.00025343894958496094,16,0.1,
QAM,4,2,25,0.5,0.75,2.089599847793579,0.002902984619140625,48,0.1,
Hopfield,4,2,25,0.0,0.5,3.504753112792969e-05,0.0002429485321044922,16,0.2,
QAM,4,2,25,0.5,0.75,2.089599847793579,0.0030895471572875977,48,0.2,
Hopfield,4,2,25,1.0,1.0,3.504753112792969e-05,0.0002601146697998047,16,0.3,
QAM,4,2,25,0.5,0.75,2.089599847793579,0.0029059648513793945,48,0.3,
Hopfield,4,2,26,0.0,0.75,3.409385681152344e-05,0.0002684593200683594,16,0.0,
QAM,4,2,26,0.5,0.625,2.1058781147003174,0.002993464469909668,48,0.0,
Hopfield,4,2,26,0.0,0.75,3.409385681152344e-05,0.00024449825286865234,16,0.1,
QAM,4,2,26,0.5,0.625,2.1058781147003174,0.0029360055923461914,48,0.1,
Hopfield,4,2,26,0.0,0.75,3.409385681152344e-05,0.0002740621566772461,16,0.2,
QAM,4,2,26,0.5,0.625,2.1058781147003174,0.0030319690704345703,48,0.2,
Hopfield,4,2,26,0.0,0.75,3.409385681152344e-05,0.00024950504302978516,16,0.3,
QAM,4,2,26,0.5,0.625,2.1058781147003174,0.0029414892196655273,48,0.3,
Hopfield,4,2,27,0.5,0.875,3.790855407714844e-05,0.0002644062042236328,16,0.0,
QAM,4,2,27,0.5,0.875,1.737076997756958,0.0029054880142211914,48,0.0,
Hopfield,4,2,27,0.5,0.875,3.790855407714844e-05,0.00024700164794921875,16,0.1,
QAM,4,2,27,0.5,0.875,1.737076997756958,0.002828359603881836,48,0.1,
Hopfield,4,2,27,0.5,0.5,3.790855407714844e-05,0.0002384185791015625,16,0.2,
QAM,4,2,27,0.5,0.875,1.737076997756958,0.0028235912322998047,48,0.2,
Hopfield,4,2,27,0.0,0.125,3.790855407714844e-05,0.00023603439331054688,16,0.3,
QAM,4,2,27,0.5,0.875,1.737076997756958,0.002828359603881836,48,0.3,
Hopfield,4,2,28,0.5,0.875,3.2901763916015625e-05,0.0002510547637939453,16,0.0,
QAM,4,2,28,0.5,0.875,2.150876998901367,0.002783536911010742,48,0.0,
Hopfield,4,2,28,0.5,0.875,3.2901763916015625e-05,0.0002655982971191406,16,0.1,
QAM,4,2,28,0.5,0.875,2.150876998901367,0.0027848482131958008,48,0.1,
Hopfield,4,2,28,0.5,0.875,3.2901763916015625e-05,0.0002454519271850586,16,0.2,
QAM,4,2,28,0.5,0.875,2.150876998901367,0.002794981002807617,48,0.2,
Hopfield,4,2,28,0.5,0.875,3.2901763916015625e-05,0.00024056434631347656,16,0.3,
QAM,4,2,28,0.5,0.875,2.150876998901367,0.002769947052001953,48,0.3,
Hopfield,4,2,29,1.0,1.0,3.1948089599609375e-05,0.0002675056457519531,16,0.0,
QAM,4,2,29,0.0,0.5,1.4897730350494385,0.0029050111770629883,48,0.0,
Hopfield,4,2,29,1.0,1.0,3.1948089599609375e-05,0.00024187564849853516,16,0.1,
QAM,4,2,29,0.0,0.5,1.4897730350494385,0.0029425621032714844,48,0.1,
Hopfield,4,2,29,1.0,1.0,3.1948089599609375e-05,0.00024497509002685547,16,0.2,
QAM,4,2,29,0.0,0.5,1.4897730350494385,0.0028275251388549805,48,0.2,
Hopfield,4,2,29,0.5,0.5,3.1948089599609375e-05,0.0002675056457519531,16,0.3,
QAM,4,2,29,0.0,0.5,1.4897730350494385,0.002829909324645996,48,0.3,
Hopfield,6,3,0,1.0,1.0,3.981590270996094e-05,0.00034236907958984375,36,0.0,
QAM,6,3,0,0.0,0.7777777777777778,10.972253799438477,0.005842924118041992,108,0.0,
Hopfield,6,3,0,1.0,1.0,3.981590270996094e-05,0.00032830238342285156,36,0.1,
QAM,6,3,0,0.0,0.7777777777777778,10.972253799438477,0.005849043528238933,108,0.1,
Hopfield,6,3,0,1.0,1.0,3.981590270996094e-05,0.0003314018249511719,36,0.2,
QAM,6,3,0,0.0,0.7777777777777778,10.972253799438477,0.0058600107828776045,108,0.2,
Hopfield,6,3,0,0.0,0.5555555555555555,3.981590270996094e-05,0.0003269513448079427,36,0.3,
QAM,6,3,0,0.0,0.7777777777777778,10.972253799438477,0.005826314290364583,108,0.3,
Hopfield,6,3,1,0.6666666666666666,0.9444444444444445,4.220008850097656e-05,0.00033537546793619793,36,0.0,
QAM,6,3,1,0.3333333333333333,0.7222222222222222,10.812398910522461,0.0058176517486572266,108,0.0,
Hopfield,6,3,1,0.6666666666666666,0.9444444444444445,4.220008850097656e-05,0.00034435590108235675,36,0.1,
QAM,6,3,1,0.3333333333333333,0.7222222222222222,10.812398910522461,0.005877017974853516,108,0.1,
Hopfield,6,3,1,0.0,0.5,4.220008850097656e-05,0.00033434232076009113,36,0.2,
QAM,6,3,1,0.3333333333333333,0.7222222222222222,10.812398910522461,0.005868275960286458,108,0.2,
Hopfield,6,3,1,0.3333333333333333,0.6111111111111112,4.220008850097656e-05,0.00032560030619303387,36,0.3,
QAM,6,3,1,0.3333333333333333,0.7222222222222222,10.812398910522461,0.005791107813517253,108,0.3,
Hopfield,6,3,2,1.0,1.0,4.1961669921875e-05,0.0003440380096435547,36,0.0,
QAM,6,3,2,0.0,0.7222222222222222,10.946893692016602,0.005888303120930989,108,0.0,
Hopfield,6,3,2,1.0,1.0,4.1961669921875e-05,0.00032941500345865887,36,0.1,
QAM,6,3,2,0.0,0.7222222222222222,10.946893692016602,0.006322622299194336,108,0.1,
Hopfield,6,3,2,1.0,1.0,4.1961669921875e-05,0.00047008196512858075,36,0.2,
QAM,6,3,2,0.0,0.7222222222222222,10.946893692016602,0.006330649058024089,108,0.2,
Hopfield,6,3,2,0.3333333333333333,0.6666666666666666,4.1961669921875e-05,0.0003314018249511719,36,0.3,
QAM,6,3,2,0.0,0.7222222222222222,10.946893692016602,0.006001631418863933,108,0.3,
Hopfield,6,3,3,0.3333333333333333,0.888888888888889,4.100799560546875e-05,0.00033704439798990887,36,0.0,
QAM,6,3,3,0.0,0.611111111111111,10.968385934829712,0.005864699681599935,108,0.0,
Hopfield,6,3,3,0.3333333333333333,0.888888888888889,4.100799560546875e-05,0.00033100446065266925,36,0.1,
QAM,6,3,3,0.0,0.611111111111111,10.968385934829712,0.005872090657552083,108,0.1,
Hopfield,6,3,3,0.3333333333333333,0.6666666666666666,4.100799560546875e-05,0.00032901763916015625,36,0.2,
QAM,6,3,3,0.0,0.611111111111111,10.968385934829712,0.005865335464477539,108,0.2,
Hopfield,6,3,3,0.3333333333333333,0.888888888888889,4.100799560546875e-05,0.00033100446065266925,36,0.3,
QAM,6,3,3,0.0,0.611111111111111,10.968385934829712,0.005819638570149739,108,0.3,
Hopfield,6,3,4,0.6666666666666666,0.9444444444444445,4.124641418457031e-05,0.0003348986307779948,36,0.0,
QAM,6,3,4,0.0,0.6666666666666666,10.729394912719727,0.0058136781056722,108,0.0,
Hopfield,6,3,4,0.6666666666666666,0.9444444444444445,4.124641418457031e-05,0.00032893816630045575,36,0.1,
QAM,6,3,4,0.0,0.6666666666666666,10.729394912719727,0.005862077077229817,108,0.1,
Hopfield,6,3,4,0.3333333333333333,0.7222222222222223,4.124641418457031e-05,0.00034467379252115887,36,0.2,
QAM,6,3,4,0.0,0.6666666666666666,10.729394912719727,0.0058440367380778,108,0.2,
Hopfield,6,3,4,0.3333333333333333,0.5,4.124641418457031e-05,0.00032265981038411457,36,0.3,
QAM,6,3,4,0.0,0.6666666666666666,10.729394912719727,0.005789915720621745,108,0.3,
Hopfield,6,3,5,1.0,1.0,4.696846008300781e-05,0.00034499168395996094,36,0.0,
QAM,6,3,5,0.0,0.7777777777777778,10.921174764633179,0.006027380625406901,108,0.0,
Hopfield,6,3,5,0.3333333333333333,0.6666666666666666,4.696846008300781e-05,0.0003322760264078776,36,0.1,
QAM,6,3,5,0.0,0.7777777777777778,10.921174764633179,0.005955616633097331,108,0.1,
Hopfield,6,3,5,0.3333333333333333,0.7222222222222222,4.696846008300781e-05,0.0003314018249511719,36,0.2,
QAM,6,3,5,0.0,0.7777777777777778,10.921174764633179,0.005823294321695964,108,0.2,
Hopfield,6,3,5,0.3333333333333333,0.5,4.696846008300781e-05,0.00033934911092122394,36,0.3,
QAM,6,3,5,0.0,0.7777777777777778,10.921174764633179,0.005817731221516927,108,0.3,
Hopfield,6,3,6,0.6666666666666666,0.9444444444444445,4.00543212890625e-05,0.0003383159637451172,36,0.0,
QAM,6,3,6,0.0,0.6666666666666666,10.754728317260742,0.005795717239379883,108,0.0,
Hopfield,6,3,6,0.6666666666666666,0.9444444444444445,4.00543212890625e-05,0.0003306865692138672,36,0.1,
QAM,6,3,6,0.0,0.6666666666666666,10.754728317260742,0.005810260772705078,108,0.1,
Hopfield,6,3,6,0.3333333333333333,0.8333333333333334,4.00543212890625e-05,0.0003253618876139323,36,0.2,
QAM,6,3,6,0.0,0.6666666666666666,10.754728317260742,0.005842924118041992,108,0.2,
Hopfield,6,3,6,0.3333333333333333,0.8333333333333334,4.00543212890625e-05,0.0003319581349690755,36,0.3,
QAM,6,3,6,0.0,0.6666666666666666,10.754728317260742,0.005759318669637044,108,0.3,
Hopfield,6,3,7,0.6666666666666666,0.9444444444444445,3.981590270996094e-05,0.000337680180867513,36,0.0,
QAM,6,3,7,0.3333333333333333,0.8333333333333334,10.734972953796387,0.005882660547892253,108,0.0,
Hopfield,6,3,7,0.3333333333333333,0.7222222222222223,3.981590270996094e-05,0.00033537546793619793,36,0.1,
QAM,6,3,7,0.3333333333333333,0.8333333333333334,10.734972953796387,0.00589760144551595,108,0.1,
Hopfield,6,3,7,0.6666666666666666,0.9444444444444445,3.981590270996094e-05,0.0003293355305989583,36,0.2,
QAM,6,3,7,0.3333333333333333,0.8333333333333334,10.734972953796387,0.005843718846638997,108,0.2,
Hopfield,6,3,7,0.6666666666666666,0.9444444444444445,3.981590270996094e-05,0.00033100446065266925,36,0.3,
QAM,6,3,7,0.3333333333333333,0.8333333333333334,10.734972953796387,0.005802631378173828,108,0.3,
Hopfield,6,3,8,0.6666666666666666,0.9444444444444445,3.981590270996094e-05,0.000337680180867513,36,0.0,
QAM,6,3,8,0.3333333333333333,0.7222222222222222,10.80599308013916,0.005803743998209636,108,0.0,
Hopfield,6,3,8,0.6666666666666666,0.9444444444444445,3.981590270996094e-05,0.0003536542256673177,36,0.1,
QAM,6,3,8,0.3333333333333333,0.7222222222222222,10.80599308013916,0.0058070023854573565,108,0.1,
Hopfield,6,3,8,0.0,0.5,3.981590270996094e-05,0.000335693359375,36,0.2,
QAM,6,3,8,0.3333333333333333,0.7222222222222222,10.80599308013916,0.005802710851033528,108,0.2,
Hopfield,6,3,8,0.3333333333333333,0.8333333333333334,3.981590270996094e-05,0.0003243287404378255,36,0.3,
QAM,6,3,8,0.3333333333333333,0.7222222222222222,10.80599308013916,0.005782365798950195,108,0.3,
Hopfield,6,3,9,1.0,1.0,4.00543212890625e-05,0.0003410180409749349,36,0.0,
QAM,6,3,9,0.0,0.7777777777777778,10.642283916473389,0.005849043528238933,108,0.0,
Hopfield,6,3,9,0.6666666666666666,0.8888888888888888,4.00543212890625e-05,0.0003314018249511719,36,0.1,
QAM,6,3,9,0.0,0.7777777777777778,10.642283916473389,0.0058972835540771484,108,0.1,
Hopfield,6,3,9,0.6666666666666666,0.7777777777777777,4.00543212890625e-05,0.0003276666005452474,36,0.2,
QAM,6,3,9,0.0,0.7777777777777778,10.642283916473389,0.005849361419677734,108,0.2,
Hopfield,6,3,9,0.0,0.5,4.00543212890625e-05,0.00039831797281901043,36,0.3,
QAM,6,3,9,0.0,0.7777777777777778,10.642283916473389,0.006408294041951497,108,0.3,
Hopfield,6,3,10,0.6666666666666666,0.8888888888888888,4.8160552978515625e-05,0.0003426869710286458,36,0.0,
QAM,6,3,10,0.3333333333333333,0.6666666666666666,11.065371990203857,0.0059966246287028,108,0.0,
Hopfield,6,3,10,0.6666666666666666,0.8888888888888888,4.8160552978515625e-05,0.00033132235209147137,36,0.1,
QAM,6,3,10,0.3333333333333333,0.6666666666666666,11.065371990203857,0.00591127077738444,108,0.1,
Hopfield,6,3,10,0.6666666666666666,0.8888888888888888,4.8160552978515625e-05,0.0003395875295003255,36,0.2,
QAM,6,3,10,0.3333333333333333,0.6666666666666666,11.065371990203857,0.005870660146077474,108,0.2,
Hopfield,6,3,10,0.6666666666666666,0.8888888888888888,4.8160552978515625e-05,0.00032631556193033856,36,0.3,
QAM,6,3,10,0.3333333333333333,0.6666666666666666,11.065371990203857,0.005828062693277995,108,0.3,
Hopfield,6,3,11,0.6666666666666666,0.9444444444444445,4.029273986816406e-05,0.00033728281656901043,36,0.0,
QAM,6,3,11,0.3333333333333333,0.8333333333333334,10.798616886138916,0.005887587865193685,108,0.0,
Hopfield,6,3,11,0.6666666666666666,0.9444444444444445,4.029273986816406e-05,0.0003333886464436849,36,0.1,
QAM,6,3,11,0.3333333333333333,0.8333333333333334,10.798616886138916,0.0060923099517822266,108,0.1,
Hopfield,6,3,11,0.6666666666666666,0.8333333333333334,4.029273986816406e-05,0.00036271413167317707,36,0.2,
QAM,6,3,11,0.3333333333333333,0.8333333333333334,10.798616886138916,0.006927013397216797,108,0.2,
Hopfield,6,3,11,0.0,0.3888888888888889,4.029273986816406e-05,0.0003476142883300781,36,0.3,
QAM,6,3,11,0.3333333333333333,0.8333333333333334,10.798616886138916,0.006593624750773112,108,0.3,
Hopfield,6,3,12,1.0,1.0,4.267692565917969e-05,0.0003390312194824219,36,0.0,
QAM,6,3,12,0.0,0.7777777777777778,10.748530149459839,0.005813042322794597,108,0.0,
Hopfield,6,3,12,0.3333333333333333,0.7222222222222222,4.267692565917969e-05,0.0003470579783121745,36,0.1,
QAM,6,3,12,0.0,0.7777777777777778,10.748530149459839,0.005851030349731445,108,0.1,
Hopfield,6,3,12,0.3333333333333333,0.6666666666666666,4.267692565917969e-05,0.00033434232076009113,36,0.2,
QAM,6,3,12,0.0,0.7777777777777778,10.748530149459839,0.005828301111857097,108,0.2,
Hopfield,6,3,12,0.6666666666666666,0.6666666666666666,4.267692565917969e-05,0.00032671292622884113,36,0.3,
QAM,6,3,12,0.0,0.7777777777777778,10.748530149459839,0.005792697270711263,108,0.3,
Hopfield,6,3,13,1.0,1.0,3.910064697265625e-05,0.0003426869710286458,36,0.0,
QAM,6,3,13,0.3333333333333333,0.6666666666666666,10.770992040634155,0.005939642588297526,108,0.0,
Hopfield,6,3,13,0.6666666666666666,0.8333333333333334,3.910064697265625e-05,0.0003306865692138672,36,0.1,
QAM,6,3,13,0.3333333333333333,0.6666666666666666,10.770992040634155,0.0058472951253255205,108,0.1,
Hopfield,6,3,13,1.0,1.0,3.910064697265625e-05,0.0003383159637451172,36,0.2,
QAM,6,3,13,0.3333333333333333,0.6666666666666666,10.770992040634155,0.005836645762125651,108,0.2,
Hopfield,6,3,13,1.0,1.0,3.910064697265625e-05,0.00032631556193033856,36,0.3,
QAM,6,3,13,0.3333333333333333,0.6666666666666666,10.770992040634155,0.005798021952311198,108,0.3,
Hopfield,6,3,14,1.0,1.0,4.124641418457031e-05,0.00036334991455078125,36,0.0,
QAM,6,3,14,0.0,0.7222222222222222,10.835323333740234,0.006914615631103516,108,0.0,
Hopfield,6,3,14,1.0,1.0,4.124641418457031e-05,0.0005443890889485677,36,0.1,
QAM,6,3,14,0.0,0.7222222222222222,10.835323333740234,0.006678024927775065,108,0.1,
Hopfield,6,3,14,1.0,1.0,4.124641418457031e-05,0.0003356138865152995,36,0.2,
QAM,6,3,14,0.0,0.7222222222222222,10.835323333740234,0.007013718287150065,108,0.2,
Hopfield,6,3,14,0.3333333333333333,0.7222222222222222,4.124641418457031e-05,0.00036295255025227863,36,0.3,
QAM,6,3,14,0.0,0.7222222222222222,10.835323333740234,0.006302674611409505,108,0.3,
Hopfield,6,3,15,0.6666666666666666,0.8888888888888888,4.506111145019531e-05,0.0003399848937988281,36,0.0,
QAM,6,3,15,0.3333333333333333,0.6666666666666666,10.707182168960571,0.0058476924896240234,108,0.0,
Hopfield,6,3,15,0.6666666666666666,0.8888888888888888,4.506111145019531e-05,0.0003299713134765625,36,0.1,
QAM,6,3,15,0.3333333333333333,0.6666666666666666,10.707182168960571,0.005897998809814453,108,0.1,
Hopfield,6,3,15,0.3333333333333333,0.4444444444444444,4.506111145019531e-05,0.0003273487091064453,36,0.2,
QAM,6,3,15,0.3333333333333333,0.6666666666666666,10.707182168960571,0.0058863162994384766,108,0.2,
Hopfield,6,3,15,0.6666666666666666,0.8888888888888888,4.506111145019531e-05,0.0003410180409749349,36,0.3,
QAM,6,3,15,0.3333333333333333,0.6666666666666666,10.707182168960571,0.0058193206787109375,108,0.3,
Hopfield,6,3,16,0.6666666666666666,0.9444444444444445,4.482269287109375e-05,0.000345309575398763,36,0.0,
QAM,6,3,16,0.3333333333333333,0.8333333333333334,10.655528783798218,0.00596769650777181,108,0.0,
Hopfield,6,3,16,0.6666666666666666,0.9444444444444445,4.482269287109375e-05,0.0003352959950764974,36,0.1,
QAM,6,3,16,0.3333333333333333,0.8333333333333334,10.655528783798218,0.0058663686116536455,108,0.1,
Hopfield,6,3,16,0.3333333333333333,0.8333333333333334,4.482269287109375e-05,0.0003303686777750651,36,0.2,
QAM,6,3,16,0.3333333333333333,0.8333333333333334,10.655528783798218,0.0058943430582682295,108,0.2,
Hopfield,6,3,16,0.3333333333333333,0.8333333333333334,4.482269287109375e-05,0.0003437201182047526,36,0.3,
QAM,6,3,16,0.3333333333333333,0.8333333333333334,10.655528783798218,0.005814075469970703,108,0.3,
Hopfield,6,3,17,1.0,1.0,4.00543212890625e-05,0.0003356138865152995,36,0.0,
QAM,6,3,17,0.0,0.7777777777777778,10.64031171798706,0.005823373794555664,108,0.0,
Hopfield,6,3,17,1.0,1.0,4.00543212890625e-05,0.00033466021219889325,36,0.1,
QAM,6,3,17,0.0,0.7777777777777778,10.64031171798706,0.0058604081471761065,108,0.1,
Hopfield,6,3,17,0.6666666666666666,0.8333333333333334,4.00543212890625e-05,0.0003319581349690755,36,0.2,
QAM,6,3,17,0.0,0.7777777777777778,10.64031171798706,0.005852063496907552,108,0.2,
Hopfield,6,3,17,0.3333333333333333,0.6666666666666666,4.00543212890625e-05,0.0003319581349690755,36,0.3,
QAM,6,3,17,0.0,0.7777777777777778,10.64031171798706,0.005814313888549805,108,0.3,
Hopfield,6,3,18,0.3333333333333333,0.888888888888889,4.00543212890625e-05,0.0003369649251302083,36,0.0,
QAM,6,3,18,0.3333333333333333,0.7222222222222223,10.584533929824829,0.005810340245564778,108,0.0,
Hopfield,6,3,18,0.3333333333333333,0.888888888888889,4.00543212890625e-05,0.00033466021219889325,36,0.1,
QAM,6,3,18,0.3333333333333333,0.7222222222222223,10.584533929824829,0.00584562619527181,108,0.1,
Hopfield,6,3,18,0.3333333333333333,0.888888888888889,4.00543212890625e-05,0.0003275871276855469,36,0.2,
QAM,6,3,18,0.3333333333333333,0.7222222222222223,10.584533929824829,0.005846738815307617,108,0.2,
Hopfield,6,3,18,0.3333333333333333,0.888888888888889,4.00543212890625e-05,0.00032703081766764325,36,0.3,
QAM,6,3,18,0.3333333333333333,0.7222222222222223,10.584533929824829,0.005795001983642578,108,0.3,
Hopfield,6,3,19,0.6666666666666666,0.9444444444444445,4.291534423828125e-05,0.00034197171529134113,36,0.0,
QAM,6,3,19,0.3333333333333333,0.7222222222222222,10.661433935165405,0.005963325500488281,108,0.0,
Hopfield,6,3,19,0.6666666666666666,0.9444444444444445,4.291534423828125e-05,0.00032901763916015625,36,0.1,
QAM,6,3,19,0.3333333333333333,0.7222222222222222,10.661433935165405,0.00591731071472168,108,0.1,
Hopfield,6,3,19,0.6666666666666666,0.7222222222222223,4.291534423828125e-05,0.00034300486246744793,36,0.2,
QAM,6,3,19,0.3333333333333333,0.7222222222222222,10.661433935165405,0.005889018376668294,108,0.2,
Hopfield,6,3,19,0.0,0.5,4.291534423828125e-05,0.00032893816630045575,36,0.3,
QAM,6,3,19,0.3333333333333333,0.7222222222222222,10.661433935165405,0.005854368209838867,108,0.3,
Hopfield,6,3,20,0.6666666666666666,0.9444444444444445,3.910064697265625e-05,0.00034435590108235675,36,0.0,
QAM,6,3,20,0.3333333333333333,0.8333333333333334,10.659924983978271,0.0058440367380778,108,0.0,
Hopfield,6,3,20,0.6666666666666666,0.9444444444444445,3.910064697265625e-05,0.00032838185628255207,36,0.1,
QAM,6,3,20,0.3333333333333333,0.8333333333333334,10.659924983978271,0.005832592646280925,108,0.1,
Hopfield,6,3,20,0.3333333333333333,0.6111111111111112,3.910064697265625e-05,0.00032901763916015625,36,0.2,
QAM,6,3,20,0.3333333333333333,0.8333333333333334,10.659924983978271,0.0058163801829020185,108,0.2,
Hopfield,6,3,20,0.3333333333333333,0.8333333333333334,3.910064697265625e-05,0.00033672650655110675,36,0.3,
QAM,6,3,20,0.3333333333333333,0.8333333333333334,10.659924983978271,0.0057849884033203125,108,0.3,
Hopfield,6,3,21,0.6666666666666666,0.9444444444444445,4.029273986816406e-05,0.0003360907236735026,36,0.0,
QAM,6,3,21,0.0,0.6666666666666666,10.655258893966675,0.0058252811431884766,108,0.0,
Hopfield,6,3,21,0.6666666666666666,0.9444444444444445,4.029273986816406e-05,0.00032822291056315106,36,0.1,
QAM,6,3,21,0.0,0.6666666666666666,10.655258893966675,0.005888700485229492,108,0.1,
Hopfield,6,3,21,0.3333333333333333,0.7222222222222222,4.029273986816406e-05,0.0003350575764973958,36,0.2,
QAM,6,3,21,0.0,0.6666666666666666,10.655258893966675,0.005844990412394206,108,0.2,
Hopfield,6,3,21,0.3333333333333333,0.8333333333333334,4.029273986816406e-05,0.0003387133280436198,36,0.3,
QAM,6,3,21,0.0,0.6666666666666666,10.655258893966675,0.005781650543212891,108,0.3,
Hopfield,6,3,22,0.3333333333333333,0.888888888888889,4.1961669921875e-05,0.0003407001495361328,36,0.0,
QAM,6,3,22,0.3333333333333333,0.888888888888889,10.877347946166992,0.005918025970458984,108,0.0,
Hopfield,6,3,22,0.3333333333333333,0.888888888888889,4.1961669921875e-05,0.0003352959950764974,36,0.1,
QAM,6,3,22,0.3333333333333333,0.888888888888889,10.877347946166992,0.005892038345336914,108,0.1,
Hopfield,6,3,22,0.3333333333333333,0.888888888888889,4.1961669921875e-05,0.0003299713134765625,36,0.2,
QAM,6,3,22,0.3333333333333333,0.888888888888889,10.877347946166992,0.005828301111857097,108,0.2,
Hopfield,6,3,22,0.3333333333333333,0.6666666666666666,4.1961669921875e-05,0.00033434232076009113,36,0.3,
QAM,6,3,22,0.3333333333333333,0.888888888888889,10.877347946166992,0.005874951680501302,108,0.3,
Hopfield,6,3,23,0.6666666666666666,0.9444444444444445,4.100799560546875e-05,0.000337680180867513,36,0.0,
QAM,6,3,23,0.3333333333333333,0.7222222222222222,10.644012928009033,0.005834658940633138,108,0.0,
Hopfield,6,3,23,0.6666666666666666,0.9444444444444445,4.100799560546875e-05,0.00033402442932128906,36,0.1,
QAM,6,3,23,0.3333333333333333,0.7222222222222222,10.644012928009033,0.005861997604370117,108,0.1,
Hopfield,6,3,23,0.0,0.3888888888888889,4.100799560546875e-05,0.0003490447998046875,36,0.2,
QAM,6,3,23,0.3333333333333333,0.7222222222222222,10.644012928009033,0.005868275960286458,108,0.2,
Hopfield,6,3,23,0.3333333333333333,0.7222222222222223,4.100799560546875e-05,0.00033100446065266925,36,0.3,
QAM,6,3,23,0.3333333333333333,0.7222222222222222,10.644012928009033,0.005826632181803386,108,0.3,
Hopfield,6,3,24,0.6666666666666666,0.9444444444444445,4.220008850097656e-05,0.000341335932413737,36,0.0,
QAM,6,3,24,0.3333333333333333,0.7222222222222222,10.756203174591064,0.005852937698364258,108,0.0,
Hopfield,6,3,24,0.3333333333333333,0.8333333333333334,4.220008850097656e-05,0.00033171971638997394,36,0.1,
QAM,6,3,24,0.3333333333333333,0.7222222222222222,10.756203174591064,0.0058600107828776045,108,0.1,
Hopfield,6,3,24,0.6666666666666666,0.9444444444444445,4.220008850097656e-05,0.00032337506612141925,36,0.2,
QAM,6,3,24,0.3333333333333333,0.7222222222222222,10.756203174591064,0.005871693293253581,108,0.2,
Hopfield,6,3,24,0.6666666666666666,0.9444444444444445,4.220008850097656e-05,0.0003322760264078776,36,0.3,
QAM,6,3,24,0.3333333333333333,0.7222222222222222,10.756203174591064,0.005796670913696289,108,0.3,
Hopfield,6,3,25,1.0,1.0,3.981590270996094e-05,0.00034538904825846356,36,0.0,
QAM,6,3,25,0.3333333333333333,0.7777777777777777,10.80529522895813,0.005844672520955403,108,0.0,
Hopfield,6,3,25,1.0,1.0,3.981590270996094e-05,0.0003326733907063802,36,0.1,
QAM,6,3,25,0.3333333333333333,0.7777777777777777,10.80529522895813,0.005873282750447591,108,0.1,
Hopfield,6,3,25,0.3333333333333333,0.7777777777777777,3.981590270996094e-05,0.00033171971638997394,36,0.2,
QAM,6,3,25,0.3333333333333333,0.7777777777777777,10.80529522895813,0.005792935689290364,108,0.2,
Hopfield,6,3,25,0.0,0.4444444444444444,3.981590270996094e-05,0.00032599767049153644,36,0.3,
QAM,6,3,25,0.3333333333333333,0.7777777777777777,10.80529522895813,0.005795001983642578,108,0.3,
Hopfield,6,3,26,0.6666666666666666,0.9444444444444445,4.100799560546875e-05,0.0003387133280436198,36,0.0,
QAM,6,3,26,0.0,0.6666666666666666,10.60546612739563,0.005840698877970378,108,0.0,
Hopfield,6,3,26,0.6666666666666666,0.9444444444444445,4.100799560546875e-05,0.0003273487091064453,36,0.1,
QAM,6,3,26,0.0,0.6666666666666666,10.60546612739563,0.0058939456939697266,108,0.1,
Hopfield,6,3,26,0.6666666666666666,0.9444444444444445,4.100799560546875e-05,0.0003333091735839844,36,0.2,
QAM,6,3,26,0.0,0.6666666666666666,10.60546612739563,0.005916992823282878,108,0.2,
Hopfield,6,3,26,0.6666666666666666,0.8333333333333334,4.100799560546875e-05,0.00032631556193033856,36,0.3,
QAM,6,3,26,0.0,0.6666666666666666,10.60546612739563,0.005832672119140625,108,0.3,
Hopfield,6,3,27,1.0,1.0,3.981590270996094e-05,0.00036462148030598957,36,0.0,
QAM,6,3,27,0.0,0.7222222222222222,10.603705167770386,0.005984385808308919,108,0.0,
Hopfield,6,3,27,1.0,1.0,3.981590270996094e-05,0.000330050786336263,36,0.1,
QAM,6,3,27,0.0,0.7222222222222222,10.603705167770386,0.0059206485748291016,108,0.1,
Hopfield,6,3,27,0.6666666666666666,0.8333333333333334,3.981590270996094e-05,0.0003387133280436198,36,0.2,
QAM,6,3,27,0.0,0.7222222222222222,10.603705167770386,0.005855242411295573,108,0.2,
Hopfield,6,3,27,0.6666666666666666,0.8333333333333334,3.981590270996094e-05,0.00033132235209147137,36,0.3,
QAM,6,3,27,0.0,0.7222222222222222,10.603705167770386,0.005858103434244792,108,0.3,
Hopfield,6,3,28,1.0,1.0,4.1961669921875e-05,0.0003369649251302083,36,0.0,
QAM,6,3,28,0.0,0.7777777777777778,10.864216804504395,0.005807081858317058,108,0.0,
Hopfield,6,3,28,0.6666666666666666,0.8888888888888888,4.1961669921875e-05,0.00034499168395996094,36,0.1,
QAM,6,3,28,0.0,0.7777777777777778,10.864216804504395,0.005819400151570638,108,0.1,
Hopfield,6,3,28,0.0,0.49999999999999994,4.1961669921875e-05,0.0003293355305989583,36,0.2,
QAM,6,3,28,0.0,0.7777777777777778,10.864216804504395,0.0058413346608479815,108,0.2,
Hopfield,6,3,28,0.6666666666666666,0.8333333333333334,4.1961669921875e-05,0.000326077143351237,36,0.3,
QAM,6,3,28,0.0,0.7777777777777778,10.864216804504395,0.005801677703857422,108,0.3,
Hopfield,6,3,29,0.0,0.8333333333333334,4.076957702636719e-05,0.00035262107849121094,36,0.0,
QAM,6,3,29,0.0,0.7222222222222223,10.82097601890564,0.006271680196126302,108,0.0,
Hopfield,6,3,29,0.0,0.8333333333333334,4.076957702636719e-05,0.00033895174662272137,36,0.1,
QAM,6,3,29,0.0,0.7222222222222223,10.82097601890564,0.006311337153116862,108,0.1,
Hopfield,6,3,29,0.0,0.6111111111111112,4.076957702636719e-05,0.00032965342203776043,36,0.2,
QAM,6,3,29,0.0,0.7222222222222223,10.82097601890564,0.006023327509562175,108,0.2,
Hopfield,6,3,29,0.0,0.8333333333333334,4.076957702636719e-05,0.0003387133280436198,36,0.3,
QAM,6,3,29,0.0,0.7222222222222223,10.82097601890564,0.005930344263712565,108,0.3,
Hopfield,8,4,0,0.25,0.84375,4.982948303222656e-05,0.000417172908782959,64,0.0,
QAM,8,4,0,0.0,0.71875,14.584269046783447,0.007956504821777344,144,0.0,
Hopfield,8,4,0,0.25,0.84375,4.982948303222656e-05,0.0004132390022277832,64,0.1,
QAM,8,4,0,0.0,0.71875,14.584269046783447,0.007928013801574707,144,0.1,
Hopfield,8,4,0,0.25,0.71875,4.982948303222656e-05,0.00041556358337402344,64,0.2,
QAM,8,4,0,0.0,0.71875,14.584269046783447,0.007842957973480225,144,0.2,
Hopfield,8,4,0,0.0,0.46875,4.982948303222656e-05,0.0004197359085083008,64,0.3,
QAM,8,4,0,0.0,0.71875,14.584269046783447,0.007839739322662354,144,0.3,
Hopfield,8,4,1,0.25,0.78125,4.601478576660156e-05,0.00042450428009033203,64,0.0,
QAM,8,4,1,0.25,0.6875,14.644495964050293,0.008066713809967041,144,0.0,
Hopfield,8,4,1,0.25,0.78125,4.601478576660156e-05,0.0004184842109680176,64,0.1,
QAM,8,4,1,0.25,0.6875,14.644495964050293,0.008314251899719238,144,0.1,
Hopfield,8,4,1,0.25,0.78125,4.601478576660156e-05,0.00043380260467529297,64,0.2,
QAM,8,4,1,0.25,0.6875,14.644495964050293,0.008230447769165039,144,0.2,
Hopfield,8,4,1,0.0,0.40625,4.601478576660156e-05,0.0004252791404724121,64,0.3,
QAM,8,4,1,0.25,0.6875,14.644495964050293,0.008419990539550781,144,0.3,
Hopfield,8,4,2,0.5,0.9375,5.1975250244140625e-05,0.0004310011863708496,64,0.0,
QAM,8,4,2,0.0,0.625,14.70276689529419,0.008157491683959961,144,0.0,
Hopfield,8,4,2,0.5,0.9375,5.1975250244140625e-05,0.000436246395111084,64,0.1,
QAM,8,4,2,0.0,0.625,14.70276689529419,0.008115231990814209,144,0.1,
Hopfield,8,4,2,0.5,0.9375,5.1975250244140625e-05,0.0004137754440307617,64,0.2,
QAM,8,4,2,0.0,0.625,14.70276689529419,0.007867157459259033,144,0.2,
Hopfield,8,4,2,0.0,0.375,5.1975250244140625e-05,0.00041478872299194336,64,0.3,
QAM,8,4,2,0.0,0.625,14.70276689529419,0.007886767387390137,144,0.3,
Hopfield,8,4,3,0.75,0.9375,5.0067901611328125e-05,0.0004169940948486328,64,0.0,
QAM,8,4,3,0.25,0.625,14.54920482635498,0.007896780967712402,144,0.0,
Hopfield,8,4,3,0.75,0.9375,5.0067901611328125e-05,0.00042897462844848633,64,0.1,
QAM,8,4,3,0.25,0.625,14.54920482635498,0.007818281650543213,144,0.1,
Hopfield,8,4,3,0.75,0.9375,5.0067901611328125e-05,0.00041300058364868164,64,0.2,
QAM,8,4,3,0.25,0.625,14.54920482635498,0.007825970649719238,144,0.2,
Hopfield,8,4,3,0.5,0.75,5.0067901611328125e-05,0.0004087686538696289,64,0.3,
QAM,8,4,3,0.25,0.625,14.54920482635498,0.00778651237487793,144,0.3,
Hopfield,8,4,4,0.75,0.96875,4.696846008300781e-05,0.0004214644432067871,64,0.0,
QAM,8,4,4,0.0,0.6875,14.635126113891602,0.007911503314971924,144,0.0,
Hopfield,8,4,4,0.25,0.84375,4.696846008300781e-05,0.0004106760025024414,64,0.1,
QAM,8,4,4,0.0,0.6875,14.635126113891602,0.007864773273468018,144,0.1,
Hopfield,8,4,4,0.5,0.75,4.696846008300781e-05,0.00041222572326660156,64,0.2,
QAM,8,4,4,0.0,0.6875,14.635126113891602,0.007830500602722168,144,0.2,
Hopfield,8,4,4,0.25,0.46875,4.696846008300781e-05,0.0004099607467651367,64,0.3,
QAM,8,4,4,0.0,0.6875,14.635126113891602,0.007842779159545898,144,0.3,
Hopfield,8,4,5,0.75,0.9375,5.698204040527344e-05,0.00044220685958862305,64,0.0,
QAM,8,4,5,0.0,0.6875,14.435288906097412,0.007954001426696777,144,0.0,
Hopfield,8,4,5,0.5,0.875,5.698204040527344e-05,0.0004240274429321289,64,0.1,
QAM,8,4,5,0.0,0.6875,14.435288906097412,0.00787973403930664,144,0.1,
Hopfield,8,4,5,0.5,0.8125,5.698204040527344e-05,0.00041800737380981445,64,0.2,
QAM,8,4,5,0.0,0.6875,14.435288906097412,0.007858574390411377,144,0.2,
Hopfield,8,4,5,0.5,0.8125,5.698204040527344e-05,0.0004290342330932617,64,0.3,
QAM,8,4,5,0.0,0.6875,14.435288906097412,0.007835745811462402,144,0.3,
Hopfield,8,4,6,0.25,0.78125,4.8160552978515625e-05,0.0004298090934753418,64,0.0,
QAM,8,4,6,0.0,0.71875,14.634124994277954,0.007892012596130371,144,0.0,
Hopfield,8,4,6,0.25,0.78125,4.8160552978515625e-05,0.00041556358337402344,64,0.1,
QAM,8,4,6,0.0,0.71875,14.634124994277954,0.007831990718841553,144,0.1,
Hopfield,8,4,6,0.25,0.78125,4.8160552978515625e-05,0.00041347742080688477,64,0.2,
QAM,8,4,6,0.0,0.71875,14.634124994277954,0.007811784744262695,144,0.2,
Hopfield,8,4,6,0.25,0.53125,4.8160552978515625e-05,0.0004124641418457031,64,0.3,
QAM,8,4,6,0.0,0.71875,14.634124994277954,0.007776737213134766,144,0.3,
Hopfield,8,4,7,0.5,0.9375,6.103515625e-05,0.0004302859306335449,64,0.0,
QAM,8,4,7,0.0,0.78125,15.750951051712036,0.008030951023101807,144,0.0,
Hopfield,8,4,7,0.25,0.84375,6.103515625e-05,0.0004114508628845215,64,0.1,
QAM,8,4,7,0.0,0.78125,15.750951051712036,0.007913529872894287,144,0.1,
Hopfield,8,4,7,0.25,0.84375,6.103515625e-05,0.00040727853775024414,64,0.2,
QAM,8,4,7,0.0,0.78125,15.750951051712036,0.00782996416091919,144,0.2,
Hopfield,8,4,7,0.5,0.71875,6.103515625e-05,0.00041347742080688477,64,0.3,
QAM,8,4,7,0.0,0.78125,15.750951051712036,0.007832527160644531,144,0.3,
Hopfield,8,4,8,0.5,0.9375,4.673004150390625e-05,0.00043320655822753906,64,0.0,
QAM,8,4,8,0.0,0.59375,14.8145911693573,0.007968783378601074,144,0.0,
Hopfield,8,4,8,0.5,0.9375,4.673004150390625e-05,0.00041353702545166016,64,0.1,
QAM,8,4,8,0.0,0.59375,14.8145911693573,0.007844746112823486,144,0.1,
Hopfield,8,4,8,0.25,0.71875,4.673004150390625e-05,0.0004124641418457031,64,0.2,
QAM,8,4,8,0.0,0.59375,14.8145911693573,0.007870018482208252,144,0.2,
Hopfield,8,4,8,0.0,0.46875,4.673004150390625e-05,0.0004127025604248047,64,0.3,
QAM,8,4,8,0.0,0.59375,14.8145911693573,0.007871747016906738,144,0.3,
Hopfield,8,4,9,0.25,0.875,4.8160552978515625e-05,0.00042933225631713867,64,0.0,
QAM,8,4,9,0.0,0.71875,14.7208731174469,0.007971465587615967,144,0.0,
Hopfield,8,4,9,0.25,0.875,4.8160552978515625e-05,0.0004115104675292969,64,0.1,
QAM,8,4,9,0.0,0.71875,14.7208731174469,0.007891535758972168,144,0.1,
Hopfield,8,4,9,0.25,0.875,4.8160552978515625e-05,0.0004125237464904785,64,0.2,
QAM,8,4,9,0.0,0.71875,14.7208731174469,0.007825195789337158,144,0.2,
Hopfield,8,4,9,0.25,0.75,4.8160552978515625e-05,0.00040918588638305664,64,0.3,
QAM,8,4,9,0.0,0.71875,14.7208731174469,0.007860779762268066,144,0.3,
Hopfield,8,4,10,0.5,0.9375,4.8160552978515625e-05,0.0004234910011291504,64,0.0,
QAM,8,4,10,0.0,0.75,14.727921962738037,0.008020997047424316,144,0.0,
Hopfield,8,4,10,0.5,0.9375,4.8160552978515625e-05,0.00043022632598876953,64,0.1,
QAM,8,4,10,0.0,0.75,14.727921962738037,0.007879316806793213,144,0.1,
Hopfield,8,4,10,0.25,0.75,4.8160552978515625e-05,0.0004093050956726074,64,0.2,
QAM,8,4,10,0.0,0.75,14.727921962738037,0.008149981498718262,144,0.2,
Hopfield,8,4,10,0.25,0.5625,4.8160552978515625e-05,0.00041943788528442383,64,0.3,
QAM,8,4,10,0.0,0.75,14.727921962738037,0.008100569248199463,144,0.3,
Hopfield,8,4,11,0.25,0.875,5.2928924560546875e-05,0.00041919946670532227,64,0.0,
QAM,8,4,11,0.25,0.875,14.602522134780884,0.007924795150756836,144,0.0,
Hopfield,8,4,11,0.25,0.875,5.2928924560546875e-05,0.00040972232818603516,64,0.1,
QAM,8,4,11,0.25,0.875,14.602522134780884,0.007921278476715088,144,0.1,
Hopfield,8,4,11,0.25,0.875,5.2928924560546875e-05,0.00041353702545166016,64,0.2,
QAM,8,4,11,0.25,0.875,14.602522134780884,0.007903993129730225,144,0.2,
Hopfield,8,4,11,0.25,0.875,5.2928924560546875e-05,0.00041300058364868164,64,0.3,
QAM,8,4,11,0.25,0.875,14.602522134780884,0.007883250713348389,144,0.3,
Hopfield,8,4,12,1.0,1.0,5.1021575927734375e-05,0.0004227161407470703,64,0.0,
QAM,8,4,12,0.0,0.71875,14.68102240562439,0.00793677568435669,144,0.0,
Hopfield,8,4,12,0.75,0.90625,5.1021575927734375e-05,0.00041550397872924805,64,0.1,
QAM,8,4,12,0.0,0.71875,14.68102240562439,0.007899701595306396,144,0.1,
Hopfield,8,4,12,0.25,0.59375,5.1021575927734375e-05,0.0004124641418457031,64,0.2,
QAM,8,4,12,0.0,0.71875,14.68102240562439,0.007823467254638672,144,0.2,
Hopfield,8,4,12,0.25,0.6875,5.1021575927734375e-05,0.0004132390022277832,64,0.3,
QAM,8,4,12,0.0,0.71875,14.68102240562439,0.007797539234161377,144,0.3,
Hopfield,8,4,13,1.0,1.0,4.696846008300781e-05,0.00042629241943359375,64,0.0,
QAM,8,4,13,0.0,0.65625,14.77268099784851,0.007973968982696533,144,0.0,
Hopfield,8,4,13,0.5,0.8125,4.696846008300781e-05,0.000417172908782959,64,0.1,
QAM,8,4,13,0.0,0.65625,14.77268099784851,0.00790703296661377,144,0.1,
Hopfield,8,4,13,0.75,0.90625,4.696846008300781e-05,0.0004115104675292969,64,0.2,
QAM,8,4,13,0.0,0.65625,14.77268099784851,0.007883965969085693,144,0.2,
Hopfield,8,4,13,0.0,0.65625,4.696846008300781e-05,0.0004114508628845215,64,0.3,
QAM,8,4,13,0.0,0.65625,14.77268099784851,0.00787353515625,144,0.3,
Hopfield,8,4,14,0.25,0.78125,4.8160552978515625e-05,0.00043004751205444336,64,0.0,
QAM,8,4,14,0.0,0.71875,14.583396911621094,0.008023440837860107,144,0.0,
Hopfield,8,4,14,0.25,0.78125,4.8160552978515625e-05,0.0004302859306335449,64,0.1,
QAM,8,4,14,0.0,0.71875,14.583396911621094,0.007934033870697021,144,0.1,
Hopfield,8,4,14,0.25,0.78125,4.8160552978515625e-05,0.0004152655601501465,64,0.2,
QAM,8,4,14,0.0,0.71875,14.583396911621094,0.007831752300262451,144,0.2,
Hopfield,8,4,14,0.25,0.78125,4.8160552978515625e-05,0.0004127621650695801,64,0.3,
QAM,8,4,14,0.0,0.71875,14.583396911621094,0.007842481136322021,144,0.3,
Hopfield,8,4,15,0.75,0.90625,4.887580871582031e-05,0.00042247772216796875,64,0.0,
QAM,8,4,15,0.0,0.6875,14.611501693725586,0.007984519004821777,144,0.0,
Hopfield,8,4,15,0.5,0.8125,4.887580871582031e-05,0.00041091442108154297,64,0.1,
QAM,8,4,15,0.0,0.6875,14.611501693725586,0.00796729326248169,144,0.1,
Hopfield,8,4,15,0.5,0.75,4.887580871582031e-05,0.0004144906997680664,64,0.2,
QAM,8,4,15,0.0,0.6875,14.611501693725586,0.00791478157043457,144,0.2,
Hopfield,8,4,15,0.5,0.75,4.887580871582031e-05,0.00040727853775024414,64,0.3,
QAM,8,4,15,0.0,0.6875,14.611501693725586,0.007877230644226074,144,0.3,
Hopfield,8,4,16,1.0,1.0,4.8160552978515625e-05,0.00043123960494995117,64,0.0,
QAM,8,4,16,0.0,0.71875,14.661606788635254,0.007982730865478516,144,0.0,
Hopfield,8,4,16,0.75,0.90625,4.8160552978515625e-05,0.0004127621650695801,64,0.1,
QAM,8,4,16,0.0,0.71875,14.661606788635254,0.00797194242477417,144,0.1,
Hopfield,8,4,16,0.0,0.625,4.8160552978515625e-05,0.0004099607467651367,64,0.2,
QAM,8,4,16,0.0,0.71875,14.661606788635254,0.007875800132751465,144,0.2,
Hopfield,8,4,16,0.25,0.65625,4.8160552978515625e-05,0.00041925907135009766,64,0.3,
QAM,8,4,16,0.0,0.71875,14.661606788635254,0.007894277572631836,144,0.3,
Hopfield,8,4,17,1.0,1.0,4.887580871582031e-05,0.00045228004455566406,64,0.0,
QAM,8,4,17,0.25,0.625,14.60162901878357,0.007971465587615967,144,0.0,
Hopfield,8,4,17,0.75,0.9375,4.887580871582031e-05,0.0004221796989440918,64,0.1,
QAM,8,4,17,0.25,0.625,14.60162901878357,0.007913053035736084,144,0.1,
Hopfield,8,4,17,0.75,0.875,4.887580871582031e-05,0.00042170286178588867,64,0.2,
QAM,8,4,17,0.25,0.625,14.60162901878357,0.007919728755950928,144,0.2,
Hopfield,8,4,17,0.25,0.625,4.887580871582031e-05,0.00042325258255004883,64,0.3,
QAM,8,4,17,0.25,0.625,14.60162901878357,0.007900774478912354,144,0.3,
Hopfield,8,4,18,0.25,0.78125,4.887580871582031e-05,0.000422060489654541,64,0.0,
QAM,8,4,18,0.25,0.75,14.626384973526001,0.008023977279663086,144,0.0,
Hopfield,8,4,18,0.25,0.78125,4.887580871582031e-05,0.00042003393173217773,64,0.1,
QAM,8,4,18,0.25,0.75,14.626384973526001,0.00791841745376587,144,0.1,
Hopfield,8,4,18,0.25,0.78125,4.887580871582031e-05,0.0004240274429321289,64,0.2,
QAM,8,4,18,0.25,0.75,14.626384973526001,0.007913708686828613,144,0.2,
Hopfield,8,4,18,0.25,0.78125,4.887580871582031e-05,0.00041371583938598633,64,0.3,
QAM,8,4,18,0.25,0.75,14.626384973526001,0.007920920848846436,144,0.3,
Hopfield,8,4,19,1.0,1.0,4.935264587402344e-05,0.0004184842109680176,64,0.0,
QAM,8,4,19,0.0,0.71875,14.63346815109253,0.007984817028045654,144,0.0,
Hopfield,8,4,19,0.5,0.875,4.935264587402344e-05,0.00041353702545166016,64,0.1,
QAM,8,4,19,0.0,0.71875,14.63346815109253,0.007925987243652344,144,0.1,
Hopfield,8,4,19,0.5,0.78125,4.935264587402344e-05,0.000436246395111084,64,0.2,
QAM,8,4,19,0.0,0.71875,14.63346815109253,0.007878005504608154,144,0.2,
Hopfield,8,4,19,0.5,0.75,4.935264587402344e-05,0.0004150271415710449,64,0.3,
QAM,8,4,19,0.0,0.71875,14.63346815109253,0.007876992225646973,144,0.3,
Hopfield,8,4,20,0.75,0.9375,4.7206878662109375e-05,0.0004184842109680176,64,0.0,
QAM,8,4,20,0.0,0.59375,14.564064025878906,0.007910072803497314,144,0.0,
Hopfield,8,4,20,0.75,0.9375,4.7206878662109375e-05,0.0004125833511352539,64,0.1,
QAM,8,4,20,0.0,0.59375,14.564064025878906,0.007845759391784668,144,0.1,
Hopfield,8,4,20,0.75,0.9375,4.7206878662109375e-05,0.00041675567626953125,64,0.2,
QAM,8,4,20,0.0,0.59375,14.564064025878906,0.007798969745635986,144,0.2,
Hopfield,8,4,20,0.5,0.75,4.7206878662109375e-05,0.00042623281478881836,64,0.3,
QAM,8,4,20,0.0,0.59375,14.564064025878906,0.007774829864501953,144,0.3,
Hopfield,8,4,21,0.5,0.90625,4.792213439941406e-05,0.0004189610481262207,64,0.0,
QAM,8,4,21,0.0,0.78125,14.603455781936646,0.00795680284500122,144,0.0,
Hopfield,8,4,21,0.25,0.78125,4.792213439941406e-05,0.00041675567626953125,64,0.1,
QAM,8,4,21,0.0,0.78125,14.603455781936646,0.007910490036010742,144,0.1,
Hopfield,8,4,21,0.25,0.78125,4.792213439941406e-05,0.00041174888610839844,64,0.2,
QAM,8,4,21,0.0,0.78125,14.603455781936646,0.007859230041503906,144,0.2,
Hopfield,8,4,21,0.0,0.40625,4.792213439941406e-05,0.0004229545593261719,64,0.3,
QAM,8,4,21,0.0,0.78125,14.603455781936646,0.007857799530029297,144,0.3,
Hopfield,8,4,22,0.25,0.875,4.887580871582031e-05,0.00043070316314697266,64,0.0,
QAM,8,4,22,0.0,0.65625,14.533456802368164,0.00792628526687622,144,0.0,
Hopfield,8,4,22,0.25,0.875,4.887580871582031e-05,0.00044023990631103516,64,0.1,
QAM,8,4,22,0.0,0.65625,14.533456802368164,0.007892310619354248,144,0.1,
Hopfield,8,4,22,0.25,0.78125,4.887580871582031e-05,0.00042057037353515625,64,0.2,
QAM,8,4,22,0.0,0.65625,14.533456802368164,0.007838964462280273,144,0.2,
Hopfield,8,4,22,0.25,0.78125,4.887580871582031e-05,0.00041854381561279297,64,0.3,
QAM,8,4,22,0.0,0.65625,14.533456802368164,0.007852733135223389,144,0.3,
Hopfield,8,4,23,1.0,1.0,4.673004150390625e-05,0.00042557716369628906,64,0.0,
QAM,8,4,23,0.0,0.71875,14.619255065917969,0.007928252220153809,144,0.0,
Hopfield,8,4,23,0.75,0.9375,4.673004150390625e-05,0.0004099607467651367,64,0.1,
QAM,8,4,23,0.0,0.71875,14.619255065917969,0.007884323596954346,144,0.1,
Hopfield,8,4,23,0.0,0.625,4.673004150390625e-05,0.00041294097900390625,64,0.2,
QAM,8,4,23,0.0,0.71875,14.619255065917969,0.007865488529205322,144,0.2,
Hopfield,8,4,23,0.25,0.6875,4.673004150390625e-05,0.0004132986068725586,64,0.3,
QAM,8,4,23,0.0,0.71875,14.619255065917969,0.007903218269348145,144,0.3,
Hopfield,8,4,24,0.5,0.9375,4.792213439941406e-05,0.00042325258255004883,64,0.0,
QAM,8,4,24,0.25,0.75,14.843052864074707,0.008126497268676758,144,0.0,
Hopfield,8,4,24,0.25,0.875,4.792213439941406e-05,0.00042873620986938477,64,0.1,
QAM,8,4,24,0.25,0.75,14.843052864074707,0.007977068424224854,144,0.1,
Hopfield,8,4,24,0.5,0.8125,4.792213439941406e-05,0.00042831897735595703,64,0.2,
QAM,8,4,24,0.25,0.75,14.843052864074707,0.007912218570709229,144,0.2,
Hopfield,8,4,24,0.5,0.875,4.792213439941406e-05,0.00041925907135009766,64,0.3,
QAM,8,4,24,0.25,0.75,14.843052864074707,0.007891297340393066,144,0.3,
Hopfield,8,4,25,0.5,0.90625,6.508827209472656e-05,0.00043570995330810547,64,0.0,
QAM,8,4,25,0.25,0.59375,14.758028030395508,0.008016765117645264,144,0.0,
Hopfield,8,4,25,0.5,0.90625,6.508827209472656e-05,0.0004162788391113281,64,0.1,
QAM,8,4,25,0.25,0.59375,14.758028030395508,0.007883787155151367,144,0.1,
Hopfield,8,4,25,0.5,0.90625,6.508827209472656e-05,0.00040978193283081055,64,0.2,
QAM,8,4,25,0.25,0.59375,14.758028030395508,0.00790095329284668,144,0.2,
Hopfield,8,4,25,0.5,0.90625,6.508827209472656e-05,0.0004132390022277832,64,0.3,
QAM,8,4,25,0.25,0.59375,14.758028030395508,0.007875263690948486,144,0.3,
Hopfield,8,4,26,0.25,0.84375,5.1021575927734375e-05,0.00044274330139160156,64,0.0,
QAM,8,4,26,0.25,0.84375,14.679439067840576,0.008085012435913086,144,0.0,
Hopfield,8,4,26,0.25,0.84375,5.1021575927734375e-05,0.0004297494888305664,64,0.1,
QAM,8,4,26,0.25,0.84375,14.679439067840576,0.007933259010314941,144,0.1,
Hopfield,8,4,26,0.25,0.78125,5.1021575927734375e-05,0.00042754411697387695,64,0.2,
QAM,8,4,26,0.25,0.84375,14.679439067840576,0.007907986640930176,144,0.2,
Hopfield,8,4,26,0.25,0.65625,5.1021575927734375e-05,0.000418245792388916,64,0.3,
QAM,8,4,26,0.25,0.84375,14.679439067840576,0.007870972156524658,144,0.3,
Hopfield,8,4,27,0.75,0.9375,5.0067901611328125e-05,0.00043451786041259766,64,0.0,
QAM,8,4,27,0.25,0.59375,14.710694789886475,0.008403241634368896,144,0.0,
Hopfield,8,4,27,0.5,0.8125,5.0067901611328125e-05,0.0004432797431945801,64,0.1,
QAM,8,4,27,0.25,0.59375,14.710694789886475,0.008123695850372314,144,0.1,
Hopfield,8,4,27,0.75,0.9375,5.0067901611328125e-05,0.00042748451232910156,64,0.2,
QAM,8,4,27,0.25,0.59375,14.710694789886475,0.007952749729156494,144,0.2,
Hopfield,8,4,27,0.5,0.6875,5.0067901611328125e-05,0.00041919946670532227,64,0.3,
QAM,8,4,27,0.25,0.59375,14.710694789886475,0.007886290550231934,144,0.3,
Hopfield,8,4,28,0.25,0.84375,4.887580871582031e-05,0.0004355311393737793,64,0.0,
QAM,8,4,28,0.0,0.59375,14.703513145446777,0.008222460746765137,144,0.0,
Hopfield,8,4,28,0.25,0.84375,4.887580871582031e-05,0.0004429817199707031,64,0.1,
QAM,8,4,28,0.0,0.59375,14.703513145446777,0.007959485054016113,144,0.1,
Hopfield,8,4,28,0.25,0.84375,4.887580871582031e-05,0.0004157423973083496,64,0.2,
QAM,8,4,28,0.0,0.59375,14.703513145446777,0.007892727851867676,144,0.2,
Hopfield,8,4,28,0.25,0.65625,4.887580871582031e-05,0.00042378902435302734,64,0.3,
QAM,8,4,28,0.0,0.59375,14.703513145446777,0.007951021194458008,144,0.3,
Hopfield,8,4,29,0.25,0.8125,4.9114227294921875e-05,0.00042766332626342773,64,0.0,
QAM,8,4,29,0.0,0.6875,14.635065793991089,0.007942557334899902,144,0.0,
Hopfield,8,4,29,0.25,0.8125,4.9114227294921875e-05,0.0004400014877319336,64,0.1,
QAM,8,4,29,0.0,0.6875,14.635065793991089,0.007896482944488525,144,0.1,
Hopfield,8,4,29,0.0,0.5625,4.9114227294921875e-05,0.00041997432708740234,64,0.2,
QAM,8,4,29,0.0,0.6875,14.635065793991089,0.007873773574829102,144,0.2,
Hopfield,8,4,29,0.0,0.65625,4.9114227294921875e-05,0.00041174888610839844,64,0.3,
QAM,8,4,29,0.0,0.6875,14.635065793991089,0.007857978343963623,144,0.3,
Hopfield,12,6,0,0.5,0.9444444444444445,6.198883056640625e-05,0.0006763537724812826,144,0.0,
QAM,12,6,0,0.0,0.6805555555555555,27.481173992156982,0.014738798141479492,216,0.0,
Hopfield,12,6,0,0.16666666666666666,0.75,6.198883056640625e-05,0.0005949735641479492,144,0.1,
QAM,12,6,0,0.0,0.6805555555555555,27.481173992156982,0.014586687088012695,216,0.1,
Hopfield,12,6,0,0.0,0.7222222222222223,6.198883056640625e-05,0.0005884965260823568,144,0.2,
QAM,12,6,0,0.0,0.6805555555555555,27.481173992156982,0.014624635378519693,216,0.2,
Hopfield,12,6,0,0.16666666666666666,0.7916666666666666,6.198883056640625e-05,0.000588695208231608,144,0.3,
QAM,12,6,0,0.0,0.6805555555555555,27.481173992156982,0.014498631159464518,216,0.3,
Hopfield,12,6,1,0.0,0.75,6.29425048828125e-05,0.0006093184153238932,144,0.0,
QAM,12,6,1,0.0,0.6249999999999999,27.421815872192383,0.014692385991414389,216,0.0,
Hopfield,12,6,1,0.0,0.75,6.29425048828125e-05,0.0005965232849121094,144,0.1,
QAM,12,6,1,0.0,0.6249999999999999,27.421815872192383,0.014557719230651855,216,0.1,
Hopfield,12,6,1,0.0,0.75,6.29425048828125e-05,0.0006008148193359375,144,0.2,
QAM,12,6,1,0.0,0.6249999999999999,27.421815872192383,0.014527042706807455,216,0.2,
Hopfield,12,6,1,0.0,0.638888888888889,6.29425048828125e-05,0.0005996624628702799,144,0.3,
QAM,12,6,1,0.0,0.6249999999999999,27.421815872192383,0.014528870582580566,216,0.3,
Hopfield,12,6,2,0.0,0.7222222222222222,6.103515625e-05,0.0005993445714314779,144,0.0,
QAM,12,6,2,0.0,0.6527777777777778,27.48713707923889,0.014636993408203125,216,0.0,
Hopfield,12,6,2,0.0,0.7222222222222222,6.103515625e-05,0.0006018479665120443,144,0.1,
QAM,12,6,2,0.0,0.6527777777777778,27.48713707923889,0.014505147933959961,216,0.1,
Hopfield,12,6,2,0.0,0.7222222222222222,6.103515625e-05,0.0005942980448404948,144,0.2,
QAM,12,6,2,0.0,0.6527777777777778,27.48713707923889,0.01445166269938151,216,0.2,
Hopfield,12,6,2,0.0,0.5694444444444444,6.103515625e-05,0.0005928277969360352,144,0.3,
QAM,12,6,2,0.0,0.6527777777777778,27.48713707923889,0.014494816462198893,216,0.3,
Hopfield,12,6,3,0.0,0.7638888888888888,6.4849853515625e-05,0.0006182988484700521,144,0.0,
QAM,12,6,3,0.0,0.6527777777777777,27.46162700653076,0.015747666358947754,216,0.0,
Hopfield,12,6,3,0.0,0.7638888888888888,6.4849853515625e-05,0.000626683235168457,144,0.1,
QAM,12,6,3,0.0,0.6527777777777777,27.46162700653076,0.014823516209920248,216,0.1,
Hopfield,12,6,3,0.0,0.7638888888888888,6.4849853515625e-05,0.0006095568339029948,144,0.2,
QAM,12,6,3,0.0,0.6527777777777777,27.46162700653076,0.01914711793263753,216,0.2,
Hopfield,12,6,3,0.0,0.4305555555555556,6.4849853515625e-05,0.0006076892217000326,144,0.3,
QAM,12,6,3,0.0,0.6527777777777777,27.46162700653076,0.014688809712727865,216,0.3,
Hopfield,12,6,4,0.3333333333333333,0.8194444444444443,0.00010204315185546875,0.00061798095703125,144,0.0,
QAM,12,6,4,0.0,0.6666666666666666,28.038100957870483,0.014845530192057291,216,0.0,
Hopfield,12,6,4,0.16666666666666666,0.611111111111111,0.00010204315185546875,0.0005908012390136719,144,0.1,
QAM,12,6,4,0.0,0.6666666666666666,28.038100957870483,0.01474932829538981,216,0.1,
Hopfield,12,6,4,0.3333333333333333,0.8194444444444443,0.00010204315185546875,0.0005894502003987631,144,0.2,
QAM,12,6,4,0.0,0.6666666666666666,28.038100957870483,0.014586846033732096,216,0.2,
Hopfield,12,6,4,0.16666666666666666,0.6805555555555557,0.00010204315185546875,0.0005896488825480143,144,0.3,
QAM,12,6,4,0.0,0.6666666666666666,28.038100957870483,0.014563838640848795,216,0.3,
Hopfield,12,6,5,0.0,0.875,6.389617919921875e-05,0.0006061792373657227,144,0.0,
QAM,12,6,5,0.0,0.7222222222222222,28.090763807296753,0.014727314313252768,216,0.0,
Hopfield,12,6,5,0.0,0.875,6.389617919921875e-05,0.0005990266799926758,144,0.1,
QAM,12,6,5,0.0,0.7222222222222222,28.090763807296753,0.014594475428263346,216,0.1,
Hopfield,12,6,5,0.0,0.8333333333333331,6.389617919921875e-05,0.0006013711293538412,144,0.2,
QAM,12,6,5,0.0,0.7222222222222222,28.090763807296753,0.014573971430460611,216,0.2,
Hopfield,12,6,5,0.0,0.6527777777777778,6.389617919921875e-05,0.0005989869435628256,144,0.3,
QAM,12,6,5,0.0,0.7222222222222222,28.090763807296753,0.01459503173828125,216,0.3,
Hopfield,12,6,6,0.8333333333333334,0.9583333333333334,6.461143493652344e-05,0.0006108283996582031,144,0.0,
QAM,12,6,6,0.0,0.6527777777777778,27.88893699645996,0.015209158261617025,216,0.0,
Hopfield,12,6,6,0.6666666666666666,0.8472222222222222,6.461143493652344e-05,0.0005935033162434896,144,0.1,
QAM,12,6,6,0.0,0.6527777777777778,27.88893699645996,0.0149385134379069,216,0.1,
Hopfield,12,6,6,0.3333333333333333,0.75,6.461143493652344e-05,0.0006055037180582682,144,0.2,
QAM,12,6,6,0.0,0.6527777777777778,27.88893699645996,0.015078981717427572,216,0.2,
Hopfield,12,6,6,0.16666666666666666,0.6527777777777777,6.461143493652344e-05,0.0006125370661417643,144,0.3,
QAM,12,6,6,0.0,0.6527777777777778,27.88893699645996,0.015052159627278646,216,0.3,
Hopfield,12,6,7,0.0,0.7638888888888888,6.29425048828125e-05,0.0005958477656046549,144,0.0,
QAM,12,6,7,0.0,0.6805555555555557,28.020501852035522,0.014599959055582682,216,0.0,
Hopfield,12,6,7,0.0,0.7638888888888888,6.29425048828125e-05,0.0005991856257120768,144,0.1,
QAM,12,6,7,0.0,0.6805555555555557,28.020501852035522,0.01872718334197998,216,0.1,
Hopfield,12,6,7,0.0,0.6805555555555555,6.29425048828125e-05,0.0005948940912882487,144,0.2,
QAM,12,6,7,0.0,0.6805555555555557,28.020501852035522,0.014557123184204102,216,0.2,
Hopfield,12,6,7,0.0,0.7638888888888888,6.29425048828125e-05,0.0005842844645182291,144,0.3,
QAM,12,6,7,0.0,0.6805555555555557,28.020501852035522,0.014491717020670572,216,0.3,
Hopfield,12,6,8,0.5,0.9027777777777777,6.29425048828125e-05,0.0006002187728881836,144,0.0,
QAM,12,6,8,0.0,0.6527777777777778,27.67077612876892,0.015799323717753094,216,0.0,
Hopfield,12,6,8,0.5,0.9027777777777777,6.29425048828125e-05,0.0005929470062255859,144,0.1,
QAM,12,6,8,0.0,0.6527777777777778,27.67077612876892,0.014506697654724121,216,0.1,
Hopfield,12,6,8,0.5,0.7916666666666669,6.29425048828125e-05,0.0005881786346435547,144,0.2,
QAM,12,6,8,0.0,0.6527777777777778,27.67077612876892,0.014480153719584147,216,0.2,
Hopfield,12,6,8,0.16666666666666666,0.6944444444444443,6.29425048828125e-05,0.0005830128987630209,144,0.3,
QAM,12,6,8,0.0,0.6527777777777778,27.67077612876892,0.014479120572408041,216,0.3,
Hopfield,12,6,9,0.5,0.8611111111111112,6.29425048828125e-05,0.0005930264790852865,144,0.0,
QAM,12,6,9,0.0,0.638888888888889,27.620047092437744,0.014556169509887695,216,0.0,
Hopfield,12,6,9,0.5,0.8055555555555555,6.29425048828125e-05,0.0005905230840047201,144,0.1,
QAM,12,6,9,0.0,0.638888888888889,27.620047092437744,0.014452974001566568,216,0.1,
Hopfield,12,6,9,0.16666666666666666,0.7222222222222223,6.29425048828125e-05,0.0005886157353719076,144,0.2,
QAM,12,6,9,0.0,0.638888888888889,27.620047092437744,0.01441649595896403,216,0.2,
Hopfield,12,6,9,0.5,0.8055555555555555,6.29425048828125e-05,0.0005883375803629557,144,0.3,
QAM,12,6,9,0.0,0.638888888888889,27.620047092437744,0.014463980992635092,216,0.3,
Hopfield,12,6,10,0.3333333333333333,0.8888888888888888,6.29425048828125e-05,0.0006037155787150065,144,0.0,
QAM,12,6,10,0.0,0.638888888888889,27.509459018707275,0.014624635378519693,216,0.0,
Hopfield,12,6,10,0.3333333333333333,0.8472222222222222,6.29425048828125e-05,0.0005971988042195638,144,0.1,
QAM,12,6,10,0.0,0.638888888888889,27.509459018707275,0.014552672704060873,216,0.1,
Hopfield,12,6,10,0.0,0.7083333333333334,6.29425048828125e-05,0.0005878210067749023,144,0.2,
QAM,12,6,10,0.0,0.638888888888889,27.509459018707275,0.014534711837768555,216,0.2,
Hopfield,12,6,10,0.0,0.5833333333333334,6.29425048828125e-05,0.0005909999211629232,144,0.3,
QAM,12,6,10,0.0,0.638888888888889,27.509459018707275,0.014529863993326822,216,0.3,
Hopfield,12,6,11,0.5,0.888888888888889,6.389617919921875e-05,0.0005931854248046875,144,0.0,
QAM,12,6,11,0.0,0.6527777777777778,27.426384925842285,0.0188141663869222,216,0.0,
Hopfield,12,6,11,0.5,0.888888888888889,6.389617919921875e-05,0.0005854765574137369,144,0.1,
QAM,12,6,11,0.0,0.6527777777777778,27.426384925842285,0.014536857604980469,216,0.1,
Hopfield,12,6,11,0.5,0.8611111111111112,6.389617919921875e-05,0.0005948146184285482,144,0.2,
QAM,12,6,11,0.0,0.6527777777777778,27.426384925842285,0.014499505360921225,216,0.2,
Hopfield,12,6,11,0.0,0.638888888888889,6.389617919921875e-05,0.0005870262781778971,144,0.3,
QAM,12,6,11,0.0,0.6527777777777778,27.426384925842285,0.014472643534342447,216,0.3,
Hopfield,12,6,12,0.3333333333333333,0.875,6.175041198730469e-05,0.0005964438120524088,144,0.0,
QAM,12,6,12,0.0,0.625,27.287214994430542,0.014654000600179037,216,0.0,
Hopfield,12,6,12,0.3333333333333333,0.875,6.175041198730469e-05,0.000587622324625651,144,0.1,
QAM,12,6,12,0.0,0.625,27.287214994430542,0.014503002166748047,216,0.1,
Hopfield,12,6,12,0.16666666666666666,0.6527777777777778,6.175041198730469e-05,0.0005919933319091797,144,0.2,
QAM,12,6,12,0.0,0.625,27.287214994430542,0.01448063055674235,216,0.2,
Hopfield,12,6,12,0.0,0.5694444444444444,6.175041198730469e-05,0.0005911588668823242,144,0.3,
QAM,12,6,12,0.0,0.625,27.287214994430542,0.014454483985900879,216,0.3,
Hopfield,12,6,13,0.5,0.9305555555555555,6.508827209472656e-05,0.0005995035171508789,144,0.0,
QAM,12,6,13,0.0,0.6666666666666666,27.28689980506897,0.014660477638244629,216,0.0,
Hopfield,12,6,13,0.3333333333333333,0.8472222222222222,6.508827209472656e-05,0.0006026426951090494,144,0.1,
QAM,12,6,13,0.0,0.6666666666666666,27.28689980506897,0.014519015947977701,216,0.1,
Hopfield,12,6,13,0.3333333333333333,0.8333333333333334,6.508827209472656e-05,0.0006004969278971354,144,0.2,
QAM,12,6,13,0.0,0.6666666666666666,27.28689980506897,0.014498631159464518,216,0.2,
Hopfield,12,6,13,0.0,0.7222222222222222,6.508827209472656e-05,0.0005958477656046549,144,0.3,
QAM,12,6,13,0.0,0.6666666666666666,27.28689980506897,0.014431476593017578,216,0.3,
Hopfield,12,6,14,0.3333333333333333,0.888888888888889,6.914138793945312e-05,0.0006076494852701823,144,0.0,
QAM,12,6,14,0.0,0.7083333333333334,27.187506198883057,0.014613509178161621,216,0.0,
Hopfield,12,6,14,0.3333333333333333,0.8194444444444445,6.914138793945312e-05,0.0005931456883748373,144,0.1,
QAM,12,6,14,0.0,0.7083333333333334,27.187506198883057,0.01454166571299235,216,0.1,
Hopfield,12,6,14,0.3333333333333333,0.8611111111111112,6.914138793945312e-05,0.0005924701690673828,144,0.2,
QAM,12,6,14,0.0,0.7083333333333334,27.187506198883057,0.01448667049407959,216,0.2,
Hopfield,12,6,14,0.3333333333333333,0.736111111111111,6.914138793945312e-05,0.0005931854248046875,144,0.3,
QAM,12,6,14,0.0,0.7083333333333334,27.187506198883057,0.014459848403930664,216,0.3,
Hopfield,12,6,15,0.3333333333333333,0.8472222222222222,6.29425048828125e-05,0.0005928277969360352,144,0.0,
QAM,12,6,15,0.0,0.625,27.469064950942993,0.014646331469217936,216,0.0,
Hopfield,12,6,15,0.16666666666666666,0.75,6.29425048828125e-05,0.000592350959777832,144,0.1,
QAM,12,6,15,0.0,0.625,27.469064950942993,0.014498472213745117,216,0.1,
Hopfield,12,6,15,0.0,0.6388888888888888,6.29425048828125e-05,0.0006013313929239908,144,0.2,
QAM,12,6,15,0.0,0.625,27.469064950942993,0.01447904109954834,216,0.2,
Hopfield,12,6,15,0.16666666666666666,0.6944444444444445,6.29425048828125e-05,0.0005954901377360026,144,0.3,
QAM,12,6,15,0.0,0.625,27.469064950942993,0.014435847600301107,216,0.3,
Hopfield,12,6,16,0.16666666666666666,0.8472222222222223,6.29425048828125e-05,0.0005906820297241211,144,0.0,
QAM,12,6,16,0.0,0.6944444444444445,27.392405033111572,0.014568845431009928,216,0.0,
Hopfield,12,6,16,0.16666666666666666,0.7083333333333334,6.29425048828125e-05,0.0005894899368286133,144,0.1,
QAM,12,6,16,0.0,0.6944444444444445,27.392405033111572,0.014443357785542807,216,0.1,
Hopfield,12,6,16,0.0,0.7222222222222222,6.29425048828125e-05,0.0005906422932942709,144,0.2,
QAM,12,6,16,0.0,0.6944444444444445,27.392405033111572,0.0144651730855306,216,0.2,
Hopfield,12,6,16,0.0,0.4722222222222223,6.29425048828125e-05,0.0005908012390136719,144,0.3,
QAM,12,6,16,0.0,0.6944444444444445,27.392405033111572,0.014450709025065104,216,0.3,
Hopfield,12,6,17,0.5,0.9305555555555557,6.198883056640625e-05,0.0005953311920166016,144,0.0,
QAM,12,6,17,0.0,0.5972222222222222,27.195785999298096,0.01460568110148112,216,0.0,
Hopfield,12,6,17,0.3333333333333333,0.8333333333333335,6.198883056640625e-05,0.0005916754404703776,144,0.1,
QAM,12,6,17,0.0,0.5972222222222222,27.195785999298096,0.015047510464986166,216,0.1,
Hopfield,12,6,17,0.16666666666666666,0.75,6.198883056640625e-05,0.0006252924601236979,144,0.2,
QAM,12,6,17,0.0,0.5972222222222222,27.195785999298096,0.014867822329203287,216,0.2,
Hopfield,12,6,17,0.16666666666666666,0.7222222222222222,6.198883056640625e-05,0.0005949735641479492,144,0.3,
QAM,12,6,17,0.0,0.5972222222222222,27.195785999298096,0.015824357668558758,216,0.3,
Hopfield,12,6,18,0.3333333333333333,0.7777777777777778,6.389617919921875e-05,0.000592509905497233,144,0.0,
QAM,12,6,18,0.0,0.6666666666666666,27.177669048309326,0.014563679695129395,216,0.0,
Hopfield,12,6,18,0.16666666666666666,0.6944444444444445,6.389617919921875e-05,0.0005905230840047201,144,0.1,
QAM,12,6,18,0.0,0.6666666666666666,27.177669048309326,0.014459331830342611,216,0.1,
Hopfield,12,6,18,0.3333333333333333,0.7777777777777778,6.389617919921875e-05,0.0005833307902018229,144,0.2,
QAM,12,6,18,0.0,0.6666666666666666,27.177669048309326,0.014479835828145346,216,0.2,
Hopfield,12,6,18,0.16666666666666666,0.6944444444444445,6.389617919921875e-05,0.0005836884180704752,144,0.3,
QAM,12,6,18,0.0,0.6666666666666666,27.177669048309326,0.018650134404500324,216,0.3,
Hopfield,12,6,19,0.3333333333333333,0.8333333333333334,6.794929504394531e-05,0.0006016890207926432,144,0.0,
QAM,12,6,19,0.0,0.638888888888889,27.28867816925049,0.014681021372477213,216,0.0,
Hopfield,12,6,19,0.16666666666666666,0.8055555555555557,6.794929504394531e-05,0.0005914767583211263,144,0.1,
QAM,12,6,19,0.0,0.638888888888889,27.28867816925049,0.014550169308980307,216,0.1,
Hopfield,12,6,19,0.0,0.5,6.794929504394531e-05,0.0005905230840047201,144,0.2,
QAM,12,6,19,0.0,0.638888888888889,27.28867816925049,0.01450649897257487,216,0.2,
Hopfield,12,6,19,0.16666666666666666,0.5555555555555556,6.794929504394531e-05,0.0005996227264404297,144,0.3,
QAM,12,6,19,0.0,0.638888888888889,27.28867816925049,0.01447765032450358,216,0.3,
Hopfield,12,6,20,0.3333333333333333,0.9027777777777778,6.198883056640625e-05,0.0005898475646972656,144,0.0,
QAM,12,6,20,0.0,0.6805555555555555,27.273061990737915,0.014522314071655273,216,0.0,
Hopfield,12,6,20,0.3333333333333333,0.8750000000000001,6.198883056640625e-05,0.0005924701690673828,144,0.1,
QAM,12,6,20,0.0,0.6805555555555555,27.273061990737915,0.014443318049112955,216,0.1,
Hopfield,12,6,20,0.0,0.5277777777777778,6.198883056640625e-05,0.0005903244018554688,144,0.2,
QAM,12,6,20,0.0,0.6805555555555555,27.273061990737915,0.014435132344563803,216,0.2,
Hopfield,12,6,20,0.16666666666666666,0.611111111111111,6.198883056640625e-05,0.0005848010381062826,144,0.3,
QAM,12,6,20,0.0,0.6805555555555555,27.273061990737915,0.014425834019978842,216,0.3,
Hopfield,12,6,21,0.16666666666666666,0.7916666666666666,6.29425048828125e-05,0.0006043513615926107,144,0.0,
QAM,12,6,21,0.0,0.6527777777777777,27.62885093688965,0.014703671137491861,216,0.0,
Hopfield,12,6,21,0.16666666666666666,0.7916666666666666,6.29425048828125e-05,0.0006030003229777018,144,0.1,
QAM,12,6,21,0.0,0.6527777777777777,27.62885093688965,0.014546473821004232,216,0.1,
Hopfield,12,6,21,0.16666666666666666,0.7916666666666666,6.29425048828125e-05,0.0005935033162434896,144,0.2,
QAM,12,6,21,0.0,0.6527777777777777,27.62885093688965,0.01456467310587565,216,0.2,
Hopfield,12,6,21,0.16666666666666666,0.7777777777777777,6.29425048828125e-05,0.0006108681360880533,144,0.3,
QAM,12,6,21,0.0,0.6527777777777777,27.62885093688965,0.01455231507619222,216,0.3,
Hopfield,12,6,22,0.0,0.7222222222222222,6.389617919921875e-05,0.0006248156229654948,144,0.0,
QAM,12,6,22,0.0,0.625,27.018060207366943,0.014769196510314941,216,0.0,
Hopfield,12,6,22,0.0,0.7222222222222222,6.389617919921875e-05,0.0005966424942016602,144,0.1,
QAM,12,6,22,0.0,0.625,27.018060207366943,0.01447002092997233,216,0.1,
Hopfield,12,6,22,0.0,0.611111111111111,6.389617919921875e-05,0.0005933046340942383,144,0.2,
QAM,12,6,22,0.0,0.625,27.018060207366943,0.018660346666971844,216,0.2,
Hopfield,12,6,22,0.0,0.4861111111111111,6.389617919921875e-05,0.0006037155787150065,144,0.3,
QAM,12,6,22,0.0,0.625,27.018060207366943,0.014504472414652506,216,0.3,
Hopfield,12,6,23,0.5,0.9027777777777778,6.413459777832031e-05,0.000599821408589681,144,0.0,
QAM,12,6,23,0.16666666666666666,0.7083333333333334,27.236039876937866,0.014713327089945475,216,0.0,
Hopfield,12,6,23,0.3333333333333333,0.8333333333333335,6.413459777832031e-05,0.0006263653437296549,144,0.1,
QAM,12,6,23,0.16666666666666666,0.7083333333333334,27.236039876937866,0.014930446942647299,216,0.1,
Hopfield,12,6,23,0.5,0.9027777777777778,6.413459777832031e-05,0.0005931456883748373,144,0.2,
QAM,12,6,23,0.16666666666666666,0.7083333333333334,27.236039876937866,0.01452330748240153,216,0.2,
Hopfield,12,6,23,0.16666666666666666,0.7361111111111112,6.413459777832031e-05,0.0005818208058675131,144,0.3,
QAM,12,6,23,0.16666666666666666,0.7083333333333334,27.236039876937866,0.014480193456013998,216,0.3,
Hopfield,12,6,24,0.8333333333333334,0.9861111111111112,6.29425048828125e-05,0.0005921522776285807,144,0.0,
QAM,12,6,24,0.0,0.611111111111111,27.378626823425293,0.014536658922831217,216,0.0,
Hopfield,12,6,24,0.8333333333333334,0.9861111111111112,6.29425048828125e-05,0.0005830128987630209,144,0.1,
QAM,12,6,24,0.0,0.611111111111111,27.378626823425293,0.014449357986450195,216,0.1,
Hopfield,12,6,24,0.16666666666666666,0.7083333333333334,6.29425048828125e-05,0.0005808273951212565,144,0.2,
QAM,12,6,24,0.0,0.611111111111111,27.378626823425293,0.014405051867167154,216,0.2,
Hopfield,12,6,24,0.16666666666666666,0.625,6.29425048828125e-05,0.0005824963251749674,144,0.3,
QAM,12,6,24,0.0,0.611111111111111,27.378626823425293,0.01437067985534668,216,0.3,
Hopfield,12,6,25,0.3333333333333333,0.875,6.198883056640625e-05,0.0005923112233479818,144,0.0,
QAM,12,6,25,0.0,0.6666666666666666,27.19306492805481,0.014644344647725424,216,0.0,
Hopfield,12,6,25,0.3333333333333333,0.875,6.198883056640625e-05,0.0005923112233479818,144,0.1,
QAM,12,6,25,0.0,0.6666666666666666,27.19306492805481,0.014519174893697103,216,0.1,
Hopfield,12,6,25,0.16666666666666666,0.7916666666666666,6.198883056640625e-05,0.0005915562311808268,144,0.2,
QAM,12,6,25,0.0,0.6666666666666666,27.19306492805481,0.01447447141011556,216,0.2,
Hopfield,12,6,25,0.0,0.7361111111111112,6.198883056640625e-05,0.000592509905497233,144,0.3,
QAM,12,6,25,0.0,0.6666666666666666,27.19306492805481,0.014485836029052734,216,0.3,
Hopfield,12,6,26,0.16666666666666666,0.8194444444444445,6.198883056640625e-05,0.0006041924158732096,144,0.0,
QAM,12,6,26,0.0,0.625,27.21521782875061,0.014616966247558594,216,0.0,
Hopfield,12,6,26,0.0,0.7638888888888888,6.198883056640625e-05,0.0006073713302612305,144,0.1,
QAM,12,6,26,0.0,0.625,27.21521782875061,0.018887003262837727,216,0.1,
Hopfield,12,6,26,0.0,0.736111111111111,6.198883056640625e-05,0.0005870262781778971,144,0.2,
QAM,12,6,26,0.0,0.625,27.21521782875061,0.014538963635762533,216,0.2,
Hopfield,12,6,26,0.0,0.5694444444444444,6.198883056640625e-05,0.0005918343861897787,144,0.3,
QAM,12,6,26,0.0,0.625,27.21521782875061,0.014535148938496908,216,0.3,
Hopfield,12,6,27,0.3333333333333333,0.875,6.103515625e-05,0.0006013313929239908,144,0.0,
QAM,12,6,27,0.0,0.6805555555555555,27.465953826904297,0.014606833457946777,216,0.0,
Hopfield,12,6,27,0.16666666666666666,0.75,6.103515625e-05,0.0005875031153361002,144,0.1,
QAM,12,6,27,0.0,0.6805555555555555,27.465953826904297,0.014455517133076986,216,0.1,
Hopfield,12,6,27,0.16666666666666666,0.7777777777777777,6.103515625e-05,0.0005950530370076498,144,0.2,
QAM,12,6,27,0.0,0.6805555555555555,27.465953826904297,0.014429132143656412,216,0.2,
Hopfield,12,6,27,0.0,0.6666666666666666,6.103515625e-05,0.0005949735641479492,144,0.3,
QAM,12,6,27,0.0,0.6805555555555555,27.465953826904297,0.01479033629099528,216,0.3,
Hopfield,12,6,28,0.16666666666666666,0.8333333333333334,6.29425048828125e-05,0.0006100336710611979,144,0.0,
QAM,12,6,28,0.0,0.6666666666666666,28.666355848312378,0.015658855438232422,216,0.0,
Hopfield,12,6,28,0.0,0.8055555555555555,6.29425048828125e-05,0.0006011327107747396,144,0.1,
QAM,12,6,28,0.0,0.6666666666666666,28.666355848312378,0.015294869740804037,216,0.1,
Hopfield,12,6,28,0.0,0.75,6.29425048828125e-05,0.0006206830342610677,144,0.2,
QAM,12,6,28,0.0,0.6666666666666666,28.666355848312378,0.014714837074279785,216,0.2,
Hopfield,12,6,28,0.0,0.638888888888889,6.29425048828125e-05,0.0005869865417480469,144,0.3,
QAM,12,6,28,0.0,0.6666666666666666,28.666355848312378,0.014358321825663248,216,0.3,
Hopfield,12,6,29,0.16666666666666666,0.8333333333333334,6.318092346191406e-05,0.0006008545557657877,144,0.0,
QAM,12,6,29,0.0,0.625,27.716034173965454,0.014625827471415201,216,0.0,
Hopfield,12,6,29,0.16666666666666666,0.8333333333333334,6.318092346191406e-05,0.0005823373794555664,144,0.1,
QAM,12,6,29,0.0,0.625,27.716034173965454,0.014699975649515787,216,0.1,
Hopfield,12,6,29,0.0,0.763888888888889,6.318092346191406e-05,0.000588695208231608,144,0.2,
QAM,12,6,29,0.0,0.625,27.716034173965454,0.014556328455607096,216,0.2,
Hopfield,12,6,29,0.0,0.7361111111111112,6.318092346191406e-05,0.0005856355031331381,144,0.3,
QAM,12,6,29,0.0,0.625,27.716034173965454,0.014580011367797852,216,0.3,
Hopfield,16,6,0,0.5,0.9479166666666666,6.818771362304688e-05,0.0007689793904622396,256,0.0,
QAM,16,6,0,0.0,0.65625,86.12751388549805,0.03454899787902832,288,0.0,
Hopfield,16,6,0,0.16666666666666666,0.8125,6.818771362304688e-05,0.0007557074228922526,256,0.1,
QAM,16,6,0,0.0,0.65625,86.12751388549805,0.03214466571807861,288,0.1,
Hopfield,16,6,0,0.0,0.8333333333333334,6.818771362304688e-05,0.0007711648941040039,256,0.2,
QAM,16,6,0,0.0,0.65625,86.12751388549805,0.03263636430104574,288,0.2,
Hopfield,16,6,0,0.0,0.6458333333333334,6.818771362304688e-05,0.000785986582438151,256,0.3,
QAM,16,6,0,0.0,0.65625,86.12751388549805,0.03251465161641439,288,0.3,
Hopfield,16,6,1,0.6666666666666666,0.9791666666666666,6.604194641113281e-05,0.0007786750793457031,256,0.0,
QAM,16,6,1,0.0,0.6041666666666666,83.59799599647522,0.03249231974283854,288,0.0,
Hopfield,16,6,1,0.16666666666666666,0.8645833333333334,6.604194641113281e-05,0.000771482785542806,256,0.1,
QAM,16,6,1,0.0,0.6041666666666666,83.59799599647522,0.03234501679738363,288,0.1,
Hopfield,16,6,1,0.16666666666666666,0.6979166666666666,6.604194641113281e-05,0.0007653236389160156,256,0.2,
QAM,16,6,1,0.0,0.6041666666666666,83.59799599647522,0.032318830490112305,288,0.2,
Hopfield,16,6,1,0.16666666666666666,0.59375,6.604194641113281e-05,0.0007578531901041666,256,0.3,
QAM,16,6,1,0.0,0.6041666666666666,83.59799599647522,0.03230933348337809,288,0.3,
Hopfield,16,6,2,0.5,0.9583333333333334,6.29425048828125e-05,0.0007851521174112955,256,0.0,
QAM,16,6,2,0.0,0.7083333333333334,89.20334601402283,0.036252498626708984,288,0.0,
Hopfield,16,6,2,0.3333333333333333,0.9270833333333334,6.29425048828125e-05,0.0009351968765258789,256,0.1,
QAM,16,6,2,0.0,0.7083333333333334,89.20334601402283,0.039383371671040855,288,0.1,
Hopfield,16,6,2,0.3333333333333333,0.90625,6.29425048828125e-05,0.0009545087814331055,256,0.2,
QAM,16,6,2,0.0,0.7083333333333334,89.20334601402283,0.03895449638366699,288,0.2,
Hopfield,16,6,2,0.16666666666666666,0.6458333333333334,6.29425048828125e-05,0.0008734862009684244,256,0.3,
QAM,16,6,2,0.0,0.7083333333333334,89.20334601402283,0.03817462921142578,288,0.3,
Hopfield,16,6,3,0.3333333333333333,0.9270833333333334,6.890296936035156e-05,0.0009216864903767904,256,0.0,
QAM,16,6,3,0.0,0.6666666666666666,91.74225902557373,0.03821249802907308,288,0.0,
Hopfield,16,6,3,0.16666666666666666,0.90625,6.890296936035156e-05,0.0008035103480021158,256,0.1,
QAM,16,6,3,0.0,0.6666666666666666,91.74225902557373,0.03514631589253744,288,0.1,
Hopfield,16,6,3,0.0,0.8229166666666666,6.890296936035156e-05,0.0008075237274169922,256,0.2,
QAM,16,6,3,0.0,0.6666666666666666,91.74225902557373,0.035103837649027504,288,0.2,
Hopfield,16,6,3,0.0,0.6875,6.890296936035156e-05,0.0007951656977335612,256,0.3,
QAM,16,6,3,0.0,0.6666666666666666,91.74225902557373,0.03477617104848226,288,0.3,
Hopfield,16,6,4,0.3333333333333333,0.8645833333333334,6.818771362304688e-05,0.0007776419321695963,256,0.0,
QAM,16,6,4,0.0,0.6875,90.26617670059204,0.032329161961873375,288,0.0,
Hopfield,16,6,4,0.3333333333333333,0.8229166666666666,6.818771362304688e-05,0.0007593631744384766,256,0.1,
QAM,16,6,4,0.0,0.6875,90.26617670059204,0.032265702883402504,288,0.1,
Hopfield,16,6,4,0.16666666666666666,0.78125,6.818771362304688e-05,0.0007775227228800455,256,0.2,
QAM,16,6,4,0.0,0.6875,90.26617670059204,0.0322419802347819,288,0.2,
Hopfield,16,6,4,0.16666666666666666,0.5208333333333334,6.818771362304688e-05,0.0007486740748087565,256,0.3,
QAM,16,6,4,0.0,0.6875,90.26617670059204,0.0321053663889567,288,0.3,
Hopfield,16,6,5,0.3333333333333333,0.90625,6.389617919921875e-05,0.0008003314336140951,256,0.0,
QAM,16,6,5,0.0,0.6145833333333334,86.98574328422546,0.03373448053995768,288,0.0,
Hopfield,16,6,5,0.0,0.7916666666666666,6.389617919921875e-05,0.0007784763971964518,256,0.1,
QAM,16,6,5,0.0,0.6145833333333334,86.98574328422546,0.03387864430745443,288,0.1,
Hopfield,16,6,5,0.0,0.6770833333333334,6.389617919921875e-05,0.000816504160563151,256,0.2,
QAM,16,6,5,0.0,0.6145833333333334,86.98574328422546,0.03473146756490072,288,0.2,
Hopfield,16,6,5,0.16666666666666666,0.65625,6.389617919921875e-05,0.0007753372192382812,256,0.3,
QAM,16,6,5,0.0,0.6145833333333334,86.98574328422546,0.035016139348347984,288,0.3,
Hopfield,16,6,6,0.16666666666666666,0.8020833333333334,6.723403930664062e-05,0.0008289813995361328,256,0.0,
QAM,16,6,6,0.0,0.6666666666666666,89.09678506851196,0.03499130407969157,288,0.0,
Hopfield,16,6,6,0.16666666666666666,0.8020833333333334,6.723403930664062e-05,0.0007909933725992838,256,0.1,
QAM,16,6,6,0.0,0.6666666666666666,89.09678506851196,0.0345993439356486,288,0.1,
Hopfield,16,6,6,0.0,0.7083333333333334,6.723403930664062e-05,0.0007964769999186198,256,0.2,
QAM,16,6,6,0.0,0.6666666666666666,89.09678506851196,0.035648504892985024,288,0.2,
Hopfield,16,6,6,0.0,0.71875,6.723403930664062e-05,0.0007990201314290365,256,0.3,
QAM,16,6,6,0.0,0.6666666666666666,89.09678506851196,0.03604233264923096,288,0.3,
Hopfield,16,6,7,0.5,0.9375,7.414817810058594e-05,0.0008228222529093424,256,0.0,
QAM,16,6,7,0.0,0.6875,89.02752470970154,0.03481002648671468,288,0.0,
Hopfield,16,6,7,0.3333333333333333,0.8541666666666666,7.414817810058594e-05,0.000769654909769694,256,0.1,
QAM,16,6,7,0.0,0.6875,89.02752470970154,0.034850358963012695,288,0.1,
Hopfield,16,6,7,0.3333333333333333,0.875,7.414817810058594e-05,0.0007919867833455404,256,0.2,
QAM,16,6,7,0.0,0.6875,89.02752470970154,0.0357216993967692,288,0.2,
Hopfield,16,6,7,0.16666666666666666,0.7083333333333334,7.414817810058594e-05,0.0008013645807902018,256,0.3,
QAM,16,6,7,0.0,0.6875,89.02752470970154,0.03595864772796631,288,0.3,
Hopfield,16,6,8,0.3333333333333333,0.9270833333333334,6.67572021484375e-05,0.0008466243743896484,256,0.0,
QAM,16,6,8,0.0,0.6770833333333334,89.56654119491577,0.03545467058817545,288,0.0,
Hopfield,16,6,8,0.16666666666666666,0.8854166666666666,6.67572021484375e-05,0.000782012939453125,256,0.1,
QAM,16,6,8,0.0,0.6770833333333334,89.56654119491577,0.03567198912302653,288,0.1,
Hopfield,16,6,8,0.0,0.7291666666666666,6.67572021484375e-05,0.0007744630177815756,256,0.2,
QAM,16,6,8,0.0,0.6770833333333334,89.56654119491577,0.03579866886138916,288,0.2,
Hopfield,16,6,8,0.0,0.6145833333333334,6.67572021484375e-05,0.0008138020833333334,256,0.3,
QAM,16,6,8,0.0,0.6770833333333334,89.56654119491577,0.035733540852864586,288,0.3,
Hopfield,16,6,9,0.6666666666666666,0.9479166666666666,6.890296936035156e-05,0.0007837216059366862,256,0.0,
QAM,16,6,9,0.0,0.625,87.2858681678772,0.03261343638102213,288,0.0,
Hopfield,16,6,9,0.5,0.875,6.890296936035156e-05,0.000769495964050293,256,0.1,
QAM,16,6,9,0.0,0.625,87.2858681678772,0.032443483670552574,288,0.1,
Hopfield,16,6,9,0.16666666666666666,0.78125,6.890296936035156e-05,0.0007643302281697592,256,0.2,
QAM,16,6,9,0.0,0.625,87.2858681678772,0.032640814781188965,288,0.2,
Hopfield,16,6,9,0.3333333333333333,0.78125,6.890296936035156e-05,0.0007689793904622396,256,0.3,
QAM,16,6,9,0.0,0.625,87.2858681678772,0.03221432367960612,288,0.3,
Hopfield,16,6,10,0.6666666666666666,0.9791666666666666,6.508827209472656e-05,0.0007824897766113281,256,0.0,
QAM,16,6,10,0.0,0.6666666666666666,87.79271507263184,0.035206000010172524,288,0.0,
Hopfield,16,6,10,0.5,0.875,6.508827209472656e-05,0.0007646481196085612,256,0.1,
QAM,16,6,10,0.0,0.6666666666666666,87.79271507263184,0.034214019775390625,288,0.1,
Hopfield,16,6,10,0.5,0.8645833333333334,6.508827209472656e-05,0.0007584889729817709,256,0.2,
QAM,16,6,10,0.0,0.6666666666666666,87.79271507263184,0.0329818328221639,288,0.2,
Hopfield,16,6,10,0.3333333333333333,0.8854166666666666,6.508827209472656e-05,0.000771800676981608,256,0.3,
QAM,16,6,10,0.0,0.6666666666666666,87.79271507263184,0.03388055165608724,288,0.3,
Hopfield,16,6,11,0.16666666666666666,0.8854166666666666,6.866455078125e-05,0.0007788340250651041,256,0.0,
QAM,16,6,11,0.0,0.6875,87.80828595161438,0.034018357594807945,288,0.0,
Hopfield,16,6,11,0.16666666666666666,0.8333333333333334,6.866455078125e-05,0.0007706483205159506,256,0.1,
QAM,16,6,11,0.0,0.6875,87.80828595161438,0.03396769364674886,288,0.1,
Hopfield,16,6,11,0.16666666666666666,0.8541666666666666,6.866455078125e-05,0.0007646878560384115,256,0.2,
QAM,16,6,11,0.0,0.6875,87.80828595161438,0.03398283322652181,288,0.2,
Hopfield,16,6,11,0.0,0.78125,6.866455078125e-05,0.0008084774017333984,256,0.3,
QAM,16,6,11,0.0,0.6875,87.80828595161438,0.034926652908325195,288,0.3,
Hopfield,16,6,12,0.6666666666666666,0.9270833333333334,6.818771362304688e-05,0.0008331537246704102,256,0.0,
QAM,16,6,12,0.0,0.6354166666666666,88.03615403175354,0.03510467211405436,288,0.0,
Hopfield,16,6,12,0.6666666666666666,0.9270833333333334,6.818771362304688e-05,0.0008310079574584961,256,0.1,
QAM,16,6,12,0.0,0.6354166666666666,88.03615403175354,0.0351113478342692,288,0.1,
Hopfield,16,6,12,0.3333333333333333,0.75,6.818771362304688e-05,0.0007958809534708658,256,0.2,
QAM,16,6,12,0.0,0.6354166666666666,88.03615403175354,0.03512414296468099,288,0.2,
Hopfield,16,6,12,0.16666666666666666,0.5833333333333334,6.818771362304688e-05,0.0007779995600382487,256,0.3,
QAM,16,6,12,0.0,0.6354166666666666,88.03615403175354,0.03447516759236654,288,0.3,
Hopfield,16,6,13,0.6666666666666666,0.9479166666666666,6.580352783203125e-05,0.0008516709009806315,256,0.0,
QAM,16,6,13,0.0,0.6354166666666666,87.70010495185852,0.03518482049306234,288,0.0,
Hopfield,16,6,13,0.6666666666666666,0.9270833333333334,6.580352783203125e-05,0.0008488496144612631,256,0.1,
QAM,16,6,13,0.0,0.6354166666666666,87.70010495185852,0.03408686319986979,288,0.1,
Hopfield,16,6,13,0.3333333333333333,0.8541666666666666,6.580352783203125e-05,0.0008116960525512695,256,0.2,
QAM,16,6,13,0.0,0.6354166666666666,87.70010495185852,0.034003655115763344,288,0.2,
Hopfield,16,6,13,0.3333333333333333,0.7083333333333334,6.580352783203125e-05,0.0007811784744262695,256,0.3,
QAM,16,6,13,0.0,0.6354166666666666,87.70010495185852,0.03389517466227213,288,0.3,
Hopfield,16,6,14,1.0,1.0,6.890296936035156e-05,0.0007646878560384115,256,0.0,
QAM,16,6,14,0.0,0.6458333333333334,88.37905979156494,0.034444967905680336,288,0.0,
Hopfield,16,6,14,0.8333333333333334,0.9791666666666666,6.890296936035156e-05,0.0007795492808024088,256,0.1,
QAM,16,6,14,0.0,0.6458333333333334,88.37905979156494,0.035050153732299805,288,0.1,
Hopfield,16,6,14,0.6666666666666666,0.8541666666666666,6.890296936035156e-05,0.0007661581039428711,256,0.2,
QAM,16,6,14,0.0,0.6458333333333334,88.37905979156494,0.03489530086517334,288,0.2,
Hopfield,16,6,14,0.5,0.78125,6.890296936035156e-05,0.0007839997609456381,256,0.3,
QAM,16,6,14,0.0,0.6458333333333334,88.37905979156494,0.034555514653523765,288,0.3,
Hopfield,16,6,15,0.3333333333333333,0.90625,6.508827209472656e-05,0.0007760127385457357,256,0.0,
QAM,16,6,15,0.0,0.6666666666666666,87.9620590209961,0.0349204937616984,288,0.0,
Hopfield,16,6,15,0.16666666666666666,0.8854166666666666,6.508827209472656e-05,0.000803669293721517,256,0.1,
QAM,16,6,15,0.0,0.6666666666666666,87.9620590209961,0.03453266620635986,288,0.1,
Hopfield,16,6,15,0.3333333333333333,0.90625,6.508827209472656e-05,0.0007853507995605469,256,0.2,
QAM,16,6,15,0.0,0.6666666666666666,87.9620590209961,0.03463133176167806,288,0.2,
Hopfield,16,6,15,0.0,0.6145833333333334,6.508827209472656e-05,0.0008004506429036459,256,0.3,
QAM,16,6,15,0.0,0.6666666666666666,87.9620590209961,0.03403818607330322,288,0.3,
Hopfield,16,6,16,0.16666666666666666,0.8229166666666666,6.890296936035156e-05,0.0007896820704142252,256,0.0,
QAM,16,6,16,0.0,0.6354166666666666,85.90933203697205,0.032505313555399575,288,0.0,
Hopfield,16,6,16,0.0,0.7604166666666666,6.890296936035156e-05,0.0007779995600382487,256,0.1,
QAM,16,6,16,0.0,0.6354166666666666,85.90933203697205,0.03224313259124756,288,0.1,
Hopfield,16,6,16,0.0,0.71875,6.890296936035156e-05,0.0007743040720621744,256,0.2,
QAM,16,6,16,0.0,0.6354166666666666,85.90933203697205,0.03332833449045817,288,0.2,
Hopfield,16,6,16,0.0,0.71875,6.890296936035156e-05,0.0007869799931844076,256,0.3,
QAM,16,6,16,0.0,0.6354166666666666,85.90933203697205,0.03514218330383301,288,0.3,
Hopfield,16,6,17,0.6666666666666666,0.9375,6.818771362304688e-05,0.0007779995600382487,256,0.0,
QAM,16,6,17,0.0,0.6666666666666666,83.2727301120758,0.03225151697794596,288,0.0,
Hopfield,16,6,17,0.6666666666666666,0.9375,6.818771362304688e-05,0.0007630189259847006,256,0.1,
QAM,16,6,17,0.0,0.6666666666666666,83.2727301120758,0.03249216079711914,288,0.1,
Hopfield,16,6,17,0.16666666666666666,0.78125,6.818771362304688e-05,0.0007978280385335287,256,0.2,
QAM,16,6,17,0.0,0.6666666666666666,83.2727301120758,0.033794005711873375,288,0.2,
Hopfield,16,6,17,0.16666666666666666,0.7291666666666666,6.818771362304688e-05,0.0007643302281697592,256,0.3,
QAM,16,6,17,0.0,0.6666666666666666,83.2727301120758,0.03292433420817057,288,0.3,
Hopfield,16,6,18,0.5,0.90625,6.389617919921875e-05,0.0007889668146769205,256,0.0,
QAM,16,6,18,0.0,0.6458333333333334,83.90041208267212,0.03248751163482666,288,0.0,
Hopfield,16,6,18,0.3333333333333333,0.8854166666666666,6.389617919921875e-05,0.0007763306299845377,256,0.1,
QAM,16,6,18,0.0,0.6458333333333334,83.90041208267212,0.03227865695953369,288,0.1,
Hopfield,16,6,18,0.0,0.6875,6.389617919921875e-05,0.0007783174514770508,256,0.2,
QAM,16,6,18,0.0,0.6458333333333334,83.90041208267212,0.03234219551086426,288,0.2,
Hopfield,16,6,18,0.0,0.6041666666666666,6.389617919921875e-05,0.0007609923680623373,256,0.3,
QAM,16,6,18,0.0,0.6458333333333334,83.90041208267212,0.03211585680643717,288,0.3,
Hopfield,16,6,19,0.16666666666666666,0.84375,6.198883056640625e-05,0.0007763703664143881,256,0.0,
QAM,16,6,19,0.0,0.6458333333333334,84.19921088218689,0.03432063261667887,288,0.0,
Hopfield,16,6,19,0.16666666666666666,0.84375,6.198883056640625e-05,0.0007775227228800455,256,0.1,
QAM,16,6,19,0.0,0.6458333333333334,84.19921088218689,0.03358149528503418,288,0.1,
Hopfield,16,6,19,0.16666666666666666,0.8125,6.198883056640625e-05,0.0007688204447428385,256,0.2,
QAM,16,6,19,0.0,0.6458333333333334,84.19921088218689,0.03372319539388021,288,0.2,
Hopfield,16,6,19,0.0,0.6875,6.198883056640625e-05,0.0008433262507120768,256,0.3,
QAM,16,6,19,0.0,0.6458333333333334,84.19921088218689,0.03438953558603922,288,0.3,
Hopfield,16,6,20,0.0,0.8125,6.890296936035156e-05,0.0007989803949991862,256,0.0,
QAM,16,6,20,0.0,0.6145833333333334,85.98343181610107,0.032976508140563965,288,0.0,
Hopfield,16,6,20,0.0,0.7916666666666666,6.890296936035156e-05,0.0007621447245279948,256,0.1,
QAM,16,6,20,0.0,0.6145833333333334,85.98343181610107,0.03278585275014242,288,0.1,
Hopfield,16,6,20,0.0,0.8125,6.890296936035156e-05,0.0007799863815307617,256,0.2,
QAM,16,6,20,0.0,0.6145833333333334,85.98343181610107,0.032794833183288574,288,0.2,
Hopfield,16,6,20,0.0,0.5833333333333334,6.890296936035156e-05,0.0007713635762532552,256,0.3,
QAM,16,6,20,0.0,0.6145833333333334,85.98343181610107,0.03273630142211914,288,0.3,
Hopfield,16,6,21,0.0,0.75,6.413459777832031e-05,0.0008010466893513998,256,0.0,
QAM,16,6,21,0.0,0.6354166666666666,84.67920899391174,0.033034960428873696,288,0.0,
Hopfield,16,6,21,0.0,0.75,6.413459777832031e-05,0.0007699728012084961,256,0.1,
QAM,16,6,21,0.0,0.6354166666666666,84.67920899391174,0.03296367327372233,288,0.1,
Hopfield,16,6,21,0.0,0.75,6.413459777832031e-05,0.0007796287536621094,256,0.2,
QAM,16,6,21,0.0,0.6354166666666666,84.67920899391174,0.032812158266703285,288,0.2,
Hopfield,16,6,21,0.0,0.59375,6.413459777832031e-05,0.0007805029551188151,256,0.3,
QAM,16,6,21,0.0,0.6354166666666666,84.67920899391174,0.03266346454620361,288,0.3,
Hopfield,16,6,22,0.5,0.8645833333333334,7.104873657226562e-05,0.0007778803507486979,256,0.0,
QAM,16,6,22,0.0,0.6041666666666666,83.82553720474243,0.03288749853769938,288,0.0,
Hopfield,16,6,22,0.5,0.8645833333333334,7.104873657226562e-05,0.0007548729578653971,256,0.1,
QAM,16,6,22,0.0,0.6041666666666666,83.82553720474243,0.03264280160268148,288,0.1,
Hopfield,16,6,22,0.3333333333333333,0.7604166666666666,7.104873657226562e-05,0.0007661581039428711,256,0.2,
QAM,16,6,22,0.0,0.6041666666666666,83.82553720474243,0.03272386391957601,288,0.2,
Hopfield,16,6,22,0.16666666666666666,0.6770833333333334,7.104873657226562e-05,0.0007815361022949219,256,0.3,
QAM,16,6,22,0.0,0.6041666666666666,83.82553720474243,0.0327228307723999,288,0.3,
Hopfield,16,6,23,0.3333333333333333,0.90625,6.413459777832031e-05,0.0007830460866292318,256,0.0,
QAM,16,6,23,0.0,0.625,83.1923348903656,0.03273284435272217,288,0.0,
Hopfield,16,6,23,0.16666666666666666,0.8541666666666666,6.413459777832031e-05,0.0007811387379964193,256,0.1,
QAM,16,6,23,0.0,0.625,83.1923348903656,0.032561659812927246,288,0.1,
Hopfield,16,6,23,0.16666666666666666,0.8020833333333334,6.413459777832031e-05,0.0007650454839070638,256,0.2,
QAM,16,6,23,0.0,0.625,83.1923348903656,0.03258744875590006,288,0.2,
Hopfield,16,6,23,0.16666666666666666,0.6770833333333334,6.413459777832031e-05,0.0007778406143188477,256,0.3,
QAM,16,6,23,0.0,0.625,83.1923348903656,0.03259146213531494,288,0.3,
Hopfield,16,6,24,0.16666666666666666,0.9166666666666666,6.413459777832031e-05,0.0007743438084920248,256,0.0,
QAM,16,6,24,0.0,0.6354166666666666,83.42186284065247,0.032740155855814614,288,0.0,
Hopfield,16,6,24,0.16666666666666666,0.8958333333333334,6.413459777832031e-05,0.0007726748784383138,256,0.1,
QAM,16,6,24,0.0,0.6354166666666666,83.42186284065247,0.03257131576538086,288,0.1,
Hopfield,16,6,24,0.0,0.84375,6.413459777832031e-05,0.0007723172505696615,256,0.2,
QAM,16,6,24,0.0,0.6354166666666666,83.42186284065247,0.032501220703125,288,0.2,
Hopfield,16,6,24,0.0,0.6770833333333334,6.413459777832031e-05,0.0007629791895548502,256,0.3,
QAM,16,6,24,0.0,0.6354166666666666,83.42186284065247,0.03244797388712565,288,0.3,
Hopfield,16,6,25,0.5,0.8958333333333334,6.604194641113281e-05,0.0007788340250651041,256,0.0,
QAM,16,6,25,0.0,0.7083333333333334,83.03879594802856,0.032722671826680504,288,0.0,
Hopfield,16,6,25,0.3333333333333333,0.8333333333333334,6.604194641113281e-05,0.0007570187250773112,256,0.1,
QAM,16,6,25,0.0,0.7083333333333334,83.03879594802856,0.03262662887573242,288,0.1,
Hopfield,16,6,25,0.0,0.7291666666666666,6.604194641113281e-05,0.0007891654968261719,256,0.2,
QAM,16,6,25,0.0,0.7083333333333334,83.03879594802856,0.032552480697631836,288,0.2,
Hopfield,16,6,25,0.0,0.6354166666666666,6.604194641113281e-05,0.0007775227228800455,256,0.3,
QAM,16,6,25,0.0,0.7083333333333334,83.03879594802856,0.032853166262308754,288,0.3,
Hopfield,16,6,26,0.16666666666666666,0.8333333333333334,7.104873657226562e-05,0.0007788737614949545,256,0.0,
QAM,16,6,26,0.0,0.6354166666666666,83.41996908187866,0.03274099032084147,288,0.0,
Hopfield,16,6,26,0.16666666666666666,0.8333333333333334,7.104873657226562e-05,0.0007604757944742838,256,0.1,
QAM,16,6,26,0.0,0.6354166666666666,83.41996908187866,0.03236051400502523,288,0.1,
Hopfield,16,6,26,0.0,0.7604166666666666,7.104873657226562e-05,0.0007721583048502604,256,0.2,
QAM,16,6,26,0.0,0.6354166666666666,83.41996908187866,0.03261268138885498,288,0.2,
Hopfield,16,6,26,0.0,0.7395833333333334,7.104873657226562e-05,0.0007703304290771484,256,0.3,
QAM,16,6,26,0.0,0.6354166666666666,83.41996908187866,0.032543023427327476,288,0.3,
Hopfield,16,6,27,0.16666666666666666,0.8541666666666666,6.29425048828125e-05,0.0007826884587605795,256,0.0,
QAM,16,6,27,0.0,0.6145833333333334,83.24718189239502,0.03571148713429769,288,0.0,
Hopfield,16,6,27,0.16666666666666666,0.8541666666666666,6.29425048828125e-05,0.0007901986440022787,256,0.1,
QAM,16,6,27,0.0,0.6145833333333334,83.24718189239502,0.03893450895945231,288,0.1,
Hopfield,16,6,27,0.0,0.7604166666666666,6.29425048828125e-05,0.0007751782735188802,256,0.2,
QAM,16,6,27,0.0,0.6145833333333334,83.24718189239502,0.03275815645853678,288,0.2,
Hopfield,16,6,27,0.16666666666666666,0.71875,6.29425048828125e-05,0.0007703304290771484,256,0.3,
QAM,16,6,27,0.0,0.6145833333333334,83.24718189239502,0.0329518715540568,288,0.3,
Hopfield,16,6,28,0.5,0.9479166666666666,6.794929504394531e-05,0.0007778406143188477,256,0.0,
QAM,16,6,28,0.0,0.65625,83.3958101272583,0.03275148073832194,288,0.0,
Hopfield,16,6,28,0.5,0.9270833333333334,6.794929504394531e-05,0.0007528463999430338,256,0.1,
QAM,16,6,28,0.0,0.65625,83.3958101272583,0.032467166582743325,288,0.1,
Hopfield,16,6,28,0.0,0.7604166666666666,6.794929504394531e-05,0.0007518529891967773,256,0.2,
QAM,16,6,28,0.0,0.65625,83.3958101272583,0.03247368335723877,288,0.2,
Hopfield,16,6,28,0.3333333333333333,0.7708333333333334,6.794929504394531e-05,0.0007685025533040365,256,0.3,
QAM,16,6,28,0.0,0.65625,83.3958101272583,0.03260032335917155,288,0.3,
Hopfield,16,6,29,1.0,1.0,6.389617919921875e-05,0.0011803309122721355,256,0.0,
QAM,16,6,29,0.0,0.6666666666666666,101.31877088546753,0.04746333758036295,288,0.0,
Hopfield,16,6,29,0.6666666666666666,0.8854166666666666,6.389617919921875e-05,0.0010948578516642253,256,0.1,
QAM,16,6,29,0.0,0.6666666666666666,101.31877088546753,0.047768354415893555,288,0.1,
Hopfield,16,6,29,0.3333333333333333,0.6979166666666666,6.389617919921875e-05,0.0010729630788167317,256,0.2,
QAM,16,6,29,0.0,0.6666666666666666,101.31877088546753,0.047423720359802246,288,0.2,
Hopfield,16,6,29,0.3333333333333333,0.71875,6.389617919921875e-05,0.0011655092239379883,256,0.3,
QAM,16,6,29,0.0,0.6666666666666666,101.31877088546753,0.046884497006734215,288,0.3,
