model,n_bits,capacity_ratio,noise_p,bit_acc_mean,bit_acc_std,full_acc_mean,full_acc_std,hamming_error_mean,hamming_error_std,input_bit_acc_mean,input_hamming_error_mean,recovery_gain_mean,recovery_gain_std,runtime_mean,runtime_std,energy_mean,energy_std,energy_drop_mean,energy_drop_std,bit_ci_low,bit_ci_high,full_ci_low,full_ci_high,bit_acc_ci95,full_acc_ci95,runtime_ci95,recovery_gain_ci95,hamming_error_ci95
hopfield,8,0.1,0.0,1.0,0.0,1.0,0.0,0.0,0.0,1.0,0.0,0.0,0.0,8.556604385375976e-05,1.1930138162917411e-05,-28.0,0.0,0.0,0.0,1.0,1.0,1.0,1.0,0.0,0.0,1.3500222220466397e-06,0.0,0.0
hopfield,8,0.1,0.03333333333333333,1.0,0.0,1.0,0.0,0.0,0.0,0.9679166666666666,0.03208333333333333,0.03208333333333333,0.06015095049156762,0.0001018993059794108,1.1071080385502968e-05,-28.0,0.0,3.513333333333333,6.463933038274754,1.0,1.0,1.0,1.0,0.0,0.0,1.2528106831948642e-06,0.00680672082183041,0.0
hopfield,8,0.1,0.06666666666666667,1.0,0.0,1.0,0.0,0.0,0.0,0.9320833333333334,0.06791666666666667,0.06791666666666667,0.08983583907418445,8.90350341796875e-05,1.4334534106455475e-05,-28.0,0.0,7.073333333333333,8.743537827142463,1.0,1.0,1.0,1.0,0.0,0.0,1.622105236513708e-06,0.010165882190981832,0.0
hopfield,8,0.1,0.1,1.0,0.0,1.0,0.0,0.0,0.0,0.9033333333333333,0.09666666666666666,0.09666666666666666,0.10785095417570918,9.758631388346354e-05,1.4596227381765682e-05,-28.0,0.0,9.693333333333333,9.648641172576898,1.0,1.0,1.0,1.0,0.0,0.0,1.6517186183710188e-06,0.01220448437543792,0.0
hopfield,8,0.1,0.13333333333333333,1.0,0.0,1.0,0.0,0.0,0.0,0.8658333333333333,0.13416666666666666,0.13416666666666666,0.12061425378568026,9.765386581420898e-05,1.351123286108205e-05,-28.0,0.0,13.013333333333334,10.161891343370606,1.0,1.0,1.0,1.0,0.0,0.0,1.52893993016817e-06,0.013648787690688594,0.0
hopfield,8,0.1,0.16666666666666666,0.99,0.09966499068325331,0.99,0.09966499068325331,0.01,0.09966499068325334,0.8316666666666667,0.16833333333333333,0.15833333333333333,0.14029849529304955,8.980751037597656e-05,1.3542494805360176e-05,-28.0,0.0,15.613333333333333,10.203800634085134,0.9766666666666667,1.0,0.9766666666666667,1.0,0.011278155403152535,0.011278155403152535,1.532477552189266e-06,0.01587626930877095,0.011278155403152539
hopfield,8,0.1,0.2,0.9633333333333334,0.18825609351281192,0.9633333333333334,0.18825609351281192,0.03666666666666667,0.18825609351281186,0.805,0.195,0.15833333333333333,0.1720831123247721,9.226799011230469e-05,1.4578739120720213e-05,-28.0,0.0,17.333333333333332,10.416520623279455,0.9366666666666666,0.9833333333333333,0.9465833333333333,0.9833333333333333,0.021303182428177025,0.021303182428177025,1.649739635335456e-06,0.019473037319844372,0.02130318242817702
hopfield,8,0.1,0.23333333333333334,0.94,0.2378836454288983,0.94,0.2378836454288983,0.06,0.23788364542889834,0.77875,0.22125,0.16125,0.20289630488285662,9.608666102091471e-05,1.4684276767718648e-05,-28.0,0.0,18.886666666666667,10.31804385460283,0.91325,0.9634166666666667,0.91,0.97,0.026919068597940046,0.026919068597940046,1.6616823443606762e-06,0.022959878303372736,0.02691906859794005
hopfield,8,0.1,0.26666666666666666,0.9233333333333333,0.26650636207348033,0.9233333333333333,0.26650636207348033,0.07666666666666666,0.2665063620734803,0.7520833333333333,0.24791666666666667,0.17125,0.21613553478776534,9.736378987630208e-05,1.2890144307596648e-05,-28.0,0.0,20.633333333333333,9.620850174620596,0.8933333333333333,0.9500833333333333,0.8933333333333333,0.9566666666666667,0.03015803389723886,0.03015803389723886,1.458657144033273e-06,0.024458038201467365,0.030158033897238853
hopfield,8,0.1,0.3,0.8933333333333333,0.30920475550187154,0.8933333333333333,0.30920475550187154,0.10666666666666667,0.30920475550187154,0.71375,0.28625,0.17958333333333334,0.24893131392493964,8.778254191080729e-05,1.342815039894807e-05,-28.0,0.0,22.793333333333333,9.148201326705447,0.8566666666666667,0.9234166666666667,0.86325,0.9235000000000001,0.03498981196944872,0.03498981196944872,1.5195382645200839e-06,0.02816922997644106,0.03498981196944872
hopfield,8,0.1,0.3333333333333333,0.85,0.357668032405305,0.85,0.357668032405305,0.15,0.357668032405305,0.6816666666666666,0.31833333333333336,0.16833333333333333,0.2887909675967037,9.406884511311849e-05,1.3543722153252632e-05,-28.0,0.0,24.24,8.838710842908508,0.8066666666666666,0.8933333333333333,0.81,0.8933333333333333,0.04047394801878641,0.04047394801878641,1.5326164396779412e-06,0.03267977440477192,0.04047394801878641
hopfield,8,0.1,0.36666666666666664,0.7866666666666666,0.41034558674051014,0.7866666666666666,0.41034558674051014,0.21333333333333335,0.41034558674051025,0.6425,0.3575,0.14416666666666667,0.320279151165239,9.70458984375e-05,1.334130920707037e-05,-28.0,0.0,25.746666666666666,7.450336498128122,0.7366666666666667,0.8300833333333333,0.7466666666666667,0.8333333333333334,0.046434974453220056,0.046434974453220056,1.5097112585606457e-06,0.03624299781165081,0.04643497445322007
hopfield,8,0.1,0.4,0.7666666666666667,0.4236592728681617,0.7666666666666667,0.4236592728681617,0.23333333333333334,0.4236592728681617,0.6025,0.3975,0.16416666666666666,0.3234936362039244,8.804798126220703e-05,1.2348760327525631e-05,-28.0,0.0,26.933333333333334,6.2315055237503145,0.7266666666666667,0.81,0.72,0.8134166666666667,0.04794155986608239,0.04794155986608239,1.3973937794539984e-06,0.036606751036919453,0.04794155986608239
hopfield,8,0.1,0.43333333333333335,0.7166666666666667,0.45136977205609974,0.7166666666666667,0.45136977205609974,0.2833333333333333,0.4513697720560997,0.5770833333333333,0.42291666666666666,0.13958333333333334,0.3502057346439097,9.070078531901042e-05,1.393454983474924e-05,-28.0,0.0,27.673333333333332,5.681627571546858,0.6599166666666667,0.7635000000000001,0.6633333333333333,0.7669166666666668,0.05107729804252724,0.05107729804252724,1.5768427552332306e-06,0.03962950953300873,0.05107729804252723
hopfield,8,0.1,0.4666666666666667,0.64,0.4808020055718078,0.64,0.4808020055718078,0.36,0.48080200557180786,0.545,0.455,0.095,0.3689393185007338,9.628216425577799e-05,1.3569643490411431e-05,-28.0,0.0,27.986666666666668,5.486360913739478,0.5830833333333334,0.6933333333333334,0.5865,0.6900833333333333,0.05440786879938385,0.05440786879938385,1.5355497151112732e-06,0.041749414110803004,0.054407868799383856
hopfield,8,0.1,0.5,0.5166666666666667,0.5005571032368754,0.5166666666666667,0.5005571032368754,0.48333333333333334,0.5005571032368755,0.5045833333333334,0.49541666666666667,0.012083333333333333,0.3887660477138821,9.155114491780599e-05,1.4167716308086995e-05,-28.0,0.0,28.433333333333334,5.037540232514565,0.45658333333333334,0.5766666666666667,0.4666666666666667,0.5766666666666667,0.0566433685465235,0.0566433685465235,1.6032280255581503e-06,0.04399301973068176,0.05664336854652351
hopfield,8,0.25,0.0,0.99625,0.021359030735965838,0.97,0.17087224588772665,0.00375,0.02135903073596583,1.0,0.0,-0.00375,0.02135903073596583,9.685834248860677e-05,1.3516256390572605e-05,-14.02,2.8436868997740397,0.0,0.0,0.99375,0.99834375,0.9499166666666666,0.99,0.002417001860427716,0.01933601488342172,1.529508396044486e-06,0.002417001860427715,0.002417001860427715
hopfield,8,0.25,0.03333333333333333,0.9829166666666667,0.07350682894735161,0.93,0.2555733275451653,0.017083333333333332,0.0735068289473516,0.9620833333333333,0.03791666666666667,0.020833333333333332,0.08103720741429365,9.288390477498372e-05,1.3882619368314474e-05,-14.076666666666666,2.999016932946955,2.0933333333333333,3.941625331815577,0.97290625,0.9904270833333333,0.8966666666666666,0.9566666666666667,0.008318080746085726,0.028920844573354355,1.5709662697532808e-06,0.009170223288943522,0.008318080746085725
hopfield,8,0.25,0.06666666666666667,0.97875,0.08624275937810956,0.9233333333333333,0.2665063620734803,0.02125,0.08624275937810953,0.925,0.075,0.05375,0.10904198586908734,8.934338887532552e-05,1.3419944351977852e-05,-14.073333333333334,2.8709050620212713,4.093333333333334,4.982036851817247,0.9695520833333333,0.9879166666666667,0.89325,0.95,0.009759286947151103,0.030158033897238853,1.5186096628883451e-06,0.012339262299319831,0.009759286947151101
hopfield,8,0.25,0.1,0.95625,0.1301710509612687,0.8733333333333333,0.33315491323044844,0.04375,0.13017105096126871,0.8883333333333333,0.11166666666666666,0.06791666666666667,0.1318040873685096,9.382168451944987e-05,1.401266688739437e-05,-14.13,2.9770190023693552,5.666666666666667,5.536943926847407,0.94125,0.9691770833333333,0.8366666666666667,0.91,0.014730241097384253,0.03770002745174737,1.585682531902332e-06,0.014915036563210382,0.014730241097384257
hopfield,8,0.25,0.13333333333333333,0.9266666666666666,0.17894307559453923,0.82,0.38482937191039596,0.07333333333333333,0.17894307559453917,0.8516666666666667,0.14833333333333334,0.075,0.15232314708252234,9.330987930297852e-05,1.3897859618278063e-05,-14.076666666666666,2.931341803928779,7.073333333333333,5.75136647036834,0.9070208333333334,0.9441875000000001,0.78,0.85675,0.020249315241368845,0.04354754292705017,1.5726908663874038e-06,0.017236986754493422,0.02024931524136884
hopfield,8,0.25,0.16666666666666666,0.9075,0.19951341309969356,0.7766666666666666,0.4171758315991676,0.0925,0.19951341309969356,0.8195833333333333,0.18041666666666667,0.08791666666666667,0.16776688832508982,9.452422459920247e-05,1.507126382189984e-05,-14.036666666666667,2.8275973152980054,8.486666666666666,5.816867028649141,0.8837395833333334,0.9275729166666666,0.7232500000000001,0.8200833333333333,0.02257706806096962,0.04720788941994433,1.705474052021941e-06,0.01898461059457691,0.02257706806096962
hopfield,8,0.25,0.2,0.8933333333333333,0.21193815487983378,0.7466666666666667,0.43564685564303235,0.10666666666666667,0.21193815487983378,0.7895833333333333,0.21041666666666667,0.10375,0.17858985213130374,9.267807006835938e-05,1.4343805309765585e-05,-14.05,2.7916801859936538,9.373333333333333,5.68815781720235,0.8624270833333334,0.9158333333333334,0.6999166666666666,0.7933333333333333,0.023983059951199225,0.049298082557915276,1.6231543719321616e-06,0.02020934424369856,0.023983059951199225
hopfield,8,0.25,0.23333333333333334,0.84875,0.2582026002501131,0.6833333333333333,0.4659534285176794,0.15125,0.2582026002501131,0.7566666666666667,0.24333333333333335,0.09208333333333334,0.1915595466740358,9.546597798665365e-05,1.3625204044970094e-05,-14.16,2.891759714687863,10.38,5.87742122597645,0.8191666666666667,0.8745937500000001,0.6333333333333333,0.7366666666666667,0.02921837478893337,0.0527275941273642,1.541836983732904e-06,0.02167700334426706,0.02921837478893337
hopfield,8,0.25,0.26666666666666666,0.8016666666666666,0.2944180625245183,0.6133333333333333,0.48779987489616883,0.19833333333333333,0.29441806252451824,0.7233333333333334,0.27666666666666667,0.07833333333333334,0.2192867479236689,8.743762969970703e-05,1.2576652095621991e-05,-14.173333333333334,2.8349152905458745,11.373333333333333,5.676386182174904,0.7699583333333333,0.8350104166666666,0.5633333333333334,0.66675,0.033316540139952465,0.05519975226006589,1.4231821606906788e-06,0.024814631536915776,0.03331654013995246
hopfield,8,0.25,0.3,0.77125,0.31396645886299684,0.5733333333333334,0.4954193746157942,0.22875,0.3139664588629968,0.6954166666666667,0.3045833333333333,0.07583333333333334,0.23352784932477838,9.564956029256185e-05,1.3856109418011834e-05,-14.253333333333334,2.9741060131542882,12.106666666666667,5.677093168606542,0.7341666666666666,0.8046458333333333,0.5166666666666667,0.6266666666666667,0.035528649430048694,0.05606197982205222,1.567966386472368e-06,0.02642616386750329,0.035528649430048694
hopfield,8,0.25,0.3333333333333333,0.7225,0.32837837605349685,0.49,0.5007352453674269,0.2775,0.3283783760534969,0.6625,0.3375,0.06,0.2536192864805759,9.781678517659505e-05,1.264142368973162e-05,-14.19,2.853250214982495,12.76,5.676543297880237,0.6829062499999999,0.7654166666666666,0.43325,0.5368333333333334,0.03715951138686555,0.05666352722630096,1.4305117565605058e-06,0.028699724010963296,0.03715951138686556
hopfield,8,0.25,0.36666666666666664,0.6683333333333333,0.35325370887176977,0.43,0.495902946594867,0.33166666666666667,0.3532537088717697,0.6275,0.3725,0.04083333333333333,0.2659999853312207,8.951346079508463e-05,1.3312954822381014e-05,-14.14,2.833223815838672,13.28,5.184386128730438,0.6345520833333333,0.7046041666666667,0.37333333333333335,0.48008333333333336,0.03997442028623259,0.05611670114286111,1.5065026578805567e-06,0.030100731974541682,0.03997442028623258
hopfield,8,0.25,0.4,0.6129166666666667,0.37130261039189444,0.38,0.48619744946494814,0.38708333333333333,0.3713026103918945,0.59125,0.40875,0.021666666666666667,0.27649966081411986,9.233474731445312e-05,1.3612038193257694e-05,-14.02,2.6914207808141013,13.633333333333333,4.814855310504411,0.57453125,0.6567395833333333,0.32983333333333337,0.42675,0.042016845763871914,0.055018420752267864,1.540347127358972e-06,0.031288882105966975,0.04201684576387192
hopfield,8,0.25,0.43333333333333335,0.5733333333333334,0.3727459196615076,0.33,0.4709983703612392,0.4266666666666667,0.3727459196615076,0.56125,0.43875,0.012083333333333333,0.27146526054204306,9.49724515279134e-05,1.359596139958313e-05,-14.01,2.6746487282254456,13.766666666666667,4.864610674274264,0.5303333333333333,0.61834375,0.2798333333333334,0.37666666666666665,0.04218017158295758,0.05329848303952355,1.538527866892452e-06,0.03071918608491777,0.04218017158295758
hopfield,8,0.25,0.4666666666666667,0.5341666666666667,0.36800802333602434,0.2833333333333333,0.45136977205609974,0.4658333333333333,0.36800802333602434,0.5316666666666666,0.4683333333333333,0.0025,0.27124218774872705,8.939663569132487e-05,1.2871165461190543e-05,-13.95,2.6173143579173934,13.96,4.603154364165343,0.4949895833333333,0.5697395833333334,0.22991666666666669,0.33666666666666667,0.041644028142051155,0.05107729804252724,1.4565094853853044e-06,0.03069394302201287,0.041644028142051155
hopfield,8,0.25,0.5,0.49875,0.36654130635470544,0.25,0.4337361989746804,0.50125,0.36654130635470533,0.5070833333333333,0.49291666666666667,-0.008333333333333333,0.2713179567735639,9.379386901855468e-05,1.4548754616265617e-05,-14.0,2.7468437344836785,13.846666666666666,4.804174141949491,0.46125,0.5425104166666667,0.1999166666666667,0.30341666666666667,0.041478053491029225,0.04908187140212209,1.6463465692386535e-06,0.030702517094322482,0.04147805349102921
hopfield,8,0.5,0.0,0.9120833333333334,0.11669677307037678,0.5666666666666667,0.49636358810271625,0.08791666666666667,0.11669677307037676,1.0,0.0,-0.08791666666666667,0.11669677307037676,9.13699467976888e-05,1.332153103795376e-05,-7.735,2.7169617720724384,0.7166666666666667,1.3793952757075725,0.9020833333333333,0.9250104166666667,0.52325,0.6234166666666666,0.013205483015765568,0.05616882763657822,1.5074731480329894e-06,0.013205483015765568,0.013205483015765568
hopfield,8,0.5,0.03333333333333333,0.8875,0.1422099230270443,0.5166666666666667,0.5005571032368752,0.1125,0.1422099230270443,0.9675,0.0325,-0.08,0.1392616699204418,9.083827336629232e-05,1.3808569447866054e-05,-7.706666666666667,2.6657035607511883,1.5766666666666667,2.5558881240312727,0.8691458333333333,0.9025,0.45666666666666667,0.5733333333333334,0.016092567718855595,0.05664336854652347,1.5625867324184252e-06,0.01575894147280732,0.016092567718855595
hopfield,8,0.5,0.06666666666666667,0.8595833333333334,0.17204818603115493,0.46,0.49923017660270635,0.14041666666666666,0.17204818603115501,0.9366666666666666,0.06333333333333334,-0.07708333333333334,0.16114476464594873,0.00010042190551757812,1.1795574564728463e-05,-7.741666666666666,2.563396293477386,2.513333333333333,3.2719271456401358,0.8391562499999999,0.87584375,0.4166666666666667,0.5134166666666666,0.019469085037660122,0.05649321266243475,1.334794917437687e-06,0.01823524675638013,0.019469085037660133
hopfield,8,0.5,0.1,0.8320833333333333,0.1865060985729562,0.41,0.49265508228408084,0.16791666666666666,0.18650609857295616,0.9025,0.0975,-0.07041666666666667,0.1701177333482729,9.137471516927083e-05,1.420156309367537e-05,-7.706666666666667,2.5773561592182843,3.243333333333333,3.486829815572417,0.8141458333333333,0.8516770833333334,0.3566666666666667,0.4666666666666667,0.02110515185845421,0.05574917069737285,1.607058149909198e-06,0.01925063375194065,0.021105151858454206
hopfield,8,0.5,0.13333333333333333,0.7983333333333333,0.2170062085225828,0.37333333333333335,0.4844976941199833,0.20166666666666666,0.21700620852258282,0.8683333333333333,0.13166666666666665,-0.07,0.1868257106338582,9.632269541422526e-05,1.3517615322751676e-05,-7.721666666666667,2.606596447288868,3.8866666666666667,3.664959570180698,0.77496875,0.8216875,0.31666666666666665,0.42,0.02455656420964131,0.05482607532789736,1.529662173696928e-06,0.021141319367896223,0.024556564209641314
hopfield,8,0.5,0.16666666666666666,0.7725,0.22354602677515098,0.31666666666666665,0.46595342851767935,0.2275,0.22354602677515098,0.8395833333333333,0.16041666666666668,-0.06708333333333333,0.1969930555510526,9.03471310933431e-05,1.4300555870185636e-05,-7.781666666666666,2.546194725629793,4.566666666666666,3.795643809507297,0.7453958333333333,0.7971041666666667,0.27,0.3734166666666667,0.02529661431204132,0.05272759412736419,1.6182602371177398e-06,0.022291862755573873,0.02529661431204132
hopfield,8,0.5,0.2,0.75625,0.23737454880716405,0.30666666666666664,0.4618802153517006,0.24375,0.23737454880716402,0.80375,0.19625,-0.0475,0.21306118109508382,9.450038274129232e-05,1.3576271440819996e-05,-7.863333333333333,2.624107853916356,5.216666666666667,3.8312727727330826,0.7283333333333334,0.7825,0.24666666666666667,0.35675,0.026861458891906092,0.052266666666666656,1.536299738305975e-06,0.02411014233078482,0.02686145889190609
hopfield,8,0.5,0.23333333333333334,0.725,0.2582258740070192,0.28,0.44974909393087037,0.275,0.25822587400701924,0.7704166666666666,0.22958333333333333,-0.04541666666666667,0.2175173303876086,8.901278177897136e-05,1.3762805269335759e-05,-7.9816666666666665,2.634761935560621,5.74,3.75847759686736,0.6953541666666667,0.7517812500000001,0.23658333333333334,0.33675000000000005,0.029221008462457062,0.05089390104796054,1.5574080281028584e-06,0.024614403093528133,0.02922100846245707
hopfield,8,0.5,0.26666666666666666,0.70125,0.2736866250460498,0.2633333333333333,0.44117760727332955,0.29875,0.27368662504604974,0.7366666666666667,0.2633333333333333,-0.035416666666666666,0.22755845966279206,9.525775909423829e-05,1.3252529317166791e-05,-8.06,2.556989241262682,6.3133333333333335,3.6349044908701593,0.6678854166666667,0.7300208333333333,0.22325,0.32683333333333336,0.030970557142211655,0.04992394602265959,1.499664868267092e-06,0.025750663836767156,0.030970557142211648
hopfield,8,0.5,0.3,0.6654166666666667,0.29182319816201613,0.24333333333333335,0.4298116047846786,0.33458333333333334,0.29182319816201613,0.7008333333333333,0.2991666666666667,-0.035416666666666666,0.24396099335032473,9.34449831644694e-05,1.3805766066549825e-05,-8.105,2.6260481264709914,6.883333333333334,3.658003854045205,0.6275,0.6971458333333334,0.19333333333333333,0.2934166666666667,0.03302290359486503,0.0486377617617588,1.562269499958742e-06,0.027606785255785377,0.03302290359486503
hopfield,8,0.5,0.3333333333333333,0.6354166666666666,0.2984873958374148,0.21,0.4079887859958013,0.3645833333333333,0.29848739583741485,0.6666666666666666,0.3333333333333333,-0.03125,0.24453153800056762,9.680827458699545e-05,1.2106161516941996e-05,-8.15,2.5421200958923635,7.333333333333333,3.589592288577672,0.5995625,0.6704375,0.17,0.2534166666666667,0.03377702855394259,0.0461682773425208,1.3699411396892716e-06,0.027671348460836256,0.033777028553942594
hopfield,8,0.5,0.36666666666666664,0.61625,0.29871607222581775,0.18666666666666668,0.3902947461236545,0.38375,0.2987160722258178,0.6341666666666667,0.36583333333333334,-0.017916666666666668,0.2521683418492342,8.97677739461263e-05,1.3861829861977818e-05,-8.133333333333333,2.5186041328778495,7.693333333333333,3.6068434891753904,0.5824583333333333,0.6441875,0.14325000000000002,0.23008333333333336,0.03380290572332533,0.044166008240606555,1.5686137156456424e-06,0.028535534169360357,0.03380290572332534
hopfield,8,0.5,0.4,0.5854166666666667,0.3115090195909432,0.15666666666666668,0.3640935354604673,0.41458333333333336,0.3115090195909433,0.595,0.405,-0.009583333333333333,0.26768906310102003,9.941418965657553e-05,1.2079068587704596e-05,-8.27,2.5630053951403227,8.076666666666666,3.5580408097107945,0.5504166666666667,0.6225520833333335,0.11991666666666666,0.19333333333333333,0.035250563997902176,0.04120106213882745,1.3668752861315551e-06,0.030291869117536552,0.03525056399790219
hopfield,8,0.5,0.43333333333333335,0.5325,0.316237681029649,0.10666666666666667,0.30920475550187165,0.4675,0.31623768102964894,0.54875,0.45125,-0.01625,0.2700885910029644,8.751074473063151e-05,1.3533999519252229e-05,-8.228333333333333,2.6344191839971614,7.986666666666666,3.693955410867935,0.5012395833333333,0.565875,0.06991666666666667,0.14333333333333334,0.035785662412992685,0.03498981196944873,1.5315162200678976e-06,0.030563401261239208,0.03578566241299268
hopfield,8,0.5,0.4666666666666667,0.5025,0.31509209249972114,0.08666666666666667,0.28181605677298177,0.4975,0.31509209249972125,0.51375,0.48625,-0.01125,0.26009810504402303,9.311199188232422e-05,1.4057148074318863e-05,-8.236666666666666,2.6616291605298494,8.096666666666666,3.590304980788187,0.47159375000000003,0.5379895833333334,0.05333333333333334,0.11333333333333333,0.035656026867150345,0.03189048894300861,1.590716052050299e-06,0.029432871348724132,0.03565602686715035
hopfield,8,0.5,0.5,0.47458333333333336,0.3065782288807122,0.06,0.23788364542889825,0.5254166666666666,0.3065782288807121,0.4825,0.5175,-0.007916666666666667,0.2535076530522813,9.632746378580729e-05,1.3431719364811475e-05,-8.046666666666667,2.589111924466303,7.923333333333333,3.4521268063585793,0.44203125,0.50834375,0.03333333333333333,0.09,0.034692592502503734,0.02691906859794004,1.519942131026869e-06,0.02868709149934751,0.034692592502503734
hopfield,8,0.75,0.0,0.8304166666666667,0.15143486426824576,0.29,0.4545202182109635,0.16958333333333334,0.1514348642682458,1.0,0.0,-0.16958333333333334,0.1514348642682458,8.781115214029948e-05,1.2334856680435042e-05,-6.163333333333333,2.020976029050389,1.5155555555555553,1.6830131119934362,0.8153958333333333,0.8491875,0.23666666666666666,0.3434166666666667,0.01713646809139336,0.05143380458590053,1.3958204336734663e-06,0.017136468091393364,0.017136468091393364
hopfield,8,0.75,0.03333333333333333,0.8129166666666666,0.16277097722149678,0.2633333333333333,0.4411776072733297,0.18708333333333332,0.16277097722149675,0.965,0.035,-0.15208333333333332,0.16082014837274275,9.572744369506836e-05,1.2527634732184597e-05,-6.231111111111111,2.0271097131565887,2.1955555555555555,2.2000258998734448,0.7966249999999999,0.8275104166666667,0.22,0.32008333333333333,0.018419270032957562,0.04992394602265961,1.4176353238474718e-06,0.01819851296700724,0.01841927003295756
hopfield,8,0.75,0.06666666666666667,0.7933333333333333,0.17999132891290906,0.24333333333333335,0.4298116047846785,0.20666666666666667,0.17999132891290906,0.9191666666666667,0.08083333333333333,-0.12583333333333332,0.1859940451690593,9.693304697672526e-05,1.3663485434818335e-05,-6.332222222222222,1.979361805592493,3.1422222222222222,2.747208080187572,0.7733020833333333,0.8120937500000001,0.20333333333333334,0.29333333333333333,0.020367936271134635,0.04863776176175879,1.5461689307967358e-06,0.021047207561020662,0.020367936271134635
hopfield,8,0.75,0.1,0.7720833333333333,0.2002867753083905,0.23666666666666666,0.4257461153528186,0.22791666666666666,0.2002867753083905,0.89125,0.10875,-0.11916666666666667,0.21141972445473783,8.806626001993815e-05,1.2642257187420107e-05,-6.344444444444444,1.966428255551518,3.6088888888888886,2.8521727045584493,0.7458020833333333,0.7909375000000001,0.19333333333333333,0.2834166666666667,0.022664582233326583,0.0481777083238559,1.4306060757030098e-06,0.02392439402588412,0.022664582233326583
hopfield,8,0.75,0.13333333333333333,0.7504166666666666,0.21866746730996525,0.22,0.4149384448848749,0.24958333333333332,0.21866746730996528,0.8641666666666666,0.13583333333333333,-0.11375,0.22751865115210568,9.467283884684244e-05,1.2887191001687728e-05,-6.3966666666666665,1.919232202792267,4.073333333333333,2.954220255326697,0.72790625,0.7771250000000001,0.17,0.27,0.024744553338426734,0.04695470527887581,1.4583229460088162e-06,0.025746159079712436,0.024744553338426737
hopfield,8,0.75,0.16666666666666666,0.7345833333333334,0.22074155136089108,0.20333333333333334,0.4031509118779828,0.2654166666666667,0.2207415513608911,0.83,0.17,-0.09541666666666666,0.22724592866732535,9.474992752075196e-05,1.539561618968453e-05,-6.463333333333333,1.8822026281875979,4.613333333333333,3.0655128458063565,0.7087291666666666,0.7608333333333334,0.16325,0.2434166666666667,0.024979258043511025,0.0456208203493721,1.7421779776850865e-06,0.025715297625312047,0.02497925804351103
hopfield,8,0.75,0.2,0.715,0.22933851365645908,0.17666666666666667,0.3820235974197239,0.285,0.22933851365645908,0.8041666666666667,0.19583333333333333,-0.08916666666666667,0.23057323988716122,9.357372919718425e-05,1.3419506391798463e-05,-6.553333333333334,1.818534576096729,4.906666666666666,2.979708409787418,0.6903958333333333,0.7375520833333334,0.12658333333333335,0.22675,0.02595209590864064,0.04323003965418509,1.5185601030285621e-06,0.026091818334888228,0.02595209590864064
hopfield,8,0.75,0.23333333333333334,0.68625,0.2471588135126683,0.16333333333333333,0.37028718253185616,0.31375,0.24715881351266836,0.7754166666666666,0.22458333333333333,-0.08916666666666667,0.24571438178014912,9.707768758138021e-05,1.3060404659358207e-05,-6.555555555555555,1.778381539988351,5.251111111111111,2.897079262325884,0.6541458333333333,0.7097291666666667,0.12666666666666668,0.21333333333333335,0.027968652672768997,0.0419019392843981,1.477923916577957e-06,0.027805199835048186,0.027968652672769004
hopfield,8,0.75,0.26666666666666666,0.6608333333333334,0.2575517720248351,0.14333333333333334,0.35099794026335734,0.33916666666666667,0.25755177202483515,0.7416666666666667,0.25833333333333336,-0.08083333333333333,0.25686098205559393,8.666674296061198e-05,1.2231585579762523e-05,-6.566666666666666,1.7850904043675608,5.6066666666666665,2.88734858745485,0.6333229166666666,0.6892187500000001,0.11,0.18333333333333332,0.029144726642125515,0.03971915603802649,1.3841342085099998e-06,0.02906655639828532,0.02914472664212552
hopfield,8,0.75,0.3,0.6479166666666667,0.26628763911361814,0.15,0.3576680324053051,0.35208333333333336,0.26628763911361814,0.7225,0.2775,-0.07458333333333333,0.26817276488919706,9.397665659586589e-05,1.4016633017735177e-05,-6.5633333333333335,1.7922756347581141,5.777777777777778,2.8837675784553496,0.6174791666666667,0.6796145833333334,0.11333333333333333,0.19008333333333335,0.030133283064326995,0.040473948018786426,1.5861313418006336e-06,0.03034660512762841,0.030133283064326995
hopfield,8,0.75,0.3333333333333333,0.625,0.2764064067134494,0.14,0.3475667929841461,0.375,0.2764064067134494,0.6908333333333333,0.30916666666666665,-0.06583333333333333,0.26192170998747843,9.670098622639973e-05,1.2457521071509489e-05,-6.525555555555555,1.8136151195357015,5.931111111111111,2.9376770986671934,0.5945625,0.6487916666666668,0.1,0.17675000000000002,0.03127832941106245,0.03933088517219124,1.4097012162380019e-06,0.02963923167450404,0.03127832941106245
hopfield,8,0.75,0.36666666666666664,0.59,0.2881146185892275,0.11666666666666667,0.3215590505108516,0.41,0.2881146185892275,0.66,0.34,-0.07,0.2618352388577447,9.119113286336263e-05,1.3920254871976443e-05,-6.496666666666667,1.9039525474290029,6.104444444444444,2.941681812592138,0.5533020833333333,0.6237604166666667,0.08,0.15666666666666668,0.03260323830959154,0.03638783205706892,1.5752251279146645e-06,0.029629446545018374,0.03260323830959154
hopfield,8,0.75,0.4,0.5775,0.2835623541580443,0.1,0.30050125348237994,0.4225,0.2835623541580443,0.6154166666666666,0.38458333333333333,-0.03791666666666667,0.2635734805597929,9.769916534423827e-05,1.2788548480340535e-05,-6.435555555555555,1.8991467374156725,6.304444444444444,2.989996120266251,0.5499895833333334,0.6054270833333334,0.07325,0.13341666666666668,0.032088101095017404,0.034004917999614914,1.4471604939031606e-06,0.02982614711067883,0.032088101095017404
hopfield,8,0.75,0.43333333333333335,0.5320833333333334,0.28490051609135286,0.08333333333333333,0.2768471963423705,0.46791666666666665,0.2849005160913529,0.5704166666666667,0.4295833333333333,-0.03833333333333333,0.2642061794123821,8.887767791748046e-05,1.3125197944378562e-05,-6.361111111111111,2.028679238444554,6.406666666666666,2.9572376556866504,0.5012395833333333,0.5616666666666666,0.05333333333333334,0.12333333333333334,0.03223952837289075,0.031328209453201514,1.4852559670054007e-06,0.029897743725839067,0.032239528372890756
hopfield,8,0.75,0.4666666666666667,0.5175,0.2875372594730712,0.07666666666666666,0.2665063620734805,0.4825,0.2875372594730712,0.535,0.465,-0.0175,0.2632484551975178,9.145021438598633e-05,1.3288008082258879e-05,-6.283333333333333,2.0153858209861903,6.368888888888889,2.965463703760813,0.4875,0.5442708333333334,0.04666666666666667,0.10675000000000003,0.03253790397512968,0.030158033897238874,1.5036796684840728e-06,0.029789367028519847,0.03253790397512968
hopfield,8,0.75,0.5,0.4708333333333333,0.28475649203264547,0.06333333333333334,0.24396849039011784,0.5291666666666667,0.2847564920326455,0.49166666666666664,0.5083333333333333,-0.020833333333333332,0.2614104505071223,0.00010008811950683594,1.284481447783471e-05,-6.312222222222221,2.078878998820732,6.5377777777777775,3.049154269051042,0.43825000000000003,0.49589583333333337,0.03991666666666667,0.09341666666666669,0.03222323051639411,0.027607633625702146,1.4535275909078595e-06,0.029581377217976608,0.032223230516394114
hopfield,8,1.0,0.0,0.7875,0.16468653714980663,0.23,0.4215356541175465,0.2125,0.16468653714980663,1.0,0.0,-0.2125,0.16468653714980663,8.764743804931641e-05,1.193632993701486e-05,-5.370833333333334,1.5511699022914298,1.815,1.71505482229527,0.7691666666666667,0.8054479166666667,0.19325,0.2768333333333334,0.018636036044848238,0.04770124978204692,1.3507228872452566e-06,0.018636036044848238,0.018636036044848238
hopfield,8,1.0,0.03333333333333333,0.7754166666666666,0.16900825133392766,0.20666666666666667,0.40559080597963043,0.22458333333333333,0.16900825133392763,0.96125,0.03875,-0.18583333333333332,0.16998712981644518,9.72294807434082e-05,1.3697174590843787e-05,-5.3875,1.5690789589004794,2.3216666666666668,2.059896713541016,0.75915625,0.7929270833333334,0.15991666666666668,0.26008333333333333,0.019125084042970565,0.04589692035858267,1.5499812176835485e-06,0.01923585457102611,0.01912508404297056
hopfield,8,1.0,0.06666666666666667,0.7525,0.1876574032734772,0.19333333333333333,0.3955719227174288,0.2475,0.18765740327347724,0.9258333333333333,0.07416666666666667,-0.17333333333333334,0.18103351254515562,9.646972020467122e-05,1.3747633126913676e-05,-5.409166666666667,1.578982242446728,2.825,2.2831083224499302,0.7287291666666667,0.7733333333333333,0.14,0.23675000000000002,0.02123543424989217,0.044763176988694,1.55569113856259e-06,0.02048587045125666,0.021235434249892174
hopfield,8,1.0,0.1,0.735,0.1944678013258451,0.17,0.3762604235825435,0.265,0.19446780132584512,0.8895833333333333,0.11041666666666666,-0.15458333333333332,0.19720516214205402,9.310166041056315e-05,1.4279422449891426e-05,-5.458333333333333,1.5750236677806206,3.341666666666667,2.3342936787855733,0.7095833333333333,0.7529375,0.13333333333333333,0.21008333333333334,0.022006103339061497,0.04257787514079368,1.6158687654821711e-06,0.02231586487586654,0.0220061033390615
hopfield,8,1.0,0.13333333333333333,0.7291666666666666,0.19553794819977063,0.16,0.3672185974698983,0.2708333333333333,0.19553794819977058,0.8608333333333333,0.13916666666666666,-0.13166666666666665,0.20100430673655822,9.142001469930013e-05,1.430884892937653e-05,-5.49,1.536588324480492,3.56,2.320419752132567,0.7073958333333333,0.7546041666666667,0.11991666666666666,0.20675000000000002,0.022127201857865233,0.04155469619573379,1.6191986851091687e-06,0.02274577855811469,0.022127201857865226
hopfield,8,1.0,0.16666666666666666,0.7166666666666667,0.20326899214122462,0.14666666666666667,0.3543644113182342,0.2833333333333333,0.20326899214122462,0.8341666666666666,0.16583333333333333,-0.1175,0.20737348562872263,9.723663330078124e-05,1.312361063823049e-05,-5.55,1.5502993561391567,3.8933333333333335,2.4238134818652597,0.6933333333333334,0.7379166666666667,0.10658333333333334,0.18675000000000003,0.02300205183680543,0.04010010810009793,1.485076346405553e-06,0.023466518999104662,0.02300205183680543
hopfield,8,1.0,0.2,0.7016666666666667,0.21892422190951039,0.14666666666666667,0.35436441131823404,0.29833333333333334,0.21892422190951022,0.7991666666666667,0.20083333333333334,-0.0975,0.22062828346538654,8.764346440633138e-05,1.3197956934303136e-05,-5.506666666666667,1.6186224650930505,4.22,2.513495347693378,0.6791666666666667,0.7241770833333333,0.10666666666666667,0.19333333333333333,0.024773607856510692,0.04010010810009791,1.4934894217995085e-06,0.02496644057451885,0.024773607856510674
hopfield,8,1.0,0.23333333333333334,0.6741666666666667,0.23774154530378924,0.13666666666666666,0.3440690345808724,0.3258333333333333,0.23774154530378921,0.7679166666666667,0.23208333333333334,-0.09375,0.23270552285644833,9.70149040222168e-05,1.3886053821298793e-05,-5.5408333333333335,1.6257874774896315,4.3966666666666665,2.505376604155762,0.6487083333333333,0.6991875000000001,0.09666666666666666,0.18333333333333332,0.026902988455025263,0.03893507654807594,1.5713549146948637e-06,0.026333108867564275,0.02690298845502526
hopfield,8,1.0,0.26666666666666666,0.66375,0.24172876705667973,0.14,0.3475667929841461,0.33625,0.24172876705667973,0.7341666666666666,0.2658333333333333,-0.07041666666666667,0.24017011053738693,9.805997212727865e-05,1.3685483064984798e-05,-5.56,1.6528024240189174,4.826666666666667,2.5625856159392906,0.63575,0.6912604166666667,0.09658333333333333,0.17666666666666667,0.027354185071285873,0.03933088517219124,1.5486581969855712e-06,0.027177806482132253,0.027354185071285873
hopfield,8,1.0,0.3,0.63875,0.25490280297244805,0.12333333333333334,0.32936884340443334,0.36125,0.25490280297244805,0.7033333333333334,0.2966666666666667,-0.06458333333333334,0.2515541851818356,9.220600128173828e-05,1.3617199491769533e-05,-5.585833333333333,1.666588139175671,5.133333333333334,2.50962472821678,0.6108229166666667,0.66465625,0.08658333333333333,0.15341666666666667,0.02884496757501327,0.03727159331883615,1.540931183267667e-06,0.028466035799979906,0.02884496757501327
hopfield,8,1.0,0.3333333333333333,0.6220833333333333,0.26351796037529734,0.12666666666666668,0.3331549132304483,0.3779166666666667,0.26351796037529734,0.6741666666666667,0.3258333333333333,-0.052083333333333336,0.26053439367932807,9.863932927449545e-05,1.3298294471132674e-05,-5.528333333333333,1.7122753414795817,5.235,2.5083022679809805,0.5890416666666666,0.6542395833333333,0.09,0.16333333333333333,0.02981986441035989,0.037700027451747366,1.5048436829635868e-06,0.02948224205548753,0.02981986441035989
hopfield,8,1.0,0.36666666666666664,0.59,0.2691728317975766,0.09666666666666666,0.2959970773304743,0.41,0.2691728317975766,0.6420833333333333,0.35791666666666666,-0.052083333333333336,0.25730512915054654,9.516636530558269e-05,1.5353964554733845e-05,-5.469166666666666,1.6994267100107259,5.37,2.5277258540654763,0.56121875,0.6179479166666667,0.06333333333333334,0.13333333333333333,0.03045977335178548,0.033495222486113994,1.7374646514854971e-06,0.02911681637347213,0.03045977335178548
hopfield,8,1.0,0.4,0.5645833333333333,0.277812904226456,0.08333333333333333,0.2768471963423704,0.4354166666666667,0.277812904226456,0.61,0.39,-0.04541666666666667,0.25816481809086333,9.946664174397786e-05,1.3754879870976719e-05,-5.480833333333333,1.636183964424648,5.418333333333333,2.5020053272821086,0.532875,0.5917395833333333,0.056666666666666664,0.11666666666666667,0.03143748958774123,0.03132820945320151,1.5565111848511571e-06,0.029214099335129935,0.03143748958774123
hopfield,8,1.0,0.43333333333333335,0.5491666666666667,0.2641863996020067,0.07666666666666666,0.26650636207348044,0.4508333333333333,0.2641863996020067,0.5733333333333334,0.4266666666666667,-0.024166666666666666,0.24544200567422617,9.421984354654948e-05,1.4261547955133404e-05,-5.435833333333333,1.6599021727094163,5.475,2.4689120591574034,0.51875,0.57709375,0.04666666666666667,0.11,0.02989550542958549,0.030158033897238867,1.6138460759875774e-06,0.027774377577105398,0.02989550542958549
hopfield,8,1.0,0.4666666666666667,0.5308333333333334,0.2586047051660162,0.06666666666666667,0.24986060773937233,0.4691666666666667,0.25860470516601614,0.53,0.47,0.0008333333333333334,0.24364698177482547,9.58251953125e-05,1.5601346540500003e-05,-5.405,1.6309019397633153,5.416666666666667,2.4309299228597827,0.5036458333333333,0.5579479166666667,0.043333333333333335,0.09675000000000002,0.029263877243695436,0.028274389471089175,1.7654585584761493e-06,0.027571251500927322,0.02926387724369543
hopfield,8,1.0,0.5,0.5091666666666667,0.2598786806397537,0.056666666666666664,0.231590882112865,0.49083333333333334,0.25987868063975367,0.4920833333333333,0.5079166666666667,0.017083333333333332,0.23990886589565638,9.446938832600912e-05,1.4131800558840662e-05,-5.3741666666666665,1.6292552124759816,5.223333333333334,2.531432279727239,0.48332291666666666,0.54171875,0.03325,0.08,0.029408041139905288,0.02620697539342619,1.5991637759290288e-06,0.027148243867943664,0.02940804113990528
hopfield,12,0.1,0.0,1.0,0.0,1.0,0.0,0.0,0.0,1.0,0.0,0.0,0.0,0.00013809521993001303,2.0079806042170352e-05,-66.0,0.0,0.0,0.0,1.0,1.0,1.0,1.0,0.0,0.0,2.272243959049615e-06,0.0,0.0
hopfield,12,0.1,0.03333333333333333,1.0,0.0,1.0,0.0,0.0,0.0,0.965,0.035,0.035,0.050792676139982666,0.00013553937276204427,2.0489746457540568e-05,-66.0,0.0,8.986666666666666,12.713980752599886,1.0,1.0,1.0,1.0,0.0,0.0,2.3186330840460924e-06,0.005747732387486972,0.0
hopfield,12,0.1,0.06666666666666667,1.0,0.0,1.0,0.0,0.0,0.0,0.9280555555555556,0.07194444444444444,0.07194444444444444,0.07362587758470306,0.00013475577036539714,2.010738028121592e-05,-66.0,0.0,17.673333333333332,17.130229755039,1.0,1.0,1.0,1.0,0.0,0.0,2.2753642779394038e-06,0.008331552367598746,0.0
hopfield,12,0.1,0.1,1.0,0.0,1.0,0.0,0.0,0.0,0.8952777777777777,0.10472222222222222,0.10472222222222222,0.08797505572506234,0.00014348904291788738,1.801832790730236e-05,-66.0,0.0,24.78,18.739320704556704,1.0,1.0,1.0,1.0,0.0,0.0,2.0389657476550807e-06,0.009955314732548064,0.0
hopfield,12,0.1,0.13333333333333333,1.0,0.0,1.0,0.0,0.0,0.0,0.8566666666666667,0.14333333333333334,0.14333333333333334,0.1018319744575589,0.00013780593872070312,1.918455782562139e-05,-66.0,0.0,32.38666666666666,19.785737461917577,1.0,1.0,1.0,1.0,0.0,0.0,2.1709370864816643e-06,0.011523372701575812,0.0
hopfield,12,0.1,0.16666666666666666,0.9966666666666667,0.05773502691896259,0.9966666666666667,0.05773502691896259,0.0033333333333333335,0.05773502691896259,0.8244444444444444,0.17555555555555555,0.17222222222222222,0.11451944521387902,0.0001282318433125814,1.8020863350450494e-05,-66.0,0.0,38.25333333333333,19.941448294674743,0.99,1.0,0.9866666666666667,1.0,0.006533333333333334,0.006533333333333334,2.039252660056762e-06,0.012959095174249211,0.006533333333333334
hopfield,12,0.1,0.2,0.9966666666666667,0.05773502691896259,0.9966666666666667,0.05773502691896259,0.0033333333333333335,0.05773502691896259,0.7975,0.2025,0.19916666666666666,0.12224006237826264,0.0001480261484781901,1.4720532716659876e-05,-66.0,0.0,42.446666666666665,19.680401832190245,0.99,1.0,0.99,1.0,0.006533333333333334,0.006533333333333334,1.665785091209341e-06,0.013832765252289927,0.006533333333333334
hopfield,12,0.1,0.23333333333333334,0.97,0.17087224588772668,0.97,0.17087224588772668,0.03,0.17087224588772665,0.7575,0.2425,0.2125,0.1598559656875097,0.00013065099716186524,1.890124545106619e-05,-66.0,0.0,48.54,17.530911066152974,0.9499166666666666,0.9866666666666667,0.9533333333333334,0.9866666666666667,0.019336014883421723,0.019336014883421723,2.138877273241682e-06,0.018089405424965253,0.01933601488342172
hopfield,12,0.1,0.26666666666666666,0.9333333333333333,0.24986060773937235,0.9333333333333333,0.24986060773937235,0.06666666666666667,0.24986060773937238,0.7244444444444444,0.27555555555555555,0.20888888888888887,0.20610495342683527,0.00013535102208455405,1.9008791271917538e-05,-66.0,0.0,52.36,16.54760235842972,0.9033333333333333,0.9566666666666667,0.9,0.96,0.02827438947108918,0.02827438947108918,2.1510472285309554e-06,0.023322971067090525,0.028274389471089182
hopfield,12,0.1,0.3,0.9033333333333333,0.29599707733047437,0.9033333333333333,0.29599707733047437,0.09666666666666666,0.29599707733047437,0.6894444444444445,0.3105555555555556,0.2138888888888889,0.23823421913861714,0.00013790845870971678,1.9212420947051167e-05,-66.0,0.0,56.77333333333333,14.336214483186113,0.87325,0.9366666666666666,0.87,0.9333333333333333,0.033495222486113994,0.033495222486113994,2.174090095490621e-06,0.02695873974777273,0.033495222486113994
hopfield,12,0.1,0.3333333333333333,0.8433333333333334,0.36409353546046747,0.8433333333333334,0.36409353546046747,0.15666666666666668,0.36409353546046735,0.6513888888888889,0.3486111111111111,0.19194444444444445,0.2878451132826104,0.00014481306076049804,1.667522283445393e-05,-66.0,0.0,59.60666666666667,13.798064265703742,0.8033333333333333,0.8866666666666667,0.8066666666666666,0.8866666666666667,0.04120106213882747,0.04120106213882747,1.8869791008847182e-06,0.03257274091317215,0.04120106213882746
hopfield,12,0.1,0.36666666666666664,0.7933333333333333,0.4055908059796303,0.7933333333333333,0.4055908059796303,0.20666666666666667,0.4055908059796303,0.6255555555555555,0.3744444444444444,0.16777777777777778,0.3163139305550711,0.00012657960255940754,1.7992389333470556e-05,-66.0,0.0,61.57333333333333,11.569968429245373,0.7465833333333334,0.84,0.74325,0.8335,0.04589692035858266,0.04589692035858266,2.03603052170858e-06,0.03579429085906218,0.04589692035858266
hopfield,12,0.1,0.4,0.73,0.44470124502233466,0.73,0.44470124502233466,0.27,0.44470124502233477,0.5938888888888889,0.4061111111111111,0.13611111111111113,0.35010969596289954,0.00013994693756103516,1.8391622524391337e-05,-66.0,0.0,63.64,10.165375029890818,0.68,0.7733333333333333,0.6666666666666666,0.7734166666666666,0.05032268317043089,0.05032268317043089,2.081208010197099e-06,0.0396186417331753,0.050322683170430905
hopfield,12,0.1,0.43333333333333335,0.6333333333333333,0.4826995806635823,0.6333333333333333,0.4826995806635823,0.36666666666666664,0.4826995806635824,0.5552777777777778,0.4447222222222222,0.07805555555555556,0.3778089602296746,0.0001343663533528646,1.890505920475816e-05,-66.0,0.0,64.87333333333333,8.965035513673495,0.57325,0.6900833333333333,0.5699166666666666,0.6834166666666667,0.05462259963543239,0.05462259963543239,2.1393088400989354e-06,0.04275310855860762,0.054622599635432395
hopfield,12,0.1,0.4666666666666667,0.5633333333333334,0.49680136292375293,0.5633333333333334,0.49680136292375293,0.43666666666666665,0.49680136292375293,0.5269444444444444,0.4730555555555555,0.036388888888888894,0.38781960683040634,0.00014376322428385417,1.748412912126968e-05,-66.0,0.0,65.48666666666666,8.125468171058527,0.5033333333333333,0.6233333333333333,0.5133333333333333,0.6166666666666667,0.05621836652108913,0.05621836652108913,1.9785154643234e-06,0.04388591986250778,0.05621836652108913
hopfield,12,0.1,0.5,0.49,0.5007352453674271,0.49,0.5007352453674271,0.51,0.5007352453674271,0.4925,0.5075,-0.002499999999999996,0.3932591737998972,0.00013295729955037434,1.924978603064494e-05,-66.0,0.0,65.44666666666667,8.284277461901842,0.43666666666666665,0.5500833333333334,0.42991666666666667,0.56,0.05666352722630099,0.05666352722630099,2.178318352740568e-06,0.04450146481151345,0.05666352722630099
hopfield,12,0.25,0.0,0.9947222222222223,0.023509382573675075,0.9466666666666667,0.2250727616773127,0.005277777777777778,0.023509382573675054,1.0,0.0,-0.005277777777777778,0.023509382573675054,0.00013604164123535157,1.926679002591543e-05,-21.83111111111111,3.778864468707518,0.10444444444444446,0.6042542927780009,0.9916666666666667,0.996951388888889,0.9233333333333333,0.97,0.0026603370780490672,0.025469380630163196,2.1802425359449247e-06,0.002660337078049065,0.002660337078049065
hopfield,12,0.25,0.03333333333333333,0.9875,0.049676115611847906,0.9166666666666666,0.2768471963423704,0.0125,0.04967611561184791,0.9608333333333333,0.03916666666666667,0.026666666666666665,0.06005385914136032,0.00014140685399373373,1.8576702769730467e-05,-22.108888888888888,3.986039679310038,3.5777777777777775,5.087662106546843,0.9819305555555558,0.9930625000000001,0.88,0.9434166666666667,0.005621381669275889,0.03132820945320151,2.102151811572872e-06,0.006795733901263488,0.00562138166927589
hopfield,12,0.25,0.06666666666666667,0.9733333333333334,0.08718522507184742,0.8766666666666667,0.32936884340443334,0.02666666666666667,0.08718522507184741,0.9277777777777777,0.07222222222222222,0.04555555555555555,0.08706081940367001,0.0001343536376953125,1.9888604757581666e-05,-21.986666666666668,4.137344764697468,6.16,6.118211205998369,0.9622222222222221,0.9816736111111112,0.84,0.90675,0.009865936980259487,0.03727159331883615,2.2506074968767856e-06,0.009851859153641342,0.009865936980259485
hopfield,12,0.25,0.1,0.9427777777777777,0.1307926364026221,0.7866666666666666,0.41034558674051025,0.05722222222222222,0.13079263640262212,0.8911111111111111,0.10888888888888888,0.051666666666666666,0.1110195646649149,0.00013921419779459635,1.9571799248820504e-05,-21.984444444444442,4.064298644699487,8.648888888888889,7.307625626378606,0.9271944444444443,0.9547222222222221,0.7466666666666667,0.83675,0.01480058011167464,0.04643497445322007,2.214757578707039e-06,0.01256304640674232,0.014800580111674644
hopfield,12,0.25,0.13333333333333333,0.926111111111111,0.14870825773471263,0.7366666666666667,0.4411776072733297,0.07388888888888889,0.14870825773471263,0.8630555555555556,0.13694444444444442,0.06305555555555555,0.12560118036607842,0.00014330625534057618,1.9022452744303126e-05,-22.25111111111111,4.25225350300682,10.886666666666667,7.5336312724106484,0.9105347222222221,0.9430972222222224,0.6898333333333333,0.7834166666666667,0.01682792351623589,0.04992394602265961,2.1525931696637876e-06,0.01421311155779846,0.01682792351623589
hopfield,12,0.25,0.16666666666666666,0.9083333333333333,0.16193104955079282,0.6933333333333334,0.4618802153517005,0.09166666666666666,0.1619310495507928,0.8355555555555555,0.16444444444444442,0.07277777777777777,0.13692102749069227,0.00012768109639485676,1.791912670724502e-05,-22.137777777777778,4.104395169228974,12.382222222222222,7.776264438429007,0.8916666666666667,0.9300069444444445,0.64325,0.7434166666666666,0.018324223269468535,0.05226666666666665,2.0277400751019013e-06,0.015494072847576378,0.01832422326946853
hopfield,12,0.25,0.2,0.8705555555555556,0.19374189585589183,0.6066666666666667,0.48930592665026273,0.12944444444444445,0.19374189585589183,0.7947222222222222,0.20527777777777775,0.07583333333333334,0.1521377764068919,0.00013774792353312174,1.9547917743014296e-05,-22.17111111111111,4.242244181944787,14.757777777777777,8.03627937548942,0.8480347222222222,0.8933402777777778,0.5633333333333334,0.6500833333333333,0.021923959402238683,0.055370178059651255,2.2120551319210886e-06,0.017216010087836305,0.021923959402238683
hopfield,12,0.25,0.23333333333333334,0.8525,0.20746082624405016,0.5766666666666667,0.4949128049504296,0.1475,0.20746082624405018,0.7688888888888888,0.2311111111111111,0.08361111111111111,0.16631768554697646,0.0001387953758239746,1.9284199230831404e-05,-22.335555555555555,4.197466395601328,16.202222222222222,7.887861087337631,0.8288680555555555,0.8750069444444445,0.5130833333333333,0.6366666666666667,0.023476402520147686,0.05600465606805056,2.182212572937269e-06,0.018820617862222305,0.02347640252014769
hopfield,12,0.25,0.26666666666666666,0.81,0.23135006798710167,0.49666666666666665,0.5008242926709124,0.19,0.23135006798710164,0.7325,0.2675,0.0775,0.18662109751952102,0.0001455545425415039,1.759146283358446e-05,-22.47111111111111,4.4799709790074145,18.153333333333332,7.48442008679861,0.7838472222222223,0.8353333333333333,0.4399166666666667,0.55675,0.026179724709760707,0.056673603877290014,1.99066141727222e-06,0.021118165214314335,0.026179724709760703
hopfield,12,0.25,0.3,0.7625,0.26326962877608473,0.43333333333333335,0.496363588102716,0.2375,0.26326962877608473,0.7,0.3,0.0625,0.21184334132436372,0.00013398965199788412,1.9857931229329908e-05,-22.28222222222222,4.594155022861815,19.126666666666665,7.453477162603524,0.7335763888888889,0.7922430555555555,0.38666666666666666,0.49333333333333335,0.029791763044491767,0.05616882763657819,2.2471364603973285e-06,0.023972330787371626,0.029791763044491767
hopfield,12,0.25,0.3333333333333333,0.7436111111111111,0.2644573274891019,0.39,0.4885648904433401,0.2563888888888889,0.26445732748910195,0.6688888888888889,0.3311111111111111,0.07472222222222222,0.203998757352496,0.0001356347401936849,1.8270294969150826e-05,-22.44,4.978037233775445,19.98,7.660651995775009,0.7130555555555557,0.7733819444444444,0.3399166666666667,0.4533333333333333,0.02992616380614039,0.05528632191875623,2.0674785048481663e-06,0.023084632544475292,0.029926163806140396
hopfield,12,0.25,0.36666666666666664,0.7155555555555555,0.28628157657728487,0.35,0.4777665429529545,0.28444444444444444,0.2862815765772849,0.6530555555555555,0.34694444444444444,0.0625,0.21810952982644943,0.00013551712036132812,2.048922228390454e-05,-22.704444444444444,5.063408661282512,20.58,7.61132466126755,0.6890833333333334,0.7475416666666667,0.2966666666666667,0.39666666666666667,0.03239581007898147,0.054064373868002294,2.318573768215279e-06,0.024681416768592163,0.03239581007898148
hopfield,12,0.25,0.4,0.6775,0.28835031300491665,0.2866666666666667,0.4529600404188834,0.3225,0.2883503130049167,0.6252777777777778,0.37472222222222223,0.05222222222222222,0.22054176955155913,0.0001397387186686198,2.5195344022349963e-05,-22.757777777777775,5.1759666243821,21.34222222222222,7.725112559245741,0.6452708333333333,0.7061388888888888,0.23,0.3333333333333333,0.03262990964352308,0.05125725384852527,2.8511215761112794e-06,0.024956650603557215,0.03262990964352309
hopfield,12,0.25,0.43333333333333335,0.6433333333333333,0.2888552991935003,0.24333333333333335,0.42981160478467845,0.3566666666666667,0.28885529919350017,0.5922222222222222,0.40777777777777774,0.051111111111111114,0.2220614431383257,0.00015306949615478515,2.628886732131145e-05,-22.795555555555552,5.1271150086238695,22.155555555555555,7.13407894358783,0.6132986111111111,0.6736527777777778,0.19325,0.28350000000000003,0.03268705421025859,0.04863776176175878,2.974865386431306e-06,0.025128617858619626,0.032687054210258575
hopfield,12,0.25,0.4666666666666667,0.5913888888888889,0.30859259741685,0.22,0.41493844488487475,0.4086111111111111,0.30859259741685013,0.5577777777777778,0.4422222222222222,0.03361111111111111,0.23777215365114013,0.00015240112940470378,3.7190029209476656e-05,-22.64666666666667,5.223041595468067,22.486666666666668,7.072710442177392,0.5577569444444443,0.6270208333333334,0.17991666666666667,0.26675000000000004,0.034920539760954654,0.0469547052788758,4.208447981551233e-06,0.026906452115591426,0.03492053976095467
hopfield,12,0.25,0.5,0.5283333333333333,0.32412446742379286,0.18,0.3848293719103961,0.4716666666666667,0.324124467423793,0.5188888888888888,0.48111111111111116,0.009444444444444448,0.25245665261932154,0.00014349699020385742,2.088849705988118e-05,-22.80666666666667,5.3067579248524215,23.04,7.045419352571287,0.4971527777777777,0.5655972222222223,0.13666666666666666,0.22,0.03667813630954189,0.04354754292705019,2.3637559624958644e-06,0.028568159604301514,0.036678136309541906
hopfield,12,0.5,0.0,0.8669444444444444,0.14118110329172642,0.39,0.4885648904433401,0.13305555555555554,0.14118110329172645,1.0,0.0,-0.13305555555555554,0.14118110329172645,0.000148162841796875,2.3951263171015807e-05,-13.162222222222221,3.8138078979573664,2.42,3.134049587244959,0.8505277777777777,0.8822291666666666,0.3398333333333334,0.4434166666666667,0.015976145806033452,0.05528632191875623,2.7103405748866386e-06,0.015976145806033456,0.015976145806033456
hopfield,12,0.5,0.03333333333333333,0.8494444444444444,0.15031141545225613,0.3433333333333333,0.4756149572016584,0.15055555555555555,0.15031141545225615,0.9636111111111111,0.03638888888888889,-0.11416666666666667,0.14696309483979436,0.00014040629069010416,2.610217578995304e-05,-13.493333333333334,3.7760063173488585,3.8133333333333335,4.132779478841787,0.8322222222222223,0.8672569444444446,0.2866666666666667,0.3933333333333333,0.017009337890032214,0.053820899019914,2.9537392508778066e-06,0.01663043974387237,0.017009337890032217
hopfield,12,0.5,0.06666666666666667,0.8383333333333334,0.15859202594994795,0.31666666666666665,0.4659534285176794,0.16166666666666665,0.15859202594994798,0.9330555555555556,0.06694444444444445,-0.09472222222222222,0.145011553591739,0.00014885584513346355,2.399869016290005e-05,-13.484444444444444,3.696209487200221,4.884444444444444,4.53304259456354,0.8186041666666667,0.8544722222222223,0.26666666666666666,0.36675,0.01794637717921199,0.0527275941273642,2.715707444246758e-06,0.016409602062352084,0.017946377179211992
hopfield,12,0.5,0.1,0.8297222222222221,0.16246349007189936,0.3,0.4590232468373729,0.17027777777777778,0.16246349007189936,0.9033333333333333,0.09666666666666666,-0.07361111111111111,0.152011523926367,0.0001379871368408203,2.146681672590863e-05,-13.5,3.69423104247272,6.093333333333334,4.833630483311797,0.8102291666666667,0.846951388888889,0.24658333333333335,0.3433333333333333,0.018384474586393446,0.051943370244667234,2.4291989934081505e-06,0.01720172327472739,0.018384474586393446
hopfield,12,0.5,0.13333333333333333,0.8038888888888889,0.17710790974233373,0.26666666666666666,0.4429555141477927,0.19611111111111112,0.17710790974233379,0.8669444444444444,0.13305555555555554,-0.06305555555555556,0.17128744105855362,0.00014864524205525717,1.9475071636570247e-05,-13.604444444444443,3.7063097978450057,7.682222222222221,5.0561818209706155,0.7844375,0.8244791666666667,0.21991666666666668,0.30675,0.020041646675608267,0.05012513512512241,2.203811818964771e-06,0.019382998639975783,0.020041646675608274
hopfield,12,0.5,0.16666666666666666,0.7788888888888889,0.19034349308836415,0.23666666666666666,0.4257461153528187,0.2211111111111111,0.19034349308836415,0.8355555555555555,0.16444444444444442,-0.056666666666666664,0.17451424327943843,0.00013907591501871746,1.9920835419461832e-05,-13.683333333333334,3.647117746360223,8.89111111111111,5.301044492504047,0.7585902777777778,0.8013888888888889,0.19325,0.28675,0.0215393939267199,0.048177708323855914,2.2542547396140697e-06,0.01974814568562229,0.0215393939267199
hopfield,12,0.5,0.2,0.7647222222222222,0.19347138006434178,0.20666666666666667,0.4055908059796306,0.23527777777777775,0.19347138006434186,0.8016666666666666,0.19833333333333333,-0.036944444444444446,0.18070970751371943,0.000141452153523763,2.1078559903046812e-05,-13.777777777777777,3.732442692509502,9.868888888888888,5.2817174366759625,0.7416180555555556,0.7831527777777778,0.16,0.25333333333333335,0.021893347658684677,0.045896920358582685,2.3852635978941308e-06,0.020449228462531988,0.021893347658684687
hopfield,12,0.5,0.23333333333333334,0.7291666666666666,0.21162395657546784,0.18,0.3848293719103959,0.2708333333333333,0.21162395657546793,0.7638888888888888,0.2361111111111111,-0.034722222222222224,0.19980694107059352,0.00014309724171956381,2.352747591366772e-05,-13.656666666666666,3.756759299059033,10.64,5.2262835160906755,0.7033194444444445,0.752263888888889,0.13,0.22666666666666666,0.023947505065980722,0.04354754292705016,2.662384532213265e-06,0.022610283877760318,0.023947505065980732
hopfield,12,0.5,0.26666666666666666,0.705,0.21939792958233836,0.14333333333333334,0.3509979402633572,0.295,0.21939792958233842,0.7333333333333333,0.26666666666666666,-0.028333333333333332,0.20133565526136782,0.00013640403747558594,2.0387804975862134e-05,-13.828888888888887,3.6579376519734796,11.588888888888889,5.285026022824755,0.6760972222222222,0.7300347222222222,0.10333333333333333,0.18341666666666667,0.02482721292598588,0.039719156038026476,2.3070973194359204e-06,0.022783274173473596,0.024827212925985886
hopfield,12,0.5,0.3,0.6702777777777779,0.2338442341636931,0.11666666666666667,0.3215590505108516,0.32972222222222225,0.23384423416369302,0.6969444444444445,0.3030555555555556,-0.02666666666666667,0.21494686630093043,0.0001375738779703776,2.0438850682501278e-05,-13.895555555555553,3.7387038666166683,12.337777777777777,5.202261559298169,0.6430416666666667,0.6950069444444444,0.08666666666666667,0.15,0.026461966182398614,0.03638783205706892,2.312873684919861e-06,0.0243235276995805,0.026461966182398603
hopfield,12,0.5,0.3333333333333333,0.6355555555555555,0.2493109543091932,0.1,0.30050125348238016,0.3644444444444444,0.24931095430919323,0.6530555555555555,0.34694444444444444,-0.017499999999999998,0.2303081684856191,0.00013804038365681967,2.257664800784744e-05,-13.973333333333333,3.710445047783331,13.075555555555555,5.07910616742042,0.6058055555555556,0.663076388888889,0.07325,0.13333333333333333,0.028212190330137693,0.03400491799961494,2.5547882257271084e-06,0.026061822682061402,0.028212190330137693
hopfield,12,0.5,0.36666666666666664,0.6025,0.25148804635249355,0.07666666666666666,0.26650636207348033,0.3975,0.2514880463524937,0.6241666666666666,0.37583333333333335,-0.021666666666666664,0.23060798900534238,0.0001434032122294108,1.8877653728184604e-05,-14.01,3.5508060646363795,13.5,5.035179104450823,0.5724097222222222,0.6302847222222223,0.04666666666666667,0.11,0.028458551486878703,0.03015803389723886,2.1362076184806407e-06,0.026095750567784484,0.028458551486878723
hopfield,12,0.5,0.4,0.5963888888888889,0.256268343764608,0.07333333333333333,0.2611184245913959,0.4036111111111111,0.256268343764608,0.5941666666666666,0.4058333333333333,0.002222222222222225,0.23051061110238286,0.0001395265261332194,2.1323196399585416e-05,-14.01111111111111,3.5992931852201635,13.713333333333333,5.191756608106251,0.5663333333333331,0.6214027777777777,0.04658333333333334,0.10008333333333336,0.028999493062426086,0.029548331374729824,2.412946823531644e-06,0.02608473122072107,0.028999493062426086
hopfield,12,0.5,0.43333333333333335,0.5525,0.26263721617603747,0.05333333333333334,0.22507276167731263,0.4475,0.26263721617603736,0.5569444444444445,0.44305555555555554,-0.004444444444444439,0.2274351412290411,0.0001484982172648112,0.0001115415380068601,-13.917777777777777,3.797540064477336,13.64,5.127366263608358,0.5227777777777778,0.5861180555555556,0.02666666666666667,0.08,0.029720198821856034,0.02546938063016319,1.2622113250840767e-05,0.025736709042306412,0.02972019882185602
hopfield,12,0.5,0.4666666666666667,0.5161111111111112,0.2754504885344029,0.043333333333333335,0.20394656873443764,0.48388888888888887,0.2754504885344029,0.5244444444444445,0.4755555555555555,-0.008333333333333328,0.23634188778696283,0.00014429330825805665,2.2960861995543975e-05,-13.828888888888887,3.809420673339778,13.584444444444443,5.233519252911307,0.48385416666666664,0.546125,0.023333333333333334,0.07008333333333336,0.031170157085935277,0.023078726846389102,2.598266131374819e-06,0.02674460229677911,0.031170157085935277
hopfield,12,0.5,0.5,0.5011111111111112,0.2603285711267167,0.03666666666666667,0.18825609351281192,0.4988888888888889,0.26032857112671665,0.49166666666666664,0.5083333333333333,0.00944444444444445,0.22305284193672256,0.00013534228006998697,2.1309915633806913e-05,-13.736666666666666,3.80965592421016,13.38,5.218600070554879,0.4744444444444445,0.5286388888888889,0.016666666666666666,0.06,0.02945895104108106,0.021303182428177025,2.4114439634069805e-06,0.025240805193792848,0.029458951041081052
hopfield,12,0.75,0.0,0.8108333333333333,0.13434762615150864,0.17333333333333334,0.37916766204679025,0.18916666666666668,0.13434762615150866,1.0,0.0,-0.18916666666666668,0.13434762615150866,0.0001426211992899577,2.051793526147832e-05,-10.59037037037037,2.7120392641742264,3.2111111111111112,2.6842677520533713,0.7960833333333334,0.825,0.12991666666666668,0.22,0.0152028650722179,0.04290686014314022,2.321822947500245e-06,0.015202865072217903,0.015202865072217903
hopfield,12,0.75,0.03333333333333333,0.7966666666666666,0.14082888879676803,0.15,0.357668032405305,0.20333333333333334,0.140828888796768,0.9680555555555557,0.03194444444444444,-0.17138888888888887,0.14296625582101788,0.00013278484344482423,1.8671773380127027e-05,-10.773333333333333,2.732039041826875,4.345925925925926,3.227683749506955,0.7799930555555555,0.8111388888888889,0.11333333333333333,0.18341666666666667,0.01593628898387202,0.04047394801878641,2.1129100639037493e-06,0.01617815483152632,0.015936288983872015
hopfield,12,0.75,0.06666666666666667,0.7755555555555556,0.16227395926203614,0.13666666666666666,0.34406903458087257,0.22444444444444442,0.1622739592620361,0.9347222222222222,0.06527777777777777,-0.15916666666666668,0.15650235103299706,0.0001429597536722819,2.0982388523524584e-05,-10.84074074074074,2.605482810810612,5.258518518518519,3.5927770387638964,0.7558333333333334,0.7941736111111112,0.10666666666666667,0.18008333333333335,0.01836302715623097,0.03893507654807595,2.374380781810453e-06,0.01770990820155119,0.018363027156230966
hopfield,12,0.75,0.1,0.7627777777777778,0.17207951316321562,0.11,0.3134125472108031,0.23722222222222225,0.17207951316321557,0.8955555555555557,0.10444444444444444,-0.13277777777777777,0.16613534782401357,0.00014153639475504557,2.255535723613236e-05,-10.877037037037038,2.4760680917282043,6.127407407407407,3.731953405912425,0.7471597222222223,0.7822430555555556,0.07666666666666666,0.1434166666666667,0.019472630036373246,0.03546596842591443,2.552378948102041e-06,0.018799984406468843,0.01947263003637324
hopfield,12,0.75,0.13333333333333333,0.7533333333333333,0.17332840229672417,0.08666666666666667,0.28181605677298166,0.24666666666666667,0.17332840229672408,0.8677777777777778,0.1322222222222222,-0.11444444444444445,0.16944360679898465,0.00013917764027913411,1.9714825328011237e-05,-10.825185185185186,2.564349069450653,6.79111111111111,3.919077390877773,0.7316597222222222,0.7725,0.05333333333333334,0.11675000000000002,0.019613955145947402,0.0318904889430086,2.230942503190133e-06,0.019174349151579558,0.019613955145947392
hopfield,12,0.75,0.16666666666666666,0.7386111111111111,0.1715692449767014,0.07333333333333333,0.261118424591396,0.2613888888888889,0.17156924497670145,0.8388888888888889,0.1611111111111111,-0.10027777777777779,0.1742023192631642,0.00014095544815063477,2.009852191623296e-05,-10.941481481481482,2.5518512136262332,7.505925925925926,3.957285386347124,0.7177430555555556,0.7577847222222222,0.04666666666666667,0.1,0.01941488775530404,0.029548331374729835,2.274361859575535e-06,0.019712848160328814,0.019414887755304044
hopfield,12,0.75,0.2,0.7061111111111111,0.19485596417147355,0.07,0.2555733275451654,0.2938888888888889,0.19485596417147352,0.7997222222222222,0.20027777777777778,-0.09361111111111112,0.19000703273442818,0.00014203548431396485,2.0018528593654173e-05,-10.908888888888889,2.4328487509768992,8.255555555555555,3.8223970041187076,0.6860902777777776,0.7278194444444446,0.043250000000000004,0.09666666666666666,0.022050028100050446,0.02892084457335436,2.2653097629759854e-06,0.02150131985344025,0.022050028100050443
hopfield,12,0.75,0.23333333333333334,0.6841666666666667,0.20816715780593345,0.07,0.25557332754516526,0.31583333333333335,0.20816715780593342,0.7722222222222221,0.22777777777777777,-0.08805555555555555,0.20309962597235434,0.00013580481211344401,1.9692188879783356e-05,-10.889629629629631,2.4723249275462145,8.67925925925926,3.804027904023532,0.661375,0.7102847222222222,0.043250000000000004,0.10341666666666668,0.023556331460756214,0.028920844573354348,2.228380947932471e-06,0.02298288625058041,0.02355633146075621
hopfield,12,0.75,0.26666666666666666,0.6697222222222222,0.21109356896743187,0.06666666666666667,0.24986060773937246,0.3302777777777778,0.21109356896743192,0.7369444444444445,0.2630555555555556,-0.06722222222222222,0.20371335968015547,0.00014738400777180989,1.92718364383714e-05,-10.834814814814814,2.597175719336132,8.986666666666666,3.703176675000952,0.6466527777777777,0.6933541666666667,0.036583333333333336,0.10008333333333336,0.023887486058038938,0.028274389471089192,2.1808135912725445e-06,0.023052336757576716,0.023887486058038945
hopfield,12,0.75,0.3,0.6452777777777778,0.23358585767281415,0.07,0.2555733275451654,0.3547222222222222,0.23358585767281412,0.7036111111111112,0.2963888888888889,-0.058333333333333334,0.21557912462564405,0.0001398030916849772,1.8441505498248503e-05,-11.037037037037038,2.6785523139027916,9.724444444444446,3.7299023359398693,0.6124930555555556,0.6667083333333333,0.043333333333333335,0.09341666666666669,0.026432728130032612,0.02892084457335436,2.086852800080444e-06,0.024395074464318774,0.02643272813003261
hopfield,12,0.75,0.3333333333333333,0.6238888888888888,0.2367320294329541,0.06333333333333334,0.2439684903901178,0.3761111111111111,0.23673202943295418,0.6727777777777778,0.32722222222222225,-0.04888888888888889,0.2133997481160047,0.00013677517573038736,1.9568721023681552e-05,-10.990370370370371,2.6624032767416606,9.890370370370372,3.7608642007093036,0.5958333333333333,0.6511527777777778,0.03983333333333334,0.09333333333333334,0.0267887509801088,0.027607633625702142,2.214409244740969e-06,0.024148454795875633,0.02678875098010881
hopfield,12,0.75,0.36666666666666664,0.6036111111111111,0.24408825312327292,0.05333333333333334,0.22507276167731272,0.3963888888888889,0.24408825312327292,0.6338888888888888,0.3661111111111111,-0.03027777777777778,0.22363778285760808,0.00014160076777140299,2.2230273748096828e-05,-11.039259259259259,2.5961071539977034,10.322222222222221,3.718316891691715,0.576375,0.6208472222222222,0.03,0.08008333333333335,0.027621186054762437,0.0254693806301632,2.5155922883940635e-06,0.02530699749022697,0.027621186054762437
hopfield,12,0.75,0.4,0.57,0.24213376993266764,0.04666666666666667,0.21127631471468894,0.43,0.24213376993266758,0.6005555555555555,0.39944444444444444,-0.030555555555555555,0.2207249353586095,0.00014658053716023762,2.1470016527313063e-05,-11.14074074074074,2.4546143859241707,10.844444444444445,3.6853403302611416,0.5438680555555556,0.5955694444444445,0.023333333333333334,0.06666666666666667,0.027400015461102815,0.023908165686087876,2.4295610850237823e-06,0.02497737776584656,0.02740001546110281
hopfield,12,0.75,0.43333333333333335,0.5377777777777778,0.2485720397831824,0.043333333333333335,0.20394656873443767,0.4622222222222222,0.24857203978318243,0.5719444444444445,0.4280555555555555,-0.034166666666666665,0.22056195331660478,0.00014150222142537435,2.1596794753789863e-05,-11.085925925925926,2.530727687437799,10.96962962962963,3.888945089930294,0.5108125,0.5650069444444444,0.02,0.07,0.028128574280039606,0.023078726846389105,2.4439073918878e-06,0.024958934611584962,0.028128574280039606
hopfield,12,0.75,0.4666666666666667,0.5230555555555555,0.2474337192773086,0.03333333333333333,0.1798054194170131,0.47694444444444445,0.2474337192773086,0.5397222222222222,0.4602777777777778,-0.01666666666666666,0.21270496923921675,0.00014503876368204753,2.001824975012008e-05,-11.057037037037038,2.6301612734428232,10.943703703703703,3.9662007053714645,0.4963333333333334,0.5450208333333334,0.016583333333333335,0.056666666666666664,0.027999761188543502,0.02034689863122455,2.2652782088596494e-06,0.02406983316465364,0.027999761188543502
hopfield,12,0.75,0.5,0.5041666666666667,0.2535629606781533,0.03333333333333333,0.1798054194170131,0.49583333333333335,0.2535629606781533,0.5011111111111112,0.4988888888888889,0.00305555555555556,0.2181279865833485,0.0001356045405069987,2.0831124602122244e-05,-11.105185185185185,2.5680960519657683,11.052592592592593,3.8185051162992503,0.48138194444444454,0.5309236111111112,0.016666666666666666,0.05333333333333334,0.028693350146393855,0.02034689863122455,2.357263657725351e-06,0.024683505347250716,0.028693350146393855
hopfield,12,1.0,0.0,0.7613888888888889,0.13979239752592001,0.07666666666666666,0.26650636207348033,0.2386111111111111,0.13979239752592001,1.0,0.0,-0.2386111111111111,0.13979239752592001,0.00013768196105957032,2.098528752991917e-05,-9.213888888888889,2.2391178824184945,3.6188888888888893,2.5136444208549533,0.7452569444444445,0.773888888888889,0.05,0.11,0.015818998955081605,0.03015803389723886,2.3747088352664235e-06,0.015818998955081605,0.015818998955081605
hopfield,12,1.0,0.03333333333333333,0.7427777777777778,0.14992152867107994,0.06333333333333334,0.24396849039011786,0.25722222222222224,0.1499215286710799,0.9638888888888889,0.03611111111111111,-0.2211111111111111,0.14884875524693056,0.00014445066452026367,1.8589317544356567e-05,-9.219444444444443,2.2637522386391504,4.542222222222222,2.924046987750457,0.7255555555555556,0.758361111111111,0.04,0.0901666666666667,0.016965218047371364,0.027607633625702146,2.1035793077039963e-06,0.01684382230642979,0.01696521804737136
hopfield,12,1.0,0.06666666666666667,0.7322222222222222,0.1504318899014392,0.056666666666666664,0.231590882112865,0.2677777777777778,0.1504318899014392,0.9302777777777778,0.06972222222222221,-0.19805555555555554,0.1560465819439993,0.00014001846313476562,2.194378334920135e-05,-9.152777777777777,2.2301379132470864,5.193333333333333,3.077415605321795,0.7169166666666669,0.7488888888888888,0.03,0.09008333333333335,0.01702297085734281,0.02620697539342619,2.483172847845244e-06,0.01765833307393184,0.01702297085734281
hopfield,12,1.0,0.1,0.7116666666666667,0.1556056483553033,0.043333333333333335,0.2039465687344377,0.28833333333333333,0.15560564835530333,0.903888888888889,0.0961111111111111,-0.1922222222222222,0.15909403797631314,0.0001508951187133789,0.00013648160769699186,-9.090555555555556,2.257866151158327,5.626666666666667,3.1270436647112523,0.6947222222222222,0.7302847222222222,0.023333333333333334,0.06333333333333334,0.017608436741210678,0.02307872684638911,1.544434781688506e-05,0.01800318518780943,0.01760843674121068
hopfield,12,1.0,0.13333333333333333,0.6972222222222222,0.16678275407132925,0.043333333333333335,0.20394656873443773,0.30277777777777776,0.16678275407132925,0.8691666666666666,0.13083333333333333,-0.17194444444444446,0.1692797293849053,0.00018570264180501302,0.000366570473862801,-9.168333333333333,2.2452511924350866,6.276666666666666,3.2393856627939694,0.6774652777777778,0.711388888888889,0.02,0.06333333333333334,0.018873245320016743,0.023078726846389112,4.148135410528473e-05,0.019155804676429525,0.018873245320016743
hopfield,12,1.0,0.16666666666666666,0.6811111111111111,0.17674297027725144,0.04,0.19628659682628738,0.3188888888888889,0.17674297027725144,0.8380555555555556,0.16194444444444442,-0.15694444444444444,0.17555167772507105,0.00021810054779052734,0.00043882347478255753,-9.181666666666667,2.197904689506482,6.7188888888888885,3.2861564899819617,0.6621388888888889,0.7027847222222223,0.016666666666666666,0.06333333333333334,0.020000349887521245,0.02221191942513062,4.965755085331755e-05,0.019865542444687,0.020000349887521245
hopfield,12,1.0,0.2,0.6633333333333333,0.1827216917831219,0.04,0.19628659682628735,0.33666666666666667,0.18272169178312192,0.8022222222222222,0.19777777777777777,-0.1388888888888889,0.17659047037615727,0.00018525282541910807,0.00023349929324079422,-9.113333333333333,2.143003445661239,7.315555555555555,3.231967477297601,0.6430208333333333,0.6839097222222223,0.016666666666666666,0.06333333333333334,0.020676905915802773,0.022211919425130615,2.6422932442399337e-05,0.019983092899167415,0.020676905915802776
hopfield,12,1.0,0.23333333333333334,0.6616666666666666,0.1853341714569244,0.03666666666666667,0.18825609351281186,0.3383333333333333,0.1853341714569244,0.7772222222222221,0.22277777777777777,-0.11555555555555558,0.18409103247397557,0.00017284790674845378,0.00019005735101266377,-9.075,2.1243892164386557,7.577777777777777,3.2627229548559105,0.6399305555555556,0.681951388888889,0.016666666666666666,0.06008333333333335,0.020972535821015544,0.02130318242817702,2.1507013902651206e-05,0.0208318614022322,0.020972535821015544
hopfield,12,1.0,0.26666666666666666,0.6386111111111111,0.19688421320698243,0.02666666666666667,0.16137646493112862,0.3613888888888889,0.19688421320698243,0.7358333333333333,0.26416666666666666,-0.09722222222222222,0.19809963622859247,0.00015061219533284506,6.470232066940945e-05,-9.212777777777777,2.1469611726169826,8.12111111111111,3.281050209067351,0.6180486111111111,0.6581319444444446,0.01,0.043333333333333335,0.022279546084870837,0.01826146611189603,7.321756842112697e-06,0.02241708414737718,0.022279546084870837
hopfield,12,1.0,0.3,0.6236111111111111,0.2116605364913153,0.02666666666666667,0.16137646493112867,0.3763888888888889,0.21166053649131533,0.6991666666666667,0.30083333333333334,-0.07555555555555556,0.21168632153292807,0.00014204025268554687,2.096113896694347e-05,-9.137222222222222,2.1153479214861943,8.28,3.2459173110065866,0.5991388888888889,0.6461250000000001,0.01,0.04666666666666667,0.023951644473135972,0.018261466111896038,2.3719761681168493e-06,0.023954562325276346,0.023951644473135976
hopfield,12,1.0,0.3333333333333333,0.5905555555555555,0.22156932143611366,0.03,0.1708722458877267,0.40944444444444444,0.22156932143611371,0.6566666666666666,0.3433333333333333,-0.0661111111111111,0.21342369068433778,0.0001384123166402181,2.1311645266392286e-05,-9.086666666666666,2.0770390982912543,8.607777777777777,3.066319879249851,0.5669305555555555,0.6172291666666668,0.013250000000000003,0.05,0.025072929045559373,0.019336014883421727,2.4116396897593784e-06,0.024151164152536982,0.02507292904555938
hopfield,12,1.0,0.36666666666666664,0.5855555555555555,0.22623924113131316,0.03333333333333333,0.1798054194170131,0.41444444444444445,0.22623924113131327,0.6161111111111112,0.3838888888888889,-0.030555555555555555,0.204786795500942,0.00014057477315266927,2.1550840039447873e-05,-8.905555555555555,2.0480494084101064,8.692222222222222,3.052326796525206,0.55775,0.6122291666666668,0.016500000000000004,0.05341666666666669,0.025601380206610375,0.02034689863122455,2.4387071264154077e-06,0.02317380745575414,0.02560138020661039
hopfield,12,1.0,0.4,0.5525,0.2299125138574285,0.023333333333333334,0.1512121222276315,0.4475,0.2299125138574285,0.5766666666666667,0.42333333333333334,-0.024166666666666663,0.21334659326823144,0.0001413885752360026,2.0785297056773146e-05,-8.955,2.0051292921557122,9.007777777777777,2.919127750753615,0.5291319444444444,0.5752847222222224,0.006666666666666667,0.043333333333333335,0.02601705014606738,0.017111262456680095,2.352077782779205e-06,0.024142439758604188,0.02601705014606738
hopfield,12,1.0,0.43333333333333335,0.5305555555555556,0.2352913282855044,0.023333333333333334,0.15121212222763153,0.4694444444444445,0.23529132828550436,0.5522222222222222,0.44777777777777783,-0.021666666666666667,0.20994195017953807,0.00014728943506876627,1.9500988762782516e-05,-8.94111111111111,2.002612254146029,8.896666666666667,2.8950533806048315,0.5082291666666666,0.5564166666666667,0.009916666666666669,0.04,0.026625720297829628,0.0171112624566801,2.206744617884645e-06,0.02375716812426885,0.026625720297829624
hopfield,12,1.0,0.4666666666666667,0.5119444444444444,0.24148624077591407,0.02,0.14023391829177734,0.4880555555555555,0.24148624077591407,0.5227777777777778,0.4772222222222222,-0.010833333333333332,0.2097322043639941,0.0001399985949198405,2.227901967488967e-05,-8.973888888888888,2.0103235203591865,8.896666666666667,2.8403689943003845,0.4794305555555556,0.5331527777777778,0.006666666666666667,0.03666666666666667,0.027326740639042692,0.01586896173315363,2.5211084092893894e-06,0.023733433150867976,0.027326740639042692
hopfield,12,1.0,0.5,0.4955555555555555,0.23674184013981522,0.02,0.14023391829177737,0.5044444444444445,0.23674184013981522,0.4925,0.5075,0.00305555555555556,0.21273754219818078,0.00013964096705118816,2.047900117153331e-05,-9.070555555555556,2.0198576766852065,8.997777777777777,2.8746891106636063,0.4741666666666667,0.5186597222222222,0.006666666666666667,0.03333333333333333,0.02678986116610125,0.015868961733153632,2.317417140467406e-06,0.024073519141952368,0.02678986116610125
hopfield,16,0.1,0.0,1.0,0.0,1.0,0.0,0.0,0.0,1.0,0.0,0.0,0.0,0.00018465916315714518,2.7333830409328263e-05,-120.0,0.0,0.0,0.0,1.0,1.0,1.0,1.0,0.0,0.0,3.0931140915826126e-06,0.0,0.0
hopfield,16,0.1,0.03333333333333333,1.0,0.0,1.0,0.0,0.0,0.0,0.9672916666666667,0.03270833333333333,0.03270833333333333,0.04860575234571038,0.00018480141957600912,2.7112872694209145e-05,-120.0,0.0,14.993333333333334,21.21241406796639,1.0,1.0,1.0,1.0,0.0,0.0,3.0681103723071175e-06,0.0055002586633881925,0.0
hopfield,16,0.1,0.06666666666666667,1.0,0.0,1.0,0.0,0.0,0.0,0.9341666666666667,0.06583333333333333,0.06583333333333333,0.061673746919461946,0.00019060373306274415,2.7640170387120262e-05,-120.0,0.0,29.546666666666667,25.96333578154471,1.0,1.0,1.0,1.0,0.0,0.0,3.1277797234363966e-06,0.006979041459633304,0.0
hopfield,16,0.1,0.1,1.0,0.0,1.0,0.0,0.0,0.0,0.8979166666666667,0.10208333333333333,0.10208333333333333,0.07849861888026596,0.0001775685946146647,2.7697178433240323e-05,-120.0,0.0,43.78666666666667,29.5392911440542,1.0,1.0,1.0,1.0,0.0,0.0,3.1342307911479817e-06,0.008882954953340936,0.0
hopfield,16,0.1,0.13333333333333333,1.0,0.0,1.0,0.0,0.0,0.0,0.8608333333333333,0.13916666666666666,0.13916666666666666,0.08341411914737618,0.00018335978190104168,2.705555505220764e-05,-120.0,0.0,57.78666666666667,29.302844193267962,1.0,1.0,1.0,1.0,0.0,0.0,3.0616242705234966e-06,0.009439196172214816,0.0
hopfield,16,0.1,0.16666666666666666,1.0,0.0,1.0,0.0,0.0,0.0,0.8266666666666667,0.17333333333333334,0.17333333333333334,0.09076466624012433,0.00019272565841674805,2.4471424115574308e-05,-120.0,0.0,69.16,29.383197710465545,1.0,1.0,1.0,1.0,0.0,0.0,2.769202326913744e-06,0.010270988879381894,0.0
hopfield,16,0.1,0.2,1.0,0.0,1.0,0.0,0.0,0.0,0.7964583333333334,0.20354166666666668,0.20354166666666668,0.0950293605248474,0.00018393993377685547,2.82163906947945e-05,-120.0,0.0,78.39333333333333,28.112387125997707,1.0,1.0,1.0,1.0,0.0,0.0,3.1929851895870537e-06,0.010753584468467973,0.0
hopfield,16,0.1,0.23333333333333334,0.9866666666666667,0.11488931224930925,0.9866666666666667,0.11488931224930925,0.013333333333333334,0.11488931224930926,0.7691666666666667,0.23083333333333333,0.2175,0.13186024323434034,0.00018675009409586588,2.6820398206681947e-05,-120.0,0.0,84.88,28.73984799674929,0.97,1.0,0.9733333333333334,0.9966666666666667,0.013000949569413334,0.013000949569413334,3.0350137683825524e-06,0.01492139119764416,0.013000949569413334
hopfield,16,0.1,0.26666666666666666,0.9766666666666667,0.15121212222763156,0.9766666666666667,0.15121212222763156,0.023333333333333334,0.15121212222763153,0.73375,0.26625,0.24291666666666667,0.15267210713337276,0.00018623034159342448,2.5483623557309028e-05,-120.0,0.0,93.57333333333334,27.159468785389947,0.96,0.99,0.9566666666666667,0.9900833333333333,0.017111262456680102,0.017111262456680102,2.883743476464933e-06,0.017276475301635227,0.0171112624566801
hopfield,16,0.1,0.3,0.94,0.23788364542889834,0.94,0.23788364542889834,0.06,0.23788364542889834,0.69875,0.30125,0.24125,0.20669323762911396,0.00018604040145874022,2.6634874618832666e-05,-120.0,0.0,100.29333333333334,25.300745336931005,0.9166666666666666,0.96675,0.9165833333333333,0.9633333333333334,0.02691906859794005,0.02691906859794005,3.0140197980789336e-06,0.023389541691429466,0.02691906859794005
hopfield,16,0.1,0.3333333333333333,0.89,0.31341254721080314,0.89,0.31341254721080314,0.11,0.31341254721080314,0.659375,0.340625,0.230625,0.26334000214697584,0.00019390662511189777,2.1302396922868058e-05,-120.0,0.0,108.15333333333334,20.340656246641494,0.8566666666666667,0.92,0.8566666666666667,0.9234166666666667,0.035465968425914436,0.035465968425914436,2.410593141169217e-06,0.029799726541078812,0.035465968425914436
hopfield,16,0.1,0.36666666666666664,0.8466666666666667,0.3609105294341109,0.8466666666666667,0.3609105294341109,0.15333333333333332,0.36091052943411095,0.6177083333333333,0.38229166666666664,0.22895833333333335,0.29934686834705015,0.00018559694290161134,2.69581707011363e-05,-120.0,0.0,113.99333333333334,16.353534250956663,0.8033333333333333,0.8835000000000001,0.81,0.8834166666666666,0.04084087109914224,0.04084087109914224,3.0506041937875407e-06,0.03387428702416321,0.040840871099142244
hopfield,16,0.1,0.4,0.7466666666666667,0.43564685564303235,0.7466666666666667,0.43564685564303235,0.25333333333333335,0.4356468556430323,0.5839583333333334,0.41604166666666664,0.16270833333333334,0.3578834133565585,0.0001850438117980957,2.6693801675141757e-05,-120.0,0.0,116.82,14.214115175912772,0.6999166666666666,0.8035000000000001,0.6963333333333334,0.8001666666666667,0.049298082557915276,0.049298082557915276,3.0206880222361648e-06,0.040498320667822586,0.04929808255791527
hopfield,16,0.1,0.43333333333333335,0.6866666666666666,0.4646236534587971,0.6866666666666666,0.4646236534587971,0.31333333333333335,0.464623653458797,0.55875,0.44125,0.12791666666666668,0.3797660251194222,0.00019672791163126627,2.023681723397593e-05,-120.0,0.0,118.56,11.993576876296137,0.64,0.7433333333333333,0.6399166666666667,0.7334166666666666,0.05257711591367555,0.05257711591367555,2.290011448005143e-06,0.042974571299027424,0.052577115913675546
hopfield,16,0.1,0.4666666666666667,0.59,0.4926550822840806,0.59,0.4926550822840806,0.41,0.49265508228408067,0.5295833333333333,0.47041666666666665,0.06041666666666667,0.401379614628121,0.000175325075785319,2.7706057678402445e-05,-120.0,0.0,119.44,10.994969965784126,0.5365833333333333,0.6467499999999999,0.5398333333333334,0.6466666666666666,0.05574917069737283,0.05574917069737283,3.1352355723265536e-06,0.04542037919634368,0.055749170697372834
hopfield,16,0.1,0.5,0.46,0.499230176602706,0.46,0.499230176602706,0.54,0.4992301766027061,0.4952083333333333,0.5047916666666666,-0.035208333333333335,0.4013491804477024,0.00019789775212605793,1.870920233172908e-05,-120.0,0.0,119.51333333333334,10.151518769786785,0.40325,0.5133333333333333,0.41,0.51675,0.05649321266243472,0.05649321266243472,2.1171455484992036e-06,0.045416935244621266,0.05649321266243472
hopfield,16,0.25,0.0,0.9766666666666667,0.05694212184040781,0.8233333333333334,0.38202359741972397,0.023333333333333334,0.056942121840407804,1.0,0.0,-0.023333333333333334,0.056942121840407804,0.00018181482950846355,2.9137991890657983e-05,-31.138333333333332,6.525742481793508,0.8266666666666667,2.6190622710212863,0.97040625,0.983125,0.7765833333333333,0.87,0.006443607677066431,0.04323003965418509,3.2972741824964374e-06,0.00644360767706643,0.00644360767706643
hopfield,16,0.25,0.03333333333333333,0.9660416666666667,0.0744647731392804,0.7733333333333333,0.4193747004212345,0.03395833333333333,0.07446477313928043,0.9727083333333333,0.027291666666666665,-0.006666666666666667,0.07874122909518423,0.0001931015650431315,2.760580027212677e-05,-31.456666666666667,6.826305764481219,4.0,5.90334636691421,0.956453125,0.9752239583333333,0.7232500000000001,0.8134166666666667,0.00842648233615316,0.0474567148511856,3.123890378788257e-06,0.008910408883627615,0.008426482336153162
hopfield,16,0.25,0.06666666666666667,0.9516666666666667,0.09317946984659152,0.7166666666666667,0.45136977205609996,0.04833333333333333,0.09317946984659153,0.9379166666666666,0.06208333333333333,0.01375,0.0978900524802288,0.0001967438062032064,2.7107116920808372e-05,-31.463333333333335,6.880391571911562,7.976666666666667,8.426911157778543,0.939578125,0.9623125,0.6666666666666666,0.7600833333333333,0.01054424963177974,0.05107729804252726,3.0674590452319408e-06,0.011077302237487551,0.010544249631779742
hopfield,16,0.25,0.1,0.9372916666666666,0.11469868522289942,0.6733333333333333,0.4697778122315973,0.06270833333333334,0.11469868522289942,0.9041666666666667,0.09583333333333334,0.033125,0.10919822671358409,0.00018631617228190105,2.5164313161186332e-05,-31.315,6.83207135476903,11.62,9.5386346947278,0.92290625,0.9487708333333333,0.6233333333333333,0.72,0.012979378090670875,0.05316036388484032,2.847610103606262e-06,0.01235694261527104,0.012979378090670875
hopfield,16,0.25,0.13333333333333333,0.9229166666666667,0.12540000102236945,0.62,0.486197449464948,0.07708333333333334,0.12540000102236942,0.8697916666666666,0.13020833333333334,0.053125,0.11934589092466485,0.0001888895034790039,2.4919368866142986e-05,-31.486666666666668,6.6663048954238056,14.99,10.202132703787262,0.9089479166666666,0.9398020833333334,0.5665833333333333,0.67675,0.01419034597194229,0.055018420752267844,2.819892047289033e-06,0.013505258921398068,0.014190345971942287
hopfield,16,0.25,0.16666666666666666,0.8864583333333333,0.16669388190564002,0.56,0.4972163314570014,0.11354166666666667,0.16669388190563997,0.8302083333333333,0.16979166666666667,0.05625,0.14633017769076218,0.00018832047780354818,2.9370552166809768e-05,-31.355,6.423577624527298,18.416666666666668,10.34923884662881,0.8676822916666667,0.9025052083333333,0.5033333333333333,0.62,0.01886318848773505,0.05626532463118687,3.3235908551520905e-06,0.01655881842614415,0.018863188487735043
hopfield,16,0.25,0.2,0.855625,0.18259934815918846,0.4866666666666667,0.5006573159847487,0.144375,0.1825993481591885,0.795,0.205,0.060625,0.1564162994622305,0.00019137779871622723,2.2217743690269033e-05,-31.268333333333334,6.61561676435374,20.85,10.308980726145535,0.8320729166666666,0.8739895833333333,0.4266666666666667,0.5433333333333333,0.020663061431457297,0.05665470868648784,2.514174378871135e-06,0.017700170549632122,0.0206630614314573
hopfield,16,0.25,0.23333333333333334,0.8258333333333333,0.19458958324788148,0.41,0.49265508228408084,0.17416666666666666,0.19458958324788148,0.763125,0.236875,0.06270833333333334,0.17247478831965152,0.0001864194869995117,2.8444100076119593e-05,-31.453333333333333,6.047428671262047,23.043333333333333,10.024791454251119,0.8051666666666666,0.8477239583333332,0.36,0.4634166666666667,0.022019884260853644,0.05574917069737285,3.2187529318176426e-06,0.019517359631095806,0.022019884260853644
hopfield,16,0.25,0.26666666666666666,0.7822916666666667,0.21755726750913743,0.3433333333333333,0.4756149572016584,0.21770833333333334,0.21755726750913745,0.7283333333333334,0.27166666666666667,0.05395833333333333,0.18012229428980453,0.00018872340520222983,2.8858059640391493e-05,-31.38,5.9465793545589625,24.823333333333334,9.748276010290141,0.7595625,0.8077135416666666,0.29,0.39666666666666667,0.02461892240426974,0.053820899019914,3.265596866327379e-06,0.02038275639867324,0.024618922404269744
hopfield,16,0.25,0.3,0.7610416666666666,0.22864581150976446,0.31666666666666665,0.46595342851767957,0.23895833333333333,0.22864581150976446,0.7008333333333333,0.2991666666666667,0.060208333333333336,0.18664789189554856,0.00018503904342651368,2.480875216995659e-05,-31.273333333333333,5.883082333951228,26.123333333333335,9.3297877084371,0.7345781250000001,0.7871041666666667,0.26,0.36675,0.025873709281551614,0.05272759412736422,2.807374589742297e-06,0.02112119728339594,0.025873709281551614
hopfield,16,0.25,0.3333333333333333,0.7135416666666666,0.23410252184245867,0.25333333333333335,0.43564685564303235,0.2864583333333333,0.23410252184245867,0.668125,0.331875,0.04541666666666667,0.19375663041123684,0.00018812894821166993,2.6607506604219557e-05,-31.4,5.839119601939364,27.97,8.682572018485494,0.6897864583333334,0.7448125,0.2,0.30333333333333334,0.026491194184727892,0.049298082557915276,3.0109228156805373e-06,0.02192562677413967,0.026491194184727892
hopfield,16,0.25,0.36666666666666664,0.6770833333333334,0.24045497855369882,0.19333333333333333,0.39557192271742875,0.3229166666666667,0.2404549785536988,0.6377083333333333,0.3622916666666667,0.039375,0.20117787818388128,0.0001837929089864095,2.791015376139249e-05,-31.588333333333335,6.212488546093265,29.163333333333334,8.455865484533836,0.6509791666666667,0.7031354166666667,0.15666666666666668,0.24333333333333335,0.027210042332808885,0.044763176988693996,3.1583312183037044e-06,0.02276542001639447,0.02721004233280888
hopfield,16,0.25,0.4,0.638125,0.24720875950821808,0.14333333333333334,0.3509979402633572,0.361875,0.24720875950821813,0.6025,0.3975,0.035625,0.20387427730053664,0.00018700043360392253,2.6471192504399494e-05,-32.031666666666666,6.1911980801603725,30.483333333333334,8.309425012338368,0.6143489583333334,0.6645989583333333,0.11,0.18333333333333332,0.027974304594228217,0.039719156038026476,2.995497423164348e-06,0.023070546300539826,0.02797430459422822
hopfield,16,0.25,0.43333333333333335,0.58,0.26379379361887845,0.10666666666666667,0.30920475550187154,0.42,0.2637937936188785,0.563125,0.436875,0.016875,0.21227517370834895,0.00018888473510742188,2.8123351310282956e-05,-31.59,6.138471806598228,30.723333333333333,8.073250903822807,0.5497291666666667,0.6048177083333333,0.07666666666666666,0.14008333333333337,0.029851077880256757,0.03498981196944872,3.18245679210323e-06,0.024021197221826805,0.029851077880256763
hopfield,16,0.25,0.4666666666666667,0.54,0.2533512836156528,0.07333333333333333,0.26111842459139606,0.46,0.2533512836156529,0.5389583333333333,0.4610416666666667,0.0010416666666666667,0.203662273965204,0.0001845407485961914,3.038945909589917e-05,-31.55666666666667,6.2819848243475835,30.6,8.642277663365276,0.5131145833333334,0.5689114583333333,0.04658333333333334,0.10008333333333336,0.02866939663182673,0.02954833137472984,3.4388910283507228e-06,0.02304655586472604,0.028669396631826743
hopfield,16,0.25,0.5,0.5164583333333334,0.2629434825469826,0.08,0.271746488194703,0.48354166666666665,0.2629434825469826,0.5166666666666667,0.48333333333333334,-0.00020833333333333335,0.22107421103898717,0.0001849071184794108,2.494625569263434e-05,-31.623333333333335,6.485238361920502,31.126666666666665,8.854299385850346,0.4837447916666667,0.547515625,0.05,0.10666666666666667,0.029754856124310978,0.03075100998966725,2.822934578125471e-06,0.025016902029831697,0.029754856124310978
hopfield,16,0.5,0.0,0.8360416666666667,0.1326286619492826,0.25333333333333335,0.43564685564303246,0.16395833333333334,0.13262866194928263,1.0,0.0,-0.16395833333333334,0.13262866194928263,0.0001905385653177897,2.2773636603867074e-05,-19.280833333333334,4.876065115327996,4.066666666666666,3.996514646533328,0.8222499999999999,0.8502239583333333,0.20666666666666667,0.30666666666666664,0.015008345961020924,0.04929808255791528,2.5770795838391962e-06,0.015008345961020925,0.015008345961020925
hopfield,16,0.5,0.03333333333333333,0.8166666666666667,0.13556264107195454,0.19333333333333333,0.3955719227174287,0.18333333333333332,0.13556264107195456,0.9679166666666666,0.03208333333333333,-0.15125,0.1379704630064253,0.00017395814259847005,2.4000305037753934e-05,-19.635,4.798544407223262,6.325,5.061019798882659,0.8035364583333334,0.8308697916666666,0.14333333333333334,0.2401666666666667,0.015340356953730115,0.04476317698869399,2.7158901845393513e-06,0.015612827655567478,0.015340356953730119
hopfield,16,0.5,0.06666666666666667,0.8008333333333333,0.14005990914386185,0.15666666666666668,0.36409353546046735,0.19916666666666666,0.14005990914386185,0.9379166666666666,0.06208333333333333,-0.13708333333333333,0.14307025680937513,0.00017754554748535155,2.473706730912527e-05,-19.65,4.616478409967817,8.031666666666666,5.805789166718292,0.782453125,0.8179791666666666,0.11666666666666667,0.19341666666666668,0.015849270744389098,0.04120106213882746,2.7992626840975314e-06,0.016189923651256634,0.015849270744389098
hopfield,16,0.5,0.1,0.7825,0.14915452919236255,0.13,0.3368653453081294,0.2175,0.1491545291923625,0.9083333333333333,0.09166666666666666,-0.12583333333333332,0.14805855262555462,0.00019104957580566407,2.2512206379437286e-05,-19.779166666666665,4.687315585372771,9.558333333333334,6.427555948710331,0.766875,0.799796875,0.09,0.17008333333333336,0.01687842388569223,0.03811990236768373,2.547495968991223e-06,0.016754402461981302,0.016878423885692224
hopfield,16,0.5,0.13333333333333333,0.768125,0.16082434550992475,0.10333333333333333,0.3049023456071544,0.231875,0.16082434550992475,0.8729166666666667,0.12708333333333333,-0.10479166666666667,0.15299223677122673,0.00018379767735799153,2.5267871260421682e-05,-19.845833333333335,4.610473133414329,11.386666666666667,6.951611700871089,0.7483229166666666,0.7871250000000001,0.06666666666666667,0.14,0.018198987917790486,0.03450294845731642,2.8593288057144398e-06,0.017312701380422978,0.018198987917790486
hopfield,16,0.5,0.16666666666666666,0.7525,0.17407783789295225,0.10333333333333333,0.3049023456071545,0.2475,0.17407783789295228,0.83625,0.16375,-0.08375,0.16553002183015106,0.00018246730168660483,2.4282440257951567e-05,-19.899166666666666,4.514937042071403,13.023333333333333,7.0264280536318795,0.73371875,0.77396875,0.07325,0.13008333333333336,0.019698761767219027,0.03450294845731643,2.747816790223831e-06,0.018731485321870057,0.01969876176721903
hopfield,16,0.5,0.2,0.7429166666666667,0.186281810074874,0.10666666666666667,0.30920475550187143,0.25708333333333333,0.1862818100748741,0.799375,0.200625,-0.05645833333333333,0.1701565109675139,0.00018003384272257487,2.3936006503303497e-05,-19.775,4.409414335556221,14.385,6.864620775734725,0.7234947916666666,0.762921875,0.07325,0.14666666666666667,0.021079771225604407,0.034989811969448704,2.7086141204093534e-06,0.019255021852646482,0.02107977122560442
hopfield,16,0.5,0.23333333333333334,0.7170833333333333,0.18623411397013986,0.07,0.25557332754516526,0.28291666666666665,0.1862341139701398,0.769375,0.230625,-0.05229166666666667,0.17018721964252895,0.0001814142862955729,2.3831112246413085e-05,-19.964166666666667,4.447455133305423,15.56,6.707186780987253,0.6983281250000001,0.7352760416666667,0.04658333333333334,0.09675000000000002,0.021074373903258527,0.028920844573354348,2.6967442178287368e-06,0.01925849686635662,0.021074373903258524
hopfield,16,0.5,0.26666666666666666,0.694375,0.19354693209852009,0.07,0.2555733275451653,0.305625,0.19354693209852009,0.7404166666666666,0.25958333333333333,-0.04604166666666667,0.1839546596853567,0.00019252618153889974,2.2938011477382944e-05,-19.839166666666667,4.380970285339272,16.41,6.444273598114674,0.6702083333333333,0.7152395833333334,0.043250000000000004,0.09675000000000002,0.02190189717618973,0.028920844573354355,2.595680351823786e-06,0.02081642936845323,0.02190189717618973
hopfield,16,0.5,0.3,0.6683333333333333,0.19908426785639108,0.05,0.2183090993894991,0.33166666666666667,0.1990842678563911,0.7022916666666666,0.29770833333333335,-0.03395833333333333,0.19216047005405026,0.00018368085225423176,2.2508733034169343e-05,-19.75583333333333,4.221917763793647,17.583333333333332,6.137612716282484,0.6464322916666667,0.6889583333333333,0.03,0.07666666666666666,0.02252850570510816,0.024704000190618122,2.5471029229734377e-06,0.021745004226208942,0.022528505705108164
hopfield,16,0.5,0.3333333333333333,0.6389583333333333,0.20669060400309958,0.04,0.1962865968262873,0.36104166666666665,0.20669060400309952,0.663125,0.336875,-0.024166666666666666,0.1917081652520394,0.0001734320322672526,2.1586380274052817e-05,-19.864166666666666,4.120885417922672,18.201666666666668,5.776074851591941,0.6139427083333334,0.6621041666666667,0.02,0.06333333333333334,0.023389243668590548,0.022211919425130608,2.4427288825625877e-06,0.021693821119566383,0.023389243668590545
hopfield,16,0.5,0.36666666666666664,0.6025,0.22160906326925556,0.03,0.17087224588772665,0.3975,0.2216090632692556,0.6270833333333333,0.3729166666666667,-0.024583333333333332,0.20005965177863372,0.00018570502599080403,2.2695828925396502e-05,-19.996666666666666,4.202691312693351,18.93166666666667,5.687029532650564,0.5757916666666666,0.6235520833333333,0.01,0.05,0.025077426257339636,0.01933601488342172,2.5682748161536354e-06,0.022638880786441884,0.025077426257339643
hopfield,16,0.5,0.4,0.573125,0.23686022127634035,0.03333333333333333,0.17980541941701303,0.426875,0.2368602212763404,0.5877083333333334,0.41229166666666667,-0.014583333333333334,0.21204538556802222,0.00018343687057495117,2.3071856263227802e-05,-19.915,4.287663137881344,19.393333333333334,5.667659431693808,0.548328125,0.5970885416666666,0.016666666666666666,0.05333333333333334,0.026803257252785043,0.02034689863122454,2.610826315158669e-06,0.023995194245870655,0.02680325725278505
hopfield,16,0.5,0.43333333333333335,0.5352083333333333,0.23412707529996885,0.023333333333333334,0.1512121222276315,0.46479166666666666,0.23412707529996882,0.551875,0.448125,-0.016666666666666666,0.20909837235128215,0.00018760124842325847,2.2324878809154694e-05,-19.925833333333333,4.116778740254277,19.686666666666667,5.340432844390082,0.511015625,0.5581302083333333,0.01,0.043333333333333335,0.026493972670007287,0.017111262456680095,2.5262978588578817e-06,0.023661708306568566,0.026493972670007283
hopfield,16,0.5,0.4666666666666667,0.5110416666666666,0.2358461123832868,0.02666666666666667,0.1613764649311286,0.48895833333333333,0.23584611238328673,0.525,0.475,-0.013958333333333333,0.2108210238826415,0.00018180529276529947,2.4360429595848377e-05,-19.864166666666666,4.284910637277485,19.89,5.466642534683117,0.48621875000000003,0.536296875,0.013333333333333334,0.04666666666666667,0.0266885000284762,0.018261466111896028,2.7566421146086454e-06,0.023856644678337216,0.026688500028476194
hopfield,16,0.5,0.5,0.47541666666666665,0.23750073343781608,0.016666666666666666,0.12823299585640943,0.5245833333333333,0.23750073343781605,0.4972916666666667,0.5027083333333333,-0.021875,0.21070366312393854,0.0001787106196085612,2.32328980510163e-05,-19.86,4.1862451946143135,20.14666666666667,5.3113894996455855,0.44999479166666667,0.5027135416666666,0.0033333333333333335,0.03,0.026875738027079103,0.014510929516631266,2.6290499089866404e-06,0.02384336405827384,0.0268757380270791
hopfield,16,0.75,0.0,0.7822916666666667,0.13116669331556705,0.07666666666666666,0.26650636207348044,0.21770833333333334,0.13116669331556702,1.0,0.0,-0.21770833333333334,0.13116669331556702,0.00018965641657511394,2.1422260362151963e-05,-15.199444444444444,3.668102950003868,4.96,3.505035926885074,0.7685416666666667,0.7989583333333333,0.04658333333333334,0.10666666666666667,0.01484290863611332,0.030158033897238867,2.424156966200782e-06,0.014842908636113317,0.014842908636113317
hopfield,16,0.75,0.03333333333333333,0.778125,0.13906311651999675,0.08,0.27174648819470304,0.221875,0.13906311651999673,0.9654166666666667,0.034583333333333334,-0.18729166666666666,0.14471406161572536,0.00018269936243693033,2.3650219686581527e-05,-15.20111111111111,3.685383296667309,6.2877777777777775,4.085003374575846,0.7625,0.7945833333333333,0.05333333333333334,0.10666666666666667,0.01573647304040501,0.030751009989667257,2.6762742976785593e-06,0.016375937676155174,0.015736473040405007
hopfield,16,0.75,0.06666666666666667,0.7572916666666667,0.15355819579410498,0.05333333333333334,0.2250727616773127,0.24270833333333333,0.15355819579410504,0.9354166666666667,0.06458333333333334,-0.178125,0.15606175951936763,0.0001861890157063802,2.3747038181757464e-05,-15.201666666666666,3.6195638001432324,7.525555555555555,4.375077072811234,0.73978125,0.7727239583333333,0.03,0.07341666666666669,0.017376745672887953,0.025469380630163196,2.687230341792022e-06,0.017660050578267854,0.01737674567288796
hopfield,16,0.75,0.1,0.7495833333333334,0.1568023959003471,0.043333333333333335,0.2039465687344377,0.2504166666666667,0.1568023959003471,0.9029166666666667,0.09708333333333333,-0.15333333333333332,0.15395881465809394,0.00018359263737996418,2.4204904598682115e-05,-15.181666666666667,3.55723194466403,8.572222222222221,4.570392358692997,0.734515625,0.7675208333333333,0.023333333333333334,0.07,0.01774386147459816,0.02307872684638911,2.7390428044086326e-06,0.01742207996504538,0.01774386147459816
hopfield,16,0.75,0.13333333333333333,0.746875,0.15241960502174018,0.04666666666666667,0.21127631471468897,0.253125,0.15241960502174012,0.8695833333333334,0.13041666666666665,-0.12270833333333334,0.1476454640031017,0.0001799766222635905,2.2411763942691136e-05,-15.141666666666667,3.6600509131340737,9.303333333333333,4.8221652389744225,0.7311979166666667,0.7656927083333334,0.023333333333333334,0.07666666666666666,0.017247901997859312,0.02390816568608788,2.5361298372841066e-06,0.01670765708381632,0.017247901997859305
hopfield,16,0.75,0.16666666666666666,0.7233333333333334,0.16314777414843126,0.04,0.1962865968262873,0.27666666666666667,0.1631477741484312,0.839375,0.160625,-0.11604166666666667,0.15725374366570255,0.00019237438837687174,2.1255836546653525e-05,-15.341666666666667,3.502643398443945,10.342222222222222,4.84512215743072,0.7045729166666667,0.7431302083333333,0.02,0.06008333333333335,0.01846190861916787,0.022211919425130608,2.405324338603975e-06,0.017794936282348073,0.018461908619167862
hopfield,16,0.75,0.2,0.6916666666666667,0.17635741269440056,0.03,0.17087224588772662,0.30833333333333335,0.17635741269440056,0.8022916666666666,0.19770833333333335,-0.110625,0.17398813113039494,0.00018342733383178711,2.1793927838070592e-05,-15.46111111111111,3.409493199090427,11.483333333333333,4.938651883144946,0.6718697916666667,0.7104322916666667,0.01,0.05,0.019956719939768823,0.019336014883421716,2.4662151003858294e-06,0.01968861049141095,0.019956719939768823
hopfield,16,0.75,0.23333333333333334,0.669375,0.18208348320992632,0.02,0.1402339182917774,0.330625,0.18208348320992632,0.769375,0.230625,-0.1,0.17714582640499615,0.0001850740114847819,2.4985979012001332e-05,-15.500555555555557,3.354461976124186,12.48111111111111,4.989399266594762,0.6487395833333334,0.6912864583333334,0.0033333333333333335,0.03675000000000002,0.02060468581706219,0.015868961733153636,2.82742969487488e-06,0.020045937349905674,0.02060468581706219
hopfield,16,0.75,0.26666666666666666,0.6564583333333334,0.18631161393979637,0.02666666666666667,0.16137646493112864,0.3435416666666667,0.18631161393979642,0.7420833333333333,0.2579166666666667,-0.085625,0.18380308882025412,0.00017983595530192056,2.3509880533290682e-05,-15.53388888888889,3.208078638295193,13.257777777777777,4.8651295913665304,0.6358281250000001,0.6770989583333333,0.009916666666666669,0.043333333333333335,0.021083143850413832,0.018261466111896035,2.6603934274842178e-06,0.020799277510418646,0.02108314385041384
hopfield,16,0.75,0.3,0.6327083333333333,0.19811891913094587,0.03,0.17087224588772668,0.3672916666666667,0.1981189191309459,0.705,0.295,-0.07229166666666667,0.1910422323616114,0.00019547541936238607,2.2169163172107012e-05,-15.404444444444444,3.0936303500455025,13.83111111111111,4.748251126996045,0.610984375,0.65459375,0.013333333333333334,0.056666666666666664,0.02241926621319462,0.019336014883421723,2.508676975724445e-06,0.02161846371899042,0.022419266213194622
hopfield,16,0.75,0.3333333333333333,0.6104166666666667,0.20394272522646698,0.03,0.17087224588772668,0.38958333333333334,0.203942725226467,0.6708333333333333,0.32916666666666666,-0.06041666666666667,0.20693159983980972,0.0001800696055094401,2.4764194555625393e-05,-15.53611111111111,3.1084826084985644,14.51,4.719746307009195,0.5889427083333334,0.6325052083333332,0.013333333333333334,0.05,0.023078291912518246,0.019336014883421723,2.802332421019098e-06,0.023416514914785393,0.02307829191251825
hopfield,16,0.75,0.36666666666666664,0.5875,0.20105023166406422,0.023333333333333334,0.15121212222763158,0.4125,0.20105023166406427,0.6370833333333333,0.36291666666666667,-0.04958333333333333,0.20219022647289203,0.00019066731135050456,5.2033362812360546e-05,-15.51111111111111,3.170326856502234,14.876666666666667,4.713017544401752,0.5624947916666667,0.6039635416666667,0.006666666666666667,0.04,0.02275097545288928,0.017111262456680106,5.8881293012053325e-06,0.022879978009600576,0.022750975452889288
hopfield,16,0.75,0.4,0.5652083333333333,0.19838251225292391,0.01,0.09966499068325334,0.4347916666666667,0.1983825122529239,0.6022916666666667,0.39770833333333333,-0.037083333333333336,0.20409384863928867,0.0002007428805033366,3.0918370425082146e-05,-15.33111111111111,3.057876420029661,14.966666666666667,4.608129439426491,0.5443489583333334,0.5835677083333333,0.0,0.023333333333333334,0.022449094582941007,0.011278155403152539,3.498742979613845e-06,0.023095393136560647,0.022449094582941004
hopfield,16,0.75,0.43333333333333335,0.54125,0.20616161833923938,0.01,0.09966499068325334,0.45875,0.2061616183392394,0.5683333333333334,0.43166666666666664,-0.027083333333333334,0.20642591143538316,0.0001811385154724121,2.8077940437025623e-05,-15.458333333333334,3.105991052176769,15.407777777777778,4.36328882376513,0.519953125,0.5645833333333333,0.0,0.023416666666666686,0.02332938330556683,0.011278155403152539,3.177318068042976e-06,0.023359290884846732,0.023329383305566834
hopfield,16,0.75,0.4666666666666667,0.5066666666666667,0.21102387497212188,0.01,0.09966499068325335,0.49333333333333335,0.21102387497212197,0.5352083333333333,0.46479166666666666,-0.028541666666666667,0.20626034567478502,0.00018416484196980795,2.4523720845470248e-05,-15.35222222222222,3.0235073474844287,15.505555555555553,4.253702637302569,0.48547916666666663,0.5308541666666667,0.0,0.023333333333333334,0.023879599440036127,0.01127815540315254,2.7751202590060425e-06,0.023340555355302543,0.023879599440036137
hopfield,16,0.75,0.5,0.48125,0.21146956539961256,0.006666666666666667,0.0815130058495636,0.51875,0.21146956539961254,0.49666666666666665,0.5033333333333333,-0.015416666666666667,0.1983597911490748,0.00018862485885620117,2.2465360483059187e-05,-15.48888888888889,3.040062406864638,15.393333333333333,4.4637471947851255,0.458328125,0.502328125,0.0,0.016666666666666666,0.02393003405974038,0.009224064950461412,2.5421948567778955e-06,0.02244652344799799,0.023930034059740375
hopfield,16,1.0,0.0,0.7529166666666667,0.1362681722613921,0.06,0.23788364542889825,0.24708333333333332,0.1362681722613921,1.0,0.0,-0.24708333333333332,0.1362681722613921,0.00018151044845581053,2.398275510568366e-05,-12.47875,2.65836545213225,5.085833333333333,3.0836185426558393,0.7392864583333333,0.7698177083333333,0.03333333333333333,0.08333333333333333,0.01542019532367023,0.02691906859794004,2.7139042227703653e-06,0.01542019532367023,0.01542019532367023
hopfield,16,1.0,0.03333333333333333,0.7422916666666667,0.13841274407714568,0.05,0.218309099389499,0.2577083333333333,0.1384127440771457,0.9679166666666666,0.03208333333333333,-0.225625,0.14309688771100249,0.00018465201059977214,2.335266184309973e-05,-12.494583333333333,2.6793372445355588,6.13,3.505516436268676,0.7270729166666666,0.7598177083333333,0.023333333333333334,0.07016666666666671,0.015662876470234108,0.024704000190618112,2.6426024578759543e-06,0.016192937221468404,0.015662876470234108
hopfield,16,1.0,0.06666666666666667,0.7308333333333333,0.1333825334253531,0.043333333333333335,0.2039465687344377,0.26916666666666667,0.13338253342535308,0.9260416666666667,0.07395833333333333,-0.19520833333333334,0.13784525798051453,0.0001842355728149414,2.2962037492678163e-05,-12.786666666666667,2.6227214456540873,7.355,3.7971968626050887,0.7156145833333333,0.7429166666666667,0.023333333333333334,0.06666666666666667,0.015093654549351085,0.02307872684638911,2.598399151397843e-06,0.015598659373106437,0.015093654549351082
hopfield,16,1.0,0.1,0.7145833333333333,0.1345469347392002,0.02666666666666667,0.16137646493112862,0.28541666666666665,0.1345469347392003,0.8954166666666666,0.10458333333333333,-0.18083333333333335,0.14010840483678555,0.00018381198247273764,2.3063924847435932e-05,-12.688333333333333,2.638541939679383,8.059166666666666,3.794914874130275,0.6987291666666666,0.729375,0.01,0.04666666666666667,0.015225418962101982,0.01826146611189603,2.609928790970341e-06,0.015854758548656447,0.015225418962101993
hopfield,16,1.0,0.13333333333333333,0.7008333333333333,0.14259279870678013,0.023333333333333334,0.15121212222763153,0.2991666666666667,0.1425927987067802,0.8654166666666666,0.13458333333333333,-0.16458333333333333,0.15443835471446835,0.00018807570139567058,2.162949849729011e-05,-12.620416666666667,2.6938688115114924,8.825833333333334,4.015891214459975,0.6843697916666667,0.7154270833333334,0.01,0.04341666666666669,0.01613589418070088,0.0171112624566801,2.4476081688500218e-06,0.017476345030849834,0.016135894180700886
hopfield,16,1.0,0.16666666666666666,0.6833333333333333,0.15616287983710775,0.02,0.1402339182917774,0.31666666666666665,0.15616287983710772,0.830625,0.169375,-0.14729166666666665,0.16448160919415647,0.00018815835316975913,2.2684872280656937e-05,-12.581666666666667,2.7685784217077973,9.3225,4.118889768665994,0.6664270833333333,0.69878125,0.0033333333333333335,0.03666666666666667,0.017671493419430744,0.015868961733153636,2.567034955082834e-06,0.018612846263617852,0.01767149341943074
hopfield,16,1.0,0.2,0.6658333333333334,0.1672818218315221,0.013333333333333334,0.11488931224930933,0.33416666666666667,0.16728182183152218,0.7972916666666666,0.20270833333333332,-0.13145833333333334,0.17461274140822566,0.00018195629119873046,2.211304849847524e-05,-12.648333333333333,2.6675809295328947,9.9725,4.026494871867746,0.6483177083333334,0.6816770833333333,0.003250000000000002,0.03,0.01892972015353222,0.01300094956941334,2.5023270026267943e-06,0.019759291798171607,0.018929720153532226
hopfield,16,1.0,0.23333333333333334,0.6533333333333333,0.17508160225176633,0.006666666666666667,0.0815130058495636,0.3466666666666667,0.1750816022517663,0.765625,0.234375,-0.11229166666666666,0.17994813661197664,0.00017464001973470052,2.2671770531277672e-05,-12.615416666666667,2.598752320209617,10.324166666666667,3.970696295250907,0.6322916666666667,0.6716927083333333,0.0,0.016666666666666666,0.01981234839728082,0.009224064950461412,2.565552352570763e-06,0.020363048602166867,0.019812348397280816
hopfield,16,1.0,0.26666666666666666,0.6335416666666667,0.17807985722437109,0.0033333333333333335,0.05773502691896258,0.36645833333333333,0.1780798572243711,0.736875,0.263125,-0.10333333333333333,0.1791969653673814,0.00019100427627563476,1.979061982166981e-05,-12.655,2.554042961953658,10.846666666666666,3.997677698216588,0.6147604166666666,0.6546145833333333,0.0,0.01,0.02015163288712519,0.006533333333333333,2.239519457568239e-06,0.02027804557379305,0.020151632887125192
hopfield,16,1.0,0.3,0.6029166666666667,0.18587459735539166,0.0,0.0,0.39708333333333334,0.18587459735539166,0.7027083333333334,0.2972916666666667,-0.09979166666666667,0.17715307827137983,0.00018810510635375977,2.17546752869341e-05,-12.77,2.52227037132956,11.3675,4.012332837556118,0.5849583333333332,0.6208697916666667,0.0,0.0,0.02103369076845514,0.0,2.461773256076683e-06,0.020046757975839387,0.02103369076845514
hopfield,16,1.0,0.3333333333333333,0.58,0.19745983038426979,0.0,0.0,0.42,0.19745983038426984,0.6654166666666667,0.33458333333333334,-0.08541666666666667,0.18647527490095522,0.0001770313580830892,2.1779968881594325e-05,-12.802083333333334,2.6090444841210805,11.79,4.028803070466711,0.5591666666666667,0.6017395833333333,0.0,0.0,0.022344683300393214,0.0,2.4646354957591103e-06,0.021101663831610086,0.02234468330039322
hopfield,16,1.0,0.36666666666666664,0.5477083333333334,0.19955651691194903,0.0,0.0,0.45229166666666665,0.199556516911949,0.6335416666666667,0.36645833333333333,-0.08583333333333333,0.18982624220495536,0.00018687009811401366,2.229405172960514e-05,-12.600833333333334,2.4732345087637815,12.181666666666667,3.764869812433199,0.5251354166666667,0.5725260416666667,0.0,0.0,0.022581945716500944,0.0,2.522809446413334e-06,0.021480861479112066,0.02258194571650094
hopfield,16,1.0,0.4,0.536875,0.20067852345043682,0.0,0.0,0.463125,0.20067852345043682,0.6004166666666667,0.39958333333333335,-0.06354166666666666,0.19163216602144104,0.00019196112950642903,2.2835407342298076e-05,-12.64875,2.532586227059533,12.456666666666667,3.81076703216913,0.5106145833333333,0.5575260416666666,0.0,0.0,0.022708912708798518,0.0,2.5840696009215877e-06,0.021685220997022525,0.022708912708798518
hopfield,16,1.0,0.43333333333333335,0.5310416666666666,0.2027648004748216,0.0033333333333333335,0.05773502691896258,0.4689583333333333,0.20276480047482157,0.5675,0.4325,-0.036458333333333336,0.1908807760517263,0.0001794743537902832,2.3208440751495172e-05,-12.565416666666666,2.522441465368342,12.329166666666667,3.827021638423116,0.5074895833333333,0.5564583333333334,0.0,0.01,0.02294499717871852,0.006533333333333333,2.6262823050080543e-06,0.021600193217571412,0.022944997178718517
hopfield,16,1.0,0.4666666666666667,0.5189583333333333,0.19715911463969207,0.0033333333333333335,0.05773502691896259,0.48104166666666665,0.19715911463969205,0.536875,0.463125,-0.017916666666666668,0.1875817361793226,0.00018905162811279298,2.186577833443255e-05,-12.598333333333333,2.5244865477932046,12.4175,3.8451509771125125,0.49790625,0.5423072916666666,0.0,0.010083333333333352,0.022310654110441242,0.006533333333333334,2.4743457494553624e-06,0.021226871712125096,0.02231065411044124
hopfield,16,1.0,0.5,0.4922916666666667,0.20106441861253205,0.006666666666666667,0.08151300584956361,0.5077083333333333,0.20106441861253213,0.5014583333333333,0.49854166666666666,-0.009166666666666667,0.19355289448995683,0.0001782687505086263,2.2417721850089176e-05,-12.55,2.6158963816632075,12.54,4.070920203633058,0.4691666666666667,0.5131458333333334,0.0,0.016666666666666666,0.02275258085723859,0.009224064950461413,2.536804037974359e-06,0.02190257188429673,0.022752580857238597
hopfield,24,0.1,0.0,1.0,0.0,1.0,0.0,0.0,0.0,1.0,0.0,0.0,0.0,0.0002794559796651204,3.2456315803430135e-05,-138.34666666666666,8.673942576569646,0.0,0.0,1.0,1.0,1.0,1.0,0.0,0.0,3.672777882538723e-06,0.0,0.0
hopfield,24,0.1,0.03333333333333333,1.0,0.0,1.0,0.0,0.0,0.0,0.9688888888888889,0.031111111111111107,0.031111111111111107,0.03644437873302575,0.0002732984224955241,3.424631193255215e-05,-138.28,8.471174810826732,16.493333333333332,18.800749528453945,1.0,1.0,1.0,1.0,0.0,0.0,3.875335012950132e-06,0.004124069686904373,0.0
hopfield,24,0.1,0.06666666666666667,1.0,0.0,1.0,0.0,0.0,0.0,0.93375,0.06625,0.06625,0.053479475949433974,0.0002792469660441081,3.520149199449329e-05,-138.47666666666666,9.347765756461866,33.98,25.715960714146092,1.0,1.0,1.0,1.0,0.0,0.0,3.9834238122638425e-06,0.006051772407763061,0.0
hopfield,24,0.1,0.1,1.0,0.0,1.0,0.0,0.0,0.0,0.899861111111111,0.10013888888888887,0.10013888888888887,0.06591147773576335,0.00027428468068440757,3.4700470218535946e-05,-138.22,9.242095058493724,49.333333333333336,29.227894008683418,1.0,1.0,1.0,1.0,0.0,0.0,3.92672786104895e-06,0.007458585845032083,0.0
hopfield,24,0.1,0.13333333333333333,1.0,0.0,1.0,0.0,0.0,0.0,0.863611111111111,0.1363888888888889,0.1363888888888889,0.07283297341588177,0.0002855984369913737,3.4532671119903866e-05,-138.38333333333333,9.634615106464876,64.78666666666666,30.220502169777635,1.0,1.0,1.0,1.0,0.0,0.0,3.907739605515008e-06,0.008241826814277878,0.0
hopfield,24,0.1,0.16666666666666666,0.9958333333333333,0.04330663357193766,0.99,0.09966499068325334,0.004166666666666667,0.04330663357193764,0.8319444444444445,0.16805555555555554,0.1638888888888889,0.07832892529324303,0.00027380943298339845,3.478812272021662e-05,-138.53333333333333,9.82908568009138,77.38,30.247622422388133,0.9898611111111112,1.0,0.9766666666666667,0.99675,0.004900606923889119,0.011278155403152539,3.936646675355284e-06,0.008863752316264038,0.004900606923889117
hopfield,24,0.1,0.2,0.9893055555555557,0.0671784229614079,0.9733333333333334,0.16137646493112864,0.010694444444444444,0.06717842296140791,0.8013888888888888,0.19861111111111113,0.18791666666666668,0.08751260725653684,0.0002802554766337077,3.53399174663372e-05,-138.17333333333335,9.608905197047251,88.40666666666667,29.098057415804696,0.9826249999999999,0.9963888888888888,0.9533333333333334,0.99,0.007601954193778663,0.018261466111896035,3.999088129016471e-06,0.009902983761981317,0.007601954193778664
hopfield,24,0.1,0.23333333333333334,0.9769444444444444,0.10011335393849354,0.9466666666666667,0.2250727616773126,0.023055555555555555,0.10011335393849354,0.7702777777777778,0.22972222222222224,0.20666666666666667,0.10289835445205578,0.00026975313822428387,3.541510918839759e-05,-138.22,9.460970698357755,98.42666666666666,27.23963929125986,0.9653645833333334,0.9884756944444443,0.92,0.9700833333333333,0.011328892481789641,0.025469380630163185,4.007596873367061e-06,0.011644044957844529,0.011328892481789641
hopfield,24,0.1,0.26666666666666666,0.95875,0.133924492514553,0.91,0.28665992577177285,0.04125,0.13392449251455302,0.7351388888888889,0.2648611111111111,0.2236111111111111,0.12557159044946006,0.00028137922286987306,4.044460157679284e-05,-137.54666666666665,8.202770285503838,107.50666666666666,25.752552016062836,0.9456875000000001,0.9726562499999999,0.8766666666666667,0.94,0.015154982993654791,0.03243862432080139,4.5767375150951866e-06,0.014209763143518779,0.015154982993654795
hopfield,24,0.1,0.3,0.9302777777777778,0.18182826178661793,0.86,0.3475667929841461,0.06972222222222223,0.18182826178661793,0.7004166666666667,0.2995833333333333,0.2298611111111111,0.15427221270784416,0.0002810843785603841,3.546540465171008e-05,-137.49333333333334,8.83724761299959,116.37333333333333,23.874685847215527,0.9061076388888889,0.951829861111111,0.8233333333333334,0.8967499999999999,0.020575804794201978,0.03933088517219124,4.013288340826429e-06,0.017457544292929193,0.020575804794201978
hopfield,24,0.1,0.3333333333333333,0.878611111111111,0.2378082924779164,0.77,0.4215356541175464,0.12138888888888888,0.23780829247791635,0.66625,0.33375,0.2123611111111111,0.19388584691472766,0.0002851613362630208,3.343709265449681e-05,-137.63666666666666,9.03863810638988,123.06,21.904850488336788,0.8507881944444444,0.9016666666666666,0.7133333333333334,0.8166666666666667,0.026910541608819456,0.047701249782046914,3.783763231218469e-06,0.02194024899802221,0.02691054160881945
hopfield,24,0.1,0.36666666666666664,0.8361111111111111,0.266553708424386,0.6933333333333334,0.46188021535170054,0.1638888888888889,0.2665537084243861,0.6368055555555555,0.36319444444444443,0.19930555555555554,0.2147008608493426,0.00026714166005452475,3.826446302165897e-05,-137.50333333333333,8.190253745169096,127.24666666666667,19.388800224253405,0.8017465277777778,0.8676631944444443,0.6366666666666667,0.7534166666666666,0.030163391641213205,0.052266666666666656,4.330031613086452e-06,0.024295689562096014,0.030163391641213212
hopfield,24,0.1,0.4,0.7663888888888889,0.310195297963608,0.59,0.49265508228408095,0.2336111111111111,0.310195297963608,0.6086111111111111,0.3913888888888889,0.1577777777777778,0.24827941298949063,0.0002736314137776693,3.72797444435569e-05,-137.74333333333334,8.288937033543107,131.36666666666667,18.569913692242796,0.7288125,0.8008472222222223,0.5365,0.6433333333333333,0.03510190240100647,0.05574917069737286,4.218600216002375e-06,0.028095460441050036,0.03510190240100647
hopfield,24,0.1,0.43333333333333335,0.69625,0.3319173695206694,0.48,0.5004345937369793,0.30375,0.3319173695206694,0.575,0.425,0.12125,0.26930492323007565,0.00028206745783487954,3.5566236474691904e-05,-137.48666666666668,7.865709557632999,134.73333333333332,16.717069828003254,0.6553958333333333,0.7294409722222223,0.4166666666666667,0.5366666666666666,0.0375599861977283,0.05662950529154581,4.02469853573415e-06,0.03047472090451123,0.0375599861977283
hopfield,24,0.1,0.4666666666666667,0.6186111111111111,0.3567166437165114,0.39,0.4885648904433401,0.3813888888888889,0.3567166437165114,0.5369444444444444,0.4630555555555555,0.08166666666666667,0.28735990560176355,0.0002850532531738281,3.084493125463591e-05,-137.82333333333332,8.33930065053553,137.00666666666666,15.557852620120387,0.5833645833333334,0.6611527777777779,0.33666666666666667,0.45,0.040366288253732945,0.05528632191875623,3.4904325551479103e-06,0.03251783449528279,0.040366288253732945
hopfield,24,0.1,0.5,0.5061111111111112,0.3733282651484832,0.2733333333333333,0.4464151773751184,0.4938888888888889,0.3733282651484832,0.5022222222222222,0.4977777777777778,0.00388888888888889,0.2988872380559456,0.00026720205942789714,3.6323655042574576e-05,-138.17,8.820455474781827,138.06,14.665377971153326,0.4721527777777778,0.545138888888889,0.21666666666666667,0.32675000000000004,0.04224607017839625,0.05051663287426038,4.1104085152891814e-06,0.03382227496039301,0.04224607017839625
hopfield,24,0.25,0.0,0.9630555555555557,0.06909200794411063,0.68,0.4672555609057257,0.036944444444444446,0.0690920079441106,1.0,0.0,-0.036944444444444446,0.0690920079441106,0.000282286008199056,3.404420700831003e-05,-48.13222222222222,8.924011273411592,1.8577777777777775,4.509430502673449,0.9542986111111109,0.970701388888889,0.62325,0.72675,0.007818496719535271,0.05287494427837697,3.852464687796647e-06,0.007818496719535268,0.007818496719535268
hopfield,24,0.25,0.03333333333333333,0.9519444444444444,0.08266688169018198,0.6366666666666667,0.48176329783344163,0.04805555555555555,0.08266688169018199,0.9665277777777778,0.03347222222222222,-0.014583333333333337,0.08257212256865133,0.0002794543902079264,3.5156624767418004e-05,-48.30777777777777,8.835951457079435,7.95111111111111,8.364813375792787,0.9433263888888889,0.9595972222222222,0.5833333333333334,0.6900833333333333,0.009354638293791127,0.05451664925920459,3.97834660756042e-06,0.009343915289743645,0.009354638293791129
hopfield,24,0.25,0.06666666666666667,0.9408333333333333,0.09279732413587234,0.5866666666666667,0.4932543851982259,0.059166666666666666,0.09279732413587234,0.9336111111111111,0.06638888888888889,0.00722222222222222,0.09012804522515737,0.0002781232198079427,3.542184894537252e-05,-48.89333333333333,9.064681073154652,14.00222222222222,10.60538392586698,0.931378472222222,0.9493055555555554,0.53,0.63675,0.010501005773704879,0.05581698820633917,4.0083595486657965e-06,0.010198948429766756,0.010501005773704879
hopfield,24,0.25,0.1,0.9206944444444444,0.10819809398702626,0.5033333333333333,0.5008242926709124,0.07930555555555556,0.10819809398702626,0.898888888888889,0.10111111111111111,0.021805555555555554,0.10265306870500598,0.0002791754404703776,3.811007355582315e-05,-49.17444444444444,9.039835797177707,19.955555555555552,12.735112068626282,0.9080520833333332,0.93390625,0.44666666666666666,0.56,0.012243766943085951,0.056673603877290014,4.312560800353022e-06,0.011616288262595365,0.012243766943085951
hopfield,24,0.25,0.13333333333333333,0.8983333333333333,0.12338514684930632,0.44,0.4972163314570012,0.10166666666666667,0.1233851468493064,0.863611111111111,0.1363888888888889,0.03472222222222222,0.11720062816137984,0.0002731434504191081,3.5732208761216324e-05,-49.44222222222222,9.010460634302438,24.82,13.400229619157797,0.8853645833333333,0.9125763888888889,0.38,0.48675,0.013962343758499906,0.05626532463118685,4.043480068017517e-06,0.013262499586760512,0.013962343758499916
hopfield,24,0.25,0.16666666666666666,0.8752777777777777,0.1421483929341951,0.41,0.49265508228408067,0.12472222222222222,0.14214839293419512,0.8326388888888888,0.16736111111111113,0.042638888888888886,0.12766202668414728,0.0002732205390930176,3.839500257647044e-05,-49.85,8.946354218842043,28.937777777777775,13.275481330573465,0.860388888888889,0.8926527777777776,0.34658333333333335,0.45683333333333337,0.016085604933384325,0.055749170697372834,4.3448035543200695e-06,0.01444631827239158,0.016085604933384328
hopfield,24,0.25,0.2,0.8525,0.162226959532342,0.37,0.48361099931888174,0.1475,0.16222695953234198,0.8006944444444445,0.19930555555555554,0.051805555555555556,0.14359620823923677,0.0002877012888590495,3.069753160161807e-05,-49.69,8.47370142005396,33.108888888888885,12.709427129735618,0.8341319444444444,0.8726527777777778,0.30666666666666664,0.42008333333333336,0.018357708636139183,0.05472573636540477,3.4737527141956425e-06,0.016249440658380448,0.018357708636139183
hopfield,24,0.25,0.23333333333333334,0.8251388888888889,0.1767339356971479,0.32,0.4672555609057257,0.1748611111111111,0.17673393569714788,0.77125,0.22875,0.053888888888888896,0.15297333857207202,0.0002704548835754394,3.625524819899312e-05,-49.55,8.321267742437023,36.26222222222222,12.596448371736212,0.8095694444444445,0.8445937499999999,0.26975000000000005,0.36675,0.019999327528539307,0.05287494427837697,4.102667552216173e-06,0.01731056284787062,0.019999327528539303
hopfield,24,0.25,0.26666666666666666,0.7901388888888888,0.18863995512783208,0.26666666666666666,0.4429555141477927,0.2098611111111111,0.18863995512783202,0.7401388888888889,0.2598611111111111,0.05,0.1610681781363886,0.0002860593795776367,3.3917628588304245e-05,-49.43555555555555,8.192858068138518,39.411111111111104,12.360431026932664,0.7660902777777778,0.8091805555555555,0.22333333333333333,0.31666666666666665,0.021346620459102662,0.05012513512512241,3.8381409911633154e-06,0.0182265801769656,0.021346620459102655
hopfield,24,0.25,0.3,0.7545833333333334,0.20035402172357344,0.21666666666666667,0.4126619137653287,0.24541666666666667,0.2003540217235734,0.7047222222222221,0.29527777777777775,0.04986111111111111,0.17075185447605257,0.000269467035929362,3.616491947796145e-05,-49.84444444444444,8.581232853718118,42.39111111111111,12.279583782721362,0.7346736111111112,0.7754513888888889,0.1699166666666667,0.26666666666666666,0.02267219188156453,0.046697091531356844,4.0924458951811474e-06,0.01932239131268984,0.022672191881564524
hopfield,24,0.25,0.3333333333333333,0.7084722222222222,0.21143176241651396,0.16666666666666666,0.37330068339472067,0.2915277777777778,0.21143176241651396,0.6681944444444444,0.3318055555555556,0.04027777777777778,0.18124742381251138,0.0002798334757486979,3.817831249019291e-05,-49.965555555555554,8.4831307163628,44.53777777777778,12.641986556907954,0.6858159722222222,0.7335034722222223,0.12,0.21008333333333334,0.023925756249496617,0.042242949009136194,4.32028276271003e-06,0.020510076789903606,0.023925756249496617
hopfield,24,0.25,0.36666666666666664,0.6769444444444445,0.2170787964991243,0.14333333333333334,0.3509979402633572,0.3230555555555556,0.21707879649912434,0.6369444444444444,0.3630555555555556,0.04,0.18366368331628635,0.00027909755706787107,3.882613277533257e-05,-49.521111111111104,8.570467658913431,45.93555555555555,11.768496304305906,0.6499965277777779,0.7044826388888888,0.10666666666666667,0.18666666666666668,0.02456477831244936,0.039719156038026476,4.39359052904836e-06,0.020783502292591155,0.024564778312449364
hopfield,24,0.25,0.4,0.6388888888888888,0.21117992091847396,0.11333333333333333,0.31752948229939215,0.3611111111111111,0.21117992091847393,0.6029166666666667,0.39708333333333334,0.03597222222222222,0.17385215522215153,0.0002735106150309245,3.7886417746690284e-05,-49.75111111111111,8.433682242060087,47.18,10.983798074491874,0.6165243055555556,0.663920138888889,0.07991666666666666,0.15,0.023897257701186062,0.035931843487914526,4.287251762997721e-06,0.019673223368874334,0.02389725770118606
hopfield,24,0.25,0.43333333333333335,0.5884722222222222,0.22794325647880176,0.09666666666666666,0.29599707733047437,0.41152777777777777,0.22794325647880173,0.5669444444444445,0.4330555555555555,0.021527777777777778,0.18359090340470782,0.00028331677118937173,3.4386075978835534e-05,-49.79555555555555,8.748544427780873,48.526666666666664,11.540552318935475,0.5652465277777777,0.6140347222222223,0.06666666666666667,0.13333333333333333,0.025794207695647234,0.033495222486113994,3.891150803660101e-06,0.020775266470289027,0.02579420769564723
hopfield,24,0.25,0.4666666666666667,0.53625,0.23476341993753103,0.06,0.23788364542889828,0.46375,0.23476341993753105,0.52875,0.47125,0.007499999999999997,0.19659340982046764,0.00027388890584309895,3.637342343969459e-05,-49.888888888888886,8.646332948407993,49.388888888888886,11.319416773213977,0.5099618055555556,0.561138888888889,0.03666666666666667,0.08666666666666667,0.026565981844574895,0.026919068597940042,4.116040339594159e-06,0.022246638583827662,0.0265659818445749
hopfield,24,0.25,0.5,0.48833333333333334,0.24298596179436824,0.04,0.1962865968262873,0.5116666666666667,0.24298596179436818,0.4905555555555555,0.5094444444444445,-0.002222222222222222,0.20322823523121455,0.000271453857421875,3.625996719873372e-05,-50.03333333333333,8.57396177463024,50.06222222222222,11.41568784168516,0.4648298611111111,0.5158402777777779,0.023333333333333334,0.06333333333333334,0.027496450048450607,0.022211919425130608,4.103201557307199e-06,0.02299743975826416,0.0274964500484506
hopfield,24,0.5,0.0,0.8066666666666666,0.13582195375386177,0.12666666666666668,0.3331549132304484,0.19333333333333333,0.13582195375386177,1.0,0.0,-0.19333333333333333,0.13582195375386177,0.0002772998809814453,3.885437378252602e-05,-30.621666666666666,6.263900409995328,7.633333333333334,6.111834016902553,0.7912361111111111,0.8196180555555556,0.08658333333333333,0.16333333333333333,0.015369700946083985,0.037700027451747366,4.396786299857004e-06,0.015369700946083985,0.015369700946083985
hopfield,24,0.5,0.03333333333333333,0.8009722222222222,0.12832435347213658,0.09333333333333334,0.29138503682901845,0.19902777777777778,0.12832435347213658,0.9690277777777777,0.03097222222222222,-0.16805555555555554,0.13175422439989967,0.000276950200398763,3.52428730161654e-05,-30.828333333333333,6.145098698605874,10.658888888888889,7.024531963066029,0.7861006944444444,0.8150277777777777,0.06,0.13008333333333336,0.014521267604061656,0.03297332097240831,3.988106515688182e-06,0.014909394037133877,0.014521267604061656
hopfield,24,0.5,0.06666666666666667,0.7797222222222222,0.1375261086886387,0.09333333333333334,0.29138503682901823,0.22027777777777777,0.13752610868863868,0.9333333333333333,0.06666666666666667,-0.15361111111111111,0.14166885258549208,0.00027687788009643553,3.5207843756742064e-05,-30.921666666666667,6.092352014269596,13.71888888888889,7.38950908677567,0.7651284722222222,0.7938958333333335,0.056666666666666664,0.13008333333333336,0.015562544230909506,0.032973320972408286,3.9841425818260976e-06,0.016031339834499773,0.015562544230909503
hopfield,24,0.5,0.1,0.7566666666666667,0.14630180368988419,0.06333333333333334,0.2439684903901178,0.24333333333333335,0.1463018036898842,0.9006944444444444,0.09930555555555555,-0.14402777777777778,0.14345866149274403,0.00028163989384969075,3.47629561848258e-05,-31.273333333333333,5.794392399345423,16.59,8.43113467798847,0.7402708333333332,0.7725069444444445,0.03991666666666667,0.09,0.016555607605683354,0.027607633625702142,3.933798813782722e-06,0.016233875778762154,0.016555607605683354
hopfield,24,0.5,0.13333333333333333,0.7465277777777778,0.14635332256779132,0.056666666666666664,0.23159088211286497,0.25347222222222227,0.14635332256779132,0.8627777777777778,0.13722222222222222,-0.11625,0.15522625417478722,0.00027786811192830404,3.609139675161075e-05,-30.89388888888889,5.863549680183133,19.143333333333334,8.062316055014227,0.7286875,0.7644583333333334,0.036583333333333336,0.08333333333333333,0.016561437515536848,0.026206975393426188,4.084126015474522e-06,0.01756550424808969,0.016561437515536848
hopfield,24,0.5,0.16666666666666666,0.7261111111111112,0.15401738581861008,0.04666666666666667,0.21127631471468894,0.2738888888888889,0.15401738581861013,0.8266666666666667,0.17333333333333334,-0.10055555555555556,0.15546876726355885,0.00027472893397013345,3.465804206834197e-05,-30.755,5.8759688116966045,21.154444444444444,7.906424969813788,0.70840625,0.7449027777777779,0.023333333333333334,0.07008333333333336,0.017428707915802366,0.023908165686087876,3.921926663877552e-06,0.017592947187518214,0.017428707915802373
hopfield,24,0.5,0.2,0.7036111111111112,0.16132296518397896,0.04,0.19628659682628738,0.2963888888888889,0.1613229651839789,0.7965277777777778,0.20347222222222222,-0.09291666666666666,0.16076381489813563,0.00027199506759643553,3.761383308281284e-05,-30.918888888888887,5.755040337414838,22.747777777777777,7.7707116864519,0.68471875,0.7247256944444445,0.02,0.06,0.01825541204558602,0.02221191942513062,4.256405904500665e-06,0.01819213823424839,0.018255412045586013
hopfield,24,0.5,0.23333333333333334,0.6955555555555555,0.16356837758539544,0.03333333333333333,0.17980541941701306,0.3044444444444444,0.16356837758539544,0.7641666666666667,0.23583333333333334,-0.06861111111111111,0.1562473832309061,0.00028447548548380535,3.3879176409346283e-05,-30.723333333333333,5.842358999331667,24.30222222222222,7.956995773632648,0.6776354166666667,0.7168472222222223,0.013333333333333334,0.056666666666666664,0.018509504378648328,0.020346898631224544,3.833789717492343e-06,0.017681055878633493,0.018509504378648328
hopfield,24,0.5,0.26666666666666666,0.6775,0.1730877097262203,0.043333333333333335,0.20394656873443778,0.3225,0.17308770972622034,0.7343055555555555,0.26569444444444446,-0.05680555555555555,0.15997209543533986,0.00027844508488972984,3.614111497491356e-05,-30.955555555555552,5.418415090997787,25.555555555555554,7.838832403317054,0.657875,0.6968090277777778,0.023250000000000003,0.06333333333333334,0.019586718217554422,0.02307872684638912,4.0897521620775926e-06,0.018102546743034704,0.019586718217554425
hopfield,24,0.5,0.3,0.6569444444444444,0.17811285370106364,0.043333333333333335,0.20394656873443767,0.34305555555555556,0.17811285370106356,0.7022222222222222,0.29777777777777775,-0.04527777777777777,0.16066656913853122,0.00028004089991251626,3.465496640133908e-05,-31.133888888888887,5.474845323318039,27.51,7.949224082134653,0.6380416666666665,0.6777847222222222,0.02,0.06666666666666667,0.020155366789966538,0.023078726846389105,3.921578619391828e-06,0.018181133840613303,0.020155366789966527
hopfield,24,0.5,0.3333333333333333,0.6288888888888888,0.1899098308078941,0.02666666666666667,0.1613764649311286,0.3711111111111111,0.18990983080789411,0.6651388888888888,0.3348611111111111,-0.03625,0.16905222087166588,0.0002715651194254557,3.584334324667382e-05,-31.36722222222222,5.209282269555411,28.908888888888885,7.4386275437690035,0.6084722222222223,0.6513993055555556,0.01,0.043333333333333335,0.02149032041998401,0.018261466111896028,4.056056118936164e-06,0.019130059664562632,0.021490320419984013
hopfield,24,0.5,0.36666666666666664,0.6015277777777778,0.18376287262227695,0.01,0.09966499068325335,0.3984722222222222,0.1837628726222769,0.6304166666666666,0.3695833333333333,-0.028888888888888888,0.16949568524226166,0.00027240991592407225,3.515074250183173e-05,-31.44277777777778,5.128573897461823,30.03,7.4733906756079485,0.5818020833333334,0.6216736111111112,0.0,0.023333333333333334,0.020794726619203976,0.01127815540315254,3.977680966546962e-06,0.01918024238221557,0.02079472661920397
hopfield,24,0.5,0.4,0.5894444444444444,0.18420076200547855,0.006666666666666667,0.08151300584956361,0.41055555555555556,0.18420076200547855,0.5965277777777778,0.40347222222222223,-0.007083333333333332,0.17262768662721464,0.0002675946553548177,3.554561091291152e-05,-31.455555555555552,5.1266808399812005,30.905555555555555,7.271782757800909,0.5698090277777779,0.6097291666666668,0.0,0.016666666666666666,0.020844278467644254,0.009224064950461413,4.022364533699516e-06,0.019534661703385726,0.020844278467644254
hopfield,24,0.5,0.43333333333333335,0.5590277777777778,0.19598162431840868,0.0033333333333333335,0.05773502691896258,0.4409722222222222,0.19598162431840868,0.5631944444444444,0.4368055555555555,-0.004166666666666669,0.1794660263853103,0.0002827175458272298,3.935325743094495e-05,-31.415,5.417611786167974,31.24,7.287953235031183,0.5388125,0.5786909722222222,0.0,0.01,0.022177408537064857,0.006533333333333333,4.4532402991639624e-06,0.020308492694214468,0.022177408537064857
hopfield,24,0.5,0.4666666666666667,0.5327777777777778,0.20109133376108346,0.0033333333333333335,0.05773502691896259,0.4672222222222222,0.20109133376108343,0.5330555555555555,0.4669444444444445,-0.0002777777777777803,0.17951433475632259,0.00030073881149291995,0.0001339446851252668,-31.288333333333334,5.313046089711019,31.64222222222222,7.32482496855845,0.5058333333333335,0.5565590277777779,0.0,0.01,0.02275562659301783,0.006533333333333334,1.515726800266412e-05,0.020313959301012048,0.022755626593017827
hopfield,24,0.5,0.5,0.5161111111111112,0.2000317390894041,0.0,0.0,0.48388888888888887,0.20003173908940408,0.49541666666666667,0.5045833333333334,0.020694444444444442,0.1720324359465777,0.0002871855099995931,6.147204069567552e-05,-31.40222222222222,5.33076117833964,31.875555555555554,7.146712951258076,0.49526736111111114,0.5370868055555555,0.0,0.0,0.022635722168308343,0.0,6.956216251683641e-06,0.01946730274780832,0.02263572216830834
hopfield,24,0.75,0.0,0.7544444444444445,0.1232595920841584,0.013333333333333334,0.11488931224930932,0.24555555555555558,0.12325959208415839,1.0,0.0,-0.24555555555555558,0.12325959208415839,0.00030877272288004555,0.000269325953607831,-23.656296296296297,4.38605921634705,8.365925925925927,4.55837884917809,0.7395798611111112,0.7686145833333333,0.0,0.02675000000000002,0.013948135899318493,0.013000949569413339,3.0477100715785836e-05,0.013948135899318492,0.013948135899318492
hopfield,24,0.75,0.03333333333333333,0.7351388888888889,0.12784382734614755,0.006666666666666667,0.0815130058495636,0.2648611111111111,0.12784382734614755,0.9684722222222223,0.03152777777777777,-0.23333333333333334,0.13025466009761819,0.0003271810213724772,0.00033768079322786423,-24.112592592592595,4.050732952527066,10.762962962962964,5.093448009865515,0.7222187500000001,0.7487812500000001,0.0,0.016666666666666666,0.014466890953975941,0.009224064950461412,3.8212178986573656e-05,0.014739702361830358,0.014466890953975941
hopfield,24,0.75,0.06666666666666667,0.7226388888888888,0.12944163441941445,0.0033333333333333335,0.05773502691896258,0.2773611111111111,0.12944163441941445,0.9331944444444443,0.06680555555555555,-0.21055555555555555,0.1337981955823306,0.00029056390126546225,5.0357610868900154e-05,-24.13222222222222,4.01021739982667,13.042222222222223,5.27783226712078,0.7068958333333334,0.73709375,0.0,0.01,0.014647699845373232,0.006533333333333333,5.698500117417561e-06,0.015140691150362774,0.014647699845373232
hopfield,24,0.75,0.1,0.7180555555555556,0.13082548374391337,0.0,0.0,0.28194444444444444,0.13082548374391337,0.9005555555555557,0.09944444444444445,-0.1825,0.1387311441618673,0.000308233102162679,0.00019775725571346154,-24.04222222222222,4.073728417934766,14.420740740740742,5.848332706365817,0.7036006944444444,0.7311354166666666,0.0,0.0,0.01480429713825663,0.0,2.2378340144792257e-05,0.015698906831660416,0.01480429713825663
hopfield,24,0.75,0.13333333333333333,0.6930555555555555,0.13587637787949358,0.0,0.0,0.3069444444444444,0.13587637787949353,0.8605555555555556,0.13944444444444445,-0.1675,0.13592366072871095,0.0002939335505167643,4.343501528419744e-05,-24.261481481481482,4.0919716108307975,16.24888888888889,6.134591289518984,0.6781944444444444,0.7080659722222222,0.0,0.0,0.015375859615666438,0.0,4.915134682251032e-06,0.015381210173748282,0.015375859615666431
hopfield,24,0.75,0.16666666666666666,0.6743055555555555,0.13611653820166547,0.0,0.0,0.32569444444444445,0.1361165382016655,0.8252777777777778,0.17472222222222222,-0.1509722222222222,0.13931079081947106,0.00029990116755167646,0.00012759703421639677,-24.201111111111114,4.180968493453539,17.875555555555557,6.348325595863285,0.6588784722222222,0.6898680555555556,0.0,0.0,0.015403036314490741,0.0,1.4438963682316375e-05,0.015764500025805685,0.015403036314490744
hopfield,24,0.75,0.2,0.6605555555555556,0.1403304968064771,0.0,0.0,0.33944444444444444,0.14033049680647708,0.7918055555555555,0.20819444444444446,-0.13125,0.14967468284169064,0.00029632727305094403,0.0001931962256637214,-24.263703703703705,4.191335061000229,19.203703703703706,6.275386253584744,0.6456909722222222,0.6773611111111111,0.0,0.0,0.015879890620919757,0.0,2.1862211007100368e-05,0.016937284812186298,0.015879890620919757
hopfield,24,0.75,0.23333333333333334,0.64875,0.1480614938609142,0.0,0.0,0.35125,0.14806149386091422,0.7565277777777778,0.24347222222222223,-0.10777777777777779,0.15260395165166987,0.00027443965276082355,6.736327680846959e-05,-24.175185185185185,4.003318520340736,20.15925925925926,6.077997738738048,0.6306770833333334,0.6636319444444445,0.0,0.0,0.016754735294094516,0.0,7.622872375777578e-06,0.017268762782836476,0.01675473529409452
hopfield,24,0.75,0.26666666666666666,0.6320833333333333,0.15072000645434053,0.0,0.0,0.36791666666666667,0.15072000645434047,0.7251388888888889,0.2748611111111111,-0.09305555555555554,0.1546246599275113,0.000298000971476237,9.517407010611782e-05,-24.194814814814816,4.070894855395126,21.033333333333335,6.4256732731998385,0.6164965277777777,0.65209375,0.0,0.0,0.017055574314540422,0.0,1.0769959899145328e-05,0.01749742745037058,0.017055574314540415
hopfield,24,0.75,0.3,0.6151388888888889,0.1598776972603074,0.0,0.0,0.3848611111111111,0.1598776972603074,0.6944444444444445,0.3055555555555556,-0.07930555555555556,0.15940486786068872,0.00030001322428385415,0.00012987568837113134,-24.13592592592593,4.086688313831018,21.709629629629628,6.291956563596574,0.5990138888888888,0.6305555555555555,0.0,0.0,0.018091864583928568,0.0,1.469681767388308e-05,0.018038358900423046,0.018091864583928568
hopfield,24,0.75,0.3333333333333333,0.5976388888888888,0.16956161689396648,0.0,0.0,0.4023611111111111,0.16956161689396648,0.6633333333333333,0.33666666666666667,-0.06569444444444444,0.1646554490881065,0.0002985882759094238,8.192045540199552e-05,-24.203703703703706,3.96993983052726,22.265185185185185,6.185707833852434,0.5790104166666666,0.6153020833333334,0.0,0.0,0.019187703250960107,0.0,9.270172207781852e-06,0.01863251809949317,0.019187703250960107
hopfield,24,0.75,0.36666666666666664,0.5748611111111112,0.17546781227988825,0.0,0.0,0.4251388888888889,0.17546781227988828,0.6276388888888889,0.3723611111111111,-0.05277777777777778,0.16562990431985508,0.00030971368153889973,0.00015825739736417393,-24.38740740740741,3.998466543395427,23.30962962962963,6.116241711929869,0.5538541666666668,0.5977847222222223,0.0,0.0,0.019856052176166008,0.0,1.7908510390013255e-05,0.018742788089604372,0.01985605217616601
hopfield,24,0.75,0.4,0.5576388888888889,0.17682458909624219,0.0,0.0,0.44236111111111115,0.17682458909624219,0.6011111111111112,0.3988888888888889,-0.04347222222222222,0.16743892758023257,0.00030139287312825523,7.014241030239752e-05,-24.19037037037037,3.913150136255861,23.47851851851852,5.833195435246664,0.5405520833333334,0.5758506944444445,0.0,0.0,0.020009585926355836,0.0,7.937360936060882e-06,0.018947498342608827,0.020009585926355836
hopfield,24,0.75,0.43333333333333335,0.5290277777777778,0.18277438144830763,0.0,0.0,0.4709722222222222,0.18277438144830763,0.5659722222222222,0.4340277777777778,-0.036944444444444446,0.17021969940972573,0.00032037973403930664,0.00015374241901558892,-24.17185185185185,3.824348156681503,23.800740740740743,5.781518336762534,0.5110833333333333,0.5477916666666666,0.0,0.0,0.02068286831270896,0.0,1.739759249288484e-05,0.019262172298014135,0.02068286831270896
hopfield,24,0.75,0.4666666666666667,0.5098611111111111,0.1781214923616034,0.0,0.0,0.49013888888888885,0.17812149236160343,0.5276388888888889,0.4723611111111111,-0.017777777777777778,0.16714303901492072,0.00028157790501912434,4.858497836288064e-05,-23.99,3.6292106794264387,23.8562962962963,5.59907955290333,0.4902604166666666,0.5326666666666666,0.0,0.0,0.0201563443464322,0.0,5.49790786593073e-06,0.01891401539941357,0.020156344346432202
hopfield,24,0.75,0.5,0.49180555555555555,0.17966645354287994,0.0,0.0,0.5081944444444445,0.1796664535428799,0.4995833333333333,0.5004166666666666,-0.007777777777777777,0.17014122564924705,0.0002725847562154134,3.938225631891977e-05,-24.193703703703704,3.744962272154847,24.35185185185185,5.71152184244685,0.47346527777777775,0.5132361111111112,0.0,0.0,0.020331173162196115,0.0,4.45652183225654e-06,0.019253292156053745,0.02033117316219611
hopfield,24,1.0,0.0,0.7308333333333333,0.1154247886214942,0.013333333333333334,0.11488931224930927,0.26916666666666667,0.11542478862149418,1.0,0.0,-0.26916666666666667,0.11542478862149418,0.0002790689468383789,3.664858693242702e-05,-19.749444444444443,3.1612271633415525,8.290555555555555,4.120392279937349,0.7181805555555555,0.7437569444444445,0.003250000000000002,0.02666666666666667,0.013061544425227964,0.013000949569413335,4.147178020047804e-06,0.01306154442522796,0.01306154442522796
hopfield,24,1.0,0.03333333333333333,0.7177777777777778,0.11456810901866397,0.01,0.09966499068325335,0.28222222222222226,0.11456810901866395,0.9654166666666667,0.034583333333333334,-0.2476388888888889,0.11740777972412982,0.0002789163589477539,3.8074126928027376e-05,-19.55888888888889,3.0357562980666084,9.777777777777779,4.433943372864257,0.7058263888888888,0.7315347222222224,0.0,0.023333333333333334,0.012964602002164519,0.01127815540315254,4.30849305648709e-06,0.013285940992821795,0.012964602002164516
hopfield,24,1.0,0.06666666666666667,0.70125,0.1245656239393914,0.006666666666666667,0.08151300584956361,0.29875,0.1245656239393914,0.9302777777777778,0.06972222222222221,-0.22902777777777777,0.12369245212019808,0.00027919610341389973,3.801948093466172e-05,-19.654166666666665,3.170860077720023,11.312222222222221,4.936057003216895,0.6874965277777778,0.71528125,0.0,0.02,0.014095927316583537,0.009224064950461413,4.30230928020705e-06,0.013997118623550964,0.014095927316583537
hopfield,24,1.0,0.1,0.6848611111111111,0.1293105850028595,0.006666666666666667,0.0815130058495636,0.3151388888888889,0.12931058500285947,0.8951388888888889,0.10486111111111111,-0.21027777777777779,0.12653155627376447,0.0002804811795552572,4.4649412497310044e-05,-19.86638888888889,3.0242263041371364,12.748333333333333,4.926710825845302,0.6689930555555555,0.6993090277777777,0.0,0.016666666666666666,0.014632870207851907,0.009224064950461412,5.0525566635981956e-06,0.014318393502825478,0.014632870207851903
hopfield,24,1.0,0.13333333333333333,0.6734722222222221,0.1293824093420153,0.006666666666666667,0.0815130058495636,0.32652777777777775,0.1293824093420153,0.8598611111111111,0.14013888888888887,-0.18638888888888888,0.13396386816411313,0.0002852233250935872,4.45118698261694e-05,-19.949722222222224,3.073906151905044,13.969444444444443,5.090566948465233,0.658611111111111,0.6884722222222222,0.0,0.016666666666666666,0.014640997896954916,0.009224064950461412,5.0369922451494055e-06,0.01515943876786191,0.014640997896954916
hopfield,24,1.0,0.16666666666666666,0.6638888888888889,0.13361406714742072,0.0033333333333333335,0.05773502691896258,0.3361111111111111,0.13361406714742072,0.82375,0.17625,-0.15986111111111112,0.13405507406453387,0.0002692850430806478,4.2091092305551936e-05,-19.92111111111111,3.1705703607921714,14.937222222222223,5.156564337437672,0.64875,0.6771319444444445,0.0,0.01,0.015119855056476478,0.006533333333333333,4.763055480726776e-06,0.015169759687089193,0.015119855056476478
hopfield,24,1.0,0.2,0.6598611111111111,0.13239893169914527,0.0,0.0,0.3401388888888889,0.13239893169914524,0.7909722222222222,0.20902777777777778,-0.13111111111111112,0.1301553636219004,0.0002906378110249837,4.133519229765598e-05,-19.904722222222222,3.2028634352618663,15.815555555555557,5.322195961266145,0.6440138888888889,0.6752986111111111,0.0,0.0,0.014982349535956395,0.0,4.677517342411098e-06,0.01472846590782125,0.014982349535956391
hopfield,24,1.0,0.23333333333333334,0.6322222222222222,0.14216881516510668,0.0,0.0,0.36777777777777776,0.14216881516510663,0.7581944444444445,0.24180555555555558,-0.1259722222222222,0.13940245536618304,0.00027610301971435546,3.982346026226302e-05,-19.949722222222224,3.2075334778293456,16.781666666666666,5.0935522411472505,0.6142847222222222,0.6473854166666667,0.0,0.0,0.016087915926365118,0.0,4.5064487584860646e-06,0.01577487284574667,0.01608791592636511
hopfield,24,1.0,0.26666666666666666,0.6301388888888888,0.1432156096840643,0.0,0.0,0.3698611111111111,0.14321560968406427,0.7273611111111111,0.27263888888888893,-0.09722222222222221,0.13860524734601276,0.00028296709060668943,3.884468498709874e-05,-19.899166666666666,3.1596757676846123,17.36777777777778,4.954279880732241,0.6138750000000001,0.6458368055555556,0.0,0.0,0.016206371877437172,0.0,4.395689909441983e-06,0.015684660265797762,0.01620637187743717
hopfield,24,1.0,0.3,0.6244444444444445,0.14549843427444878,0.0,0.0,0.3755555555555556,0.14549843427444878,0.6952777777777778,0.3047222222222222,-0.07083333333333333,0.13882151840583262,0.0002914969126383464,3.5281688244703954e-05,-19.97694444444444,3.169591871457829,18.295,4.882102492693479,0.6026180555555556,0.6387777777777778,0.0,0.0,0.016464697798224324,0.0,3.992498872286679e-06,0.01570913364010033,0.016464697798224324
hopfield,24,1.0,0.3333333333333333,0.5994444444444444,0.14871919007926407,0.0,0.0,0.40055555555555555,0.14871919007926404,0.6602777777777779,0.33972222222222226,-0.060833333333333336,0.14289259062784163,0.0002772212028503418,4.290895193375697e-05,-20.310833333333335,3.164704586357927,19.421666666666667,4.516071573017842,0.5835972222222222,0.6166875,0.0,0.0,0.016829160627481538,0.0,4.855605010121462e-06,0.016169818830180722,0.016829160627481535
hopfield,24,1.0,0.36666666666666664,0.5733333333333334,0.1624808824474643,0.0,0.0,0.4266666666666667,0.16248088244746436,0.6284722222222222,0.37152777777777773,-0.05513888888888889,0.1494298254368516,0.00028221368789672853,3.608930963383701e-05,-20.31361111111111,2.9921712723293523,19.875555555555557,4.480963768411758,0.55665625,0.59103125,0.0,0.0,0.018386442718965442,0.0,4.083889835864856e-06,0.01690957658842131,0.01838644271896545
hopfield,24,1.0,0.4,0.5575,0.17063761663123264,0.0,0.0,0.4425,0.17063761663123267,0.5988888888888888,0.4011111111111111,-0.041388888888888885,0.16012791206554203,0.0002845446268717448,3.7783146087045815e-05,-20.088333333333335,3.3314756529220855,19.95611111111111,4.548922682586953,0.5369097222222222,0.5740347222222222,0.0,0.0,0.01930946408359999,0.0,4.275565474580623e-06,0.018120179054619427,0.019309464083599993
hopfield,24,1.0,0.43333333333333335,0.5398611111111111,0.17635637009794577,0.0,0.0,0.4601388888888889,0.17635637009794575,0.5672222222222222,0.4327777777777778,-0.027361111111111114,0.16473301137835208,0.0002790673573811849,3.7469845048460315e-05,-20.0375,3.2847004451123323,20.162777777777777,4.629599129095617,0.5184027777777779,0.5579236111111111,0.0,0.0,0.019956601958873433,0.0,4.240112124543537e-06,0.018641295098887012,0.01995660195887343
hopfield,24,1.0,0.4666666666666667,0.5143055555555556,0.17690206747736265,0.0,0.0,0.4856944444444445,0.17690206747736265,0.5359722222222222,0.4640277777777778,-0.021666666666666667,0.15813738388295548,0.00028687238693237305,3.7013957799217874e-05,-20.03611111111111,3.122058878572501,20.340555555555557,4.500035474762796,0.4938854166666667,0.5343229166666666,0.0,0.0,0.020018353430538306,0.0,4.1885236258337695e-06,0.017894929586138433,0.020018353430538306
hopfield,24,1.0,0.5,0.4947222222222222,0.17064623674345503,0.0,0.0,0.5052777777777778,0.17064623674345508,0.5011111111111112,0.4988888888888889,-0.006388888888888893,0.16191216366512629,0.00028757174809773765,3.4864451416673786e-05,-20.0325,3.1512613381282306,20.121666666666666,4.7835840657719135,0.47762152777777783,0.5137604166666667,0.0,0.0,0.019310439541125952,0.0,3.945284080470787e-06,0.01832208613031854,0.01931043954112596
hopfield,32,0.1,0.0,1.0,0.0,1.0,0.0,0.0,0.0,1.0,0.0,0.0,0.0,0.0003892437616984049,0.0002140794811476644,-165.57777777777775,9.645493797663654,0.0,0.0,1.0,1.0,1.0,1.0,0.0,0.0,2.422537382944157e-05,0.0,0.0
hopfield,32,0.1,0.03333333333333333,1.0,0.0,1.0,0.0,0.0,0.0,0.9657291666666666,0.034270833333333334,0.034270833333333334,0.03131247239355075,0.00038045406341552735,5.115614137601122e-05,-165.5822222222222,10.030217197528918,22.45111111111111,20.493561964717955,1.0,1.0,1.0,1.0,0.0,0.0,5.788862350851956e-06,0.0035433398156202124,0.0
hopfield,32,0.1,0.06666666666666667,1.0,0.0,1.0,0.0,0.0,0.0,0.9322916666666666,0.06770833333333333,0.06770833333333333,0.043285679085990306,0.00037326892217000323,4.835949227824025e-05,-165.31555555555553,10.203560753484217,41.88444444444444,25.412801096229952,1.0,1.0,1.0,1.0,0.0,0.0,5.4723917134042645e-06,0.004898235700581042,0.0
hopfield,32,0.1,0.1,0.99875,0.012717587826855335,0.99,0.09966499068325331,0.00125,0.012717587826855345,0.8965625,0.1034375,0.1021875,0.05038035980681572,0.000377654234568278,5.288954523006213e-05,-165.6511111111111,11.025785571978615,61.79333333333334,27.639398255653052,0.9970807291666667,1.0,0.9766666666666667,1.0,0.0014391305400344163,0.011278155403152535,5.985015462475078e-06,0.0057010744020817095,0.0014391305400344176
hopfield,32,0.1,0.13333333333333333,0.9957291666666667,0.027132397565106416,0.9733333333333334,0.16137646493112867,0.004270833333333333,0.02713239756510641,0.8675,0.1325,0.12822916666666667,0.05702952595285106,0.0003824146588643392,5.520824844667705e-05,-165.37333333333333,11.371822635608652,76.13111111111111,29.31283860567767,0.9919765625,0.9983411458333333,0.96,0.99,0.0030703198194429304,0.018261466111896038,6.247401432026639e-06,0.0064534983834845195,0.0030703198194429295
hopfield,32,0.1,0.16666666666666666,0.9898958333333333,0.05592613550999656,0.9566666666666667,0.2039465687344377,0.010104166666666666,0.05592613550999653,0.8340625,0.1659375,0.15583333333333332,0.06975892653747684,0.000373227596282959,5.4446015603288796e-05,-165.35777777777776,11.422535482924308,91.56,28.542166190324814,0.983625,0.9954166666666666,0.9299166666666667,0.97675,0.006328638000720672,0.02307872684638911,6.161146665912824e-06,0.00789396566289915,0.0063286380007206685
hopfield,32,0.1,0.2,0.975625,0.09046069033926014,0.9133333333333333,0.2818160567729818,0.024375,0.09046069033926017,0.7990625,0.2009375,0.1765625,0.08953108082408272,0.0003835463523864746,5.247142366978104e-05,-165.2288888888889,12.328444399458567,106.37555555555555,29.29656651575895,0.9633333333333334,0.9858359375,0.88,0.9400833333333333,0.010236590768016439,0.03189048894300862,5.937700553780153e-06,0.01013139554846597,0.010236590768016442
hopfield,32,0.1,0.23333333333333334,0.9626041666666667,0.10989108217127905,0.87,0.3368653453081294,0.037395833333333336,0.10989108217127905,0.7664583333333334,0.23354166666666668,0.19614583333333332,0.10347163963296092,0.0003895703951517741,5.6166310137022296e-05,-164.7511111111111,13.78904539201283,118.1,29.4263309941712,0.9515520833333333,0.9742786458333333,0.83325,0.9,0.01243534659113294,0.03811990236768373,6.355816318291574e-06,0.011708918283134058,0.01243534659113294
hopfield,32,0.1,0.26666666666666666,0.936875,0.14668552764925083,0.8133333333333334,0.3902947461236547,0.063125,0.14668552764925083,0.7307291666666667,0.26927083333333335,0.20614583333333333,0.12560208086132393,0.0003860839207967122,5.7368608583562224e-05,-163.69555555555556,14.613791212274005,129.04222222222222,27.726213515236452,0.9215494791666666,0.954171875,0.77325,0.8533333333333334,0.01659903005940538,0.04416600824060658,6.491869195315769e-06,0.01421321345842825,0.01659903005940538
hopfield,32,0.1,0.3,0.9036458333333334,0.1813991128740081,0.7466666666666667,0.4356468556430323,0.09635416666666667,0.1813991128740081,0.6988541666666667,0.30114583333333333,0.20479166666666668,0.15005645653458102,0.0003869009017944336,5.95215174380739e-05,-163.11555555555555,15.678296244180288,136.91555555555556,28.05696246164243,0.8841223958333333,0.9218958333333334,0.7065833333333333,0.78675,0.0205272420231193,0.04929808255791527,6.735493766627606e-06,0.01698048657248082,0.0205272420231193
hopfield,32,0.1,0.3333333333333333,0.8572916666666667,0.20835510616438332,0.64,0.4808020055718079,0.14270833333333333,0.20835510616438338,0.6675,0.3325,0.18979166666666666,0.16994139486752677,0.00038437366485595705,4.948366185827367e-05,-162.7511111111111,16.338266798286934,144.18666666666667,26.74716056501321,0.8327682291666666,0.8785494791666667,0.5866666666666667,0.7,0.02357759981968379,0.05440786879938386,5.599603476895093e-06,0.0192306791743525,0.023577599819683798
hopfield,32,0.1,0.36666666666666664,0.795625,0.2515791991331057,0.5333333333333333,0.4997212154787447,0.204375,0.25157919913310567,0.6353125,0.3646875,0.1603125,0.2049114266653034,0.0003594676653544108,5.414036189277504e-05,-163.25555555555556,15.858109075048803,150.5088888888889,25.377482994407178,0.7611354166666666,0.8194401041666667,0.48333333333333334,0.59675,0.028468866395033772,0.05654877894217836,6.126558692512215e-06,0.02318791079966766,0.028468866395033765
hopfield,32,0.1,0.4,0.7436458333333333,0.2603207529613805,0.42333333333333334,0.49491280495042966,0.25635416666666666,0.2603207529613806,0.6009375,0.3990625,0.14270833333333333,0.21091024045547313,0.00036515553792317707,5.3181001344017336e-05,-161.10444444444443,17.527242125451924,154.61777777777777,24.212928439769165,0.7119765625000001,0.7730260416666667,0.37333333333333335,0.4768333333333334,0.02945806633238822,0.05600465606805056,6.017996826581482e-06,0.023866740483955953,0.029458066332388226
hopfield,32,0.1,0.43333333333333335,0.6730208333333333,0.29842135262631014,0.36333333333333334,0.48176329783344146,0.32697916666666665,0.29842135262631014,0.57125,0.42875,0.10177083333333334,0.2377679894990217,0.00037565231323242185,5.181003104462968e-05,-162.00444444444443,15.721564040202376,158.92222222222222,22.27208916232717,0.634890625,0.7071770833333333,0.31,0.41,0.03376955506106354,0.05451664925920457,5.862856932586603e-06,0.02690598089741951,0.03376955506106354
hopfield,32,0.1,0.4666666666666667,0.5804166666666667,0.30237240138492555,0.24333333333333335,0.42981160478467867,0.4195833333333333,0.30237240138492555,0.5345833333333333,0.46541666666666665,0.04583333333333333,0.24102478859641938,0.00038591702779134117,4.748843056529662e-05,-162.01333333333332,15.508422089438984,160.24444444444444,21.981772343744908,0.5434036458333333,0.6079791666666666,0.2,0.28675,0.034216658317679664,0.04863776176175881,5.373821801372303e-06,0.02727452240919301,0.034216658317679664
hopfield,32,0.1,0.5,0.4891666666666667,0.30859785009377044,0.16,0.3672185974698983,0.5108333333333334,0.3085978500937705,0.5017708333333334,0.49822916666666667,-0.012604166666666666,0.24737462320332873,0.0003731870651245117,5.274922138855954e-05,-161.45777777777775,17.44034996813495,160.43333333333334,22.534015742373086,0.45114583333333336,0.5215208333333333,0.11991666666666666,0.20008333333333336,0.03492113415730371,0.04155469619573379,5.9691363249726905e-06,0.027993073838236317,0.03492113415730372
hopfield,32,0.25,0.0,0.9483333333333334,0.09452969161881035,0.6533333333333333,0.47670365722489916,0.051666666666666666,0.09452969161881035,1.0,0.0,-0.051666666666666666,0.09452969161881035,0.00036712169647216795,5.194695411988148e-05,-64.72583333333333,11.256883778986126,3.32,6.961859783046194,0.9380026041666666,0.9583359375,0.6032500000000001,0.6966666666666667,0.010697041608896363,0.053944097025205015,5.8783512371601624e-06,0.010697041608896363,0.010697041608896363
hopfield,32,0.25,0.03333333333333333,0.9309375,0.10605508508470687,0.5733333333333334,0.4954193746157942,0.0690625,0.10605508508470687,0.9657291666666666,0.034270833333333334,-0.034791666666666665,0.1047283490953445,0.0003779466946919759,5.051983317898493e-05,-65.58833333333334,11.62384732540694,12.44,12.027549201700701,0.9195625,0.9430286458333333,0.5198333333333334,0.63,0.012001262656826498,0.05606197982205222,5.716857299919179e-06,0.011851128346228519,0.012001262656826498
hopfield,32,0.25,0.06666666666666667,0.9130208333333333,0.11755244410342072,0.5033333333333333,0.5008242926709126,0.08697916666666666,0.11755244410342071,0.9341666666666667,0.06583333333333333,-0.021145833333333332,0.11700549085665841,0.0003720577557881673,5.202040155041276e-05,-66.32,12.081302754843145,20.578333333333333,14.473122265632322,0.8993567708333333,0.92459375,0.4399166666666667,0.5600833333333334,0.013302311308413643,0.05667360387729003,5.886662596342713e-06,0.01324041772198018,0.013302311308413643
hopfield,32,0.25,0.1,0.8909375,0.13155584785850158,0.43,0.49590294659486683,0.1090625,0.13155584785850158,0.9001041666666667,0.09989583333333334,-0.009166666666666667,0.12648298121623605,0.0003821229934692383,4.985208461638587e-05,-66.9175,11.754938565795168,28.006666666666668,16.065552032092615,0.8750807291666667,0.9038619791666667,0.37666666666666665,0.48333333333333334,0.014886945618216766,0.05611670114286109,5.641294436695139e-06,0.01431289671760765,0.014886945618216766
hopfield,32,0.25,0.13333333333333333,0.8772916666666667,0.13813685871751746,0.39666666666666667,0.4900230923050423,0.12270833333333334,0.13813685871751744,0.8692708333333333,0.13072916666666667,0.008020833333333333,0.13281925232031933,0.0003656570116678874,5.145688357854939e-05,-67.17916666666666,11.361284563316376,33.99,16.266023229593827,0.8625624999999999,0.8933541666666667,0.3333333333333333,0.44666666666666666,0.01563165710285133,0.055451332993284,5.822894534804005e-06,0.015029913291817432,0.015631657102851325
hopfield,32,0.25,0.16666666666666666,0.8495833333333334,0.15640196066510328,0.35333333333333333,0.4788037862995706,0.15041666666666667,0.15640196066510328,0.8330208333333333,0.16697916666666668,0.0165625,0.14868529638114805,0.00037175893783569336,5.230255116308087e-05,-68.33666666666667,11.351041480757695,41.111666666666665,17.146770434789364,0.829125,0.8665859375,0.30333333333333334,0.41,0.017698547961989396,0.054181749002177544,5.918590830688546e-06,0.01682532519447824,0.017698547961989396
hopfield,32,0.25,0.2,0.8229166666666666,0.16439540764796737,0.2833333333333333,0.4513697720560997,0.17708333333333334,0.1643954076479674,0.8004166666666667,0.19958333333333333,0.0225,0.15256396350339824,0.00037134726842244465,5.3316697755587286e-05,-69.58916666666667,11.537915871062443,47.626666666666665,17.021006760059038,0.8038515625,0.8424140625000001,0.23333333333333334,0.34008333333333335,0.018603091640382072,0.05107729804252723,6.033352321092086e-06,0.01726423769787535,0.018603091640382076
hopfield,32,0.25,0.23333333333333334,0.775625,0.17605726077588044,0.2,0.4006683379765066,0.224375,0.1760572607758804,0.7666666666666667,0.23333333333333334,0.008958333333333334,0.16009429160519992,0.00038037220637003583,4.843461849302056e-05,-70.80833333333334,11.575183806578439,53.39666666666667,17.081968104895818,0.7567473958333333,0.7925364583333333,0.14991666666666667,0.24675000000000002,0.01992275455274157,0.04533989066615322,5.4808930449082794e-06,0.018116374541380983,0.019922754552741565
hopfield,32,0.25,0.26666666666666666,0.7451041666666667,0.1883657953304522,0.16333333333333333,0.3702871825318563,0.2548958333333333,0.18836579533045217,0.7319791666666666,0.2680208333333333,0.013125,0.16778181317146285,0.0003687151273091634,4.780827832954192e-05,-70.365,10.959568824978081,57.25333333333333,15.83028158115593,0.7275833333333334,0.7625364583333333,0.12658333333333335,0.2034166666666667,0.021315596357470285,0.041901939284398115,5.410015983158501e-06,0.01898629949993484,0.02131559635747028
hopfield,32,0.25,0.3,0.6996875,0.2042364114401326,0.11,0.3134125472108031,0.3003125,0.20423641144013263,0.7005208333333334,0.2994791666666667,-0.0008333333333333334,0.17833827249643378,0.0003742249806722005,4.932777838032645e-05,-71.5875,11.095230923576654,61.64333333333333,16.08316977637621,0.6789375,0.7187786458333333,0.08,0.14350000000000004,0.02311152563616361,0.03546596842591443,5.581963600775904e-06,0.020180875327995257,0.02311152563616361
hopfield,32,0.25,0.3333333333333333,0.6755208333333333,0.19970482655694463,0.09666666666666666,0.2959970773304744,0.32447916666666665,0.1997048265569446,0.6682291666666667,0.33177083333333335,0.007291666666666667,0.17714275349070815,0.00036423603693644206,5.053023876662467e-05,-71.59583333333333,11.303328791915654,64.45166666666667,16.223723202068836,0.6533307291666667,0.6982291666666667,0.06333333333333334,0.13008333333333336,0.02259872853273942,0.033495222486114,5.718034803008855e-06,0.020045589616918966,0.02259872853273942
hopfield,32,0.25,0.36666666666666664,0.6527083333333333,0.20121380813910783,0.08666666666666667,0.2818160567729818,0.34729166666666667,0.20121380813910783,0.6348958333333333,0.3651041666666667,0.0178125,0.1758275382663155,0.00037450710932413736,4.733824572484604e-05,-70.3625,11.162173435432521,65.94333333333333,14.924731631415968,0.6303072916666668,0.6764661458333334,0.056666666666666664,0.12341666666666669,0.022769485873581585,0.03189048894300862,5.356826786792084e-06,0.01989675900360527,0.022769485873581585
hopfield,32,0.25,0.4,0.6230208333333334,0.20396778679767716,0.06666666666666667,0.24986060773937227,0.37697916666666664,0.20396778679767716,0.6045833333333334,0.3954166666666667,0.0184375,0.1789487640899326,0.00037510236104329426,4.831927173948757e-05,-69.7725,11.443738429704325,66.95,15.05499950293738,0.6001354166666667,0.6429166666666667,0.03991666666666667,0.09341666666666669,0.023081127896275613,0.028274389471089168,5.467840330984605e-06,0.02024995895522079,0.023081127896275613
hopfield,32,0.25,0.43333333333333335,0.5998958333333333,0.19998658134158537,0.043333333333333335,0.20394656873443764,0.40010416666666665,0.19998658134158534,0.5675,0.4325,0.03239583333333333,0.17885772645321268,0.00036295811335245766,4.9426858422509126e-05,-69.375,10.867388159905776,68.33666666666667,14.208904441946146,0.5802604166666667,0.62184375,0.02,0.07,0.022630612088087948,0.023078726846389102,5.5931755630249e-06,0.02023965707682373,0.022630612088087945
hopfield,32,0.25,0.4666666666666667,0.5615625,0.1993103998886224,0.02,0.14023391829177742,0.4384375,0.1993103998886224,0.5335416666666667,0.4664583333333333,0.02802083333333333,0.17799005723885783,0.0003762515385945638,4.550286082537705e-05,-70.10666666666667,10.576775634930575,69.85166666666667,13.56547964561547,0.5429817708333333,0.5788776041666667,0.009916666666666669,0.03675000000000002,0.022554094953485666,0.01586896173315364,5.149133433500185e-06,0.020141471062146563,0.022554094953485666
hopfield,32,0.25,0.5,0.5034375,0.20562298593111472,0.006666666666666667,0.08151300584956361,0.4965625,0.20562298593111475,0.49895833333333334,0.5010416666666667,0.004479166666666667,0.17643304965626172,0.0003719758987426758,5.6668118522624136e-05,-69.37333333333333,10.820585587839876,69.485,13.640717438639461,0.48216145833333335,0.5249166666666667,0.0,0.016666666666666666,0.023268431310665128,0.009224064950461413,6.4126012827673056e-06,0.0199652790677459,0.02326843131066513
hopfield,32,0.5,0.0,0.7794791666666666,0.11574818681145442,0.03666666666666667,0.18825609351281192,0.22052083333333333,0.11574818681145443,1.0,0.0,-0.22052083333333333,0.11574818681145443,0.00038060665130615237,5.200895391720994e-05,-42.547916666666666,7.32385444211949,11.7625,7.493060474035861,0.7651901041666667,0.7917734375,0.016666666666666666,0.05333333333333334,0.013098140375505642,0.021303182428177025,5.885367174696912e-06,0.013098140375505642,0.013098140375505642
hopfield,32,0.5,0.03333333333333333,0.76625,0.11530777123430762,0.023333333333333334,0.15121212222763156,0.23375,0.11530777123430756,0.9664583333333333,0.033541666666666664,-0.20020833333333332,0.11309859483832492,0.0003734898567199707,5.352939282246182e-05,-42.80833333333333,7.288706597775109,15.931666666666667,8.979370479209468,0.7522890625,0.7802421875,0.006666666666666667,0.043333333333333335,0.013048302661309524,0.017111262456680102,6.057421033698687e-06,0.01279831081827556,0.013048302661309517
hopfield,32,0.5,0.06666666666666667,0.7502083333333334,0.11853564235671317,0.016666666666666666,0.12823299585640943,0.24979166666666666,0.11853564235671317,0.9314583333333334,0.06854166666666667,-0.18125,0.11842556013933135,0.00037771145502726237,4.905056580818454e-05,-43.016666666666666,6.737270709339604,20.140833333333333,9.138151363378823,0.7369739583333333,0.7627317708333333,0.0033333333333333335,0.03,0.013413570664549856,0.014510929516631266,5.550594045158723e-06,0.013401113688973532,0.013413570664549856
hopfield,32,0.5,0.1,0.7308333333333333,0.1277798478658678,0.013333333333333334,0.1148893122493093,0.26916666666666667,0.1277798478658677,0.9005208333333333,0.09947916666666666,-0.1696875,0.12732384730438878,0.00038016478220621744,4.965134701383335e-05,-43.294583333333335,6.761946092626554,23.223333333333333,9.656480428695962,0.7178098958333333,0.7459583333333334,0.0033333333333333335,0.02666666666666667,0.014459650994224166,0.013000949569413337,5.618578838556584e-06,0.01440804967302774,0.014459650994224155
hopfield,32,0.5,0.13333333333333333,0.728125,0.12592415482169625,0.013333333333333334,0.11488931224930929,0.271875,0.12592415482169628,0.8663541666666666,0.13364583333333332,-0.13822916666666665,0.13088713808989574,0.00036521196365356444,5.191711856016187e-05,-43.28916666666667,6.822908255460444,26.3375,9.39515114122999,0.7143723958333333,0.7418802083333332,0.0033333333333333335,0.02666666666666667,0.014249659558021356,0.013000949569413337,5.874975025746797e-06,0.014811273984293561,0.01424965955802136
hopfield,32,0.5,0.16666666666666666,0.708125,0.13800596707447302,0.013333333333333334,0.11488931224930927,0.291875,0.13800596707447307,0.83375,0.16625,-0.125625,0.13930809899818575,0.00038971821467081704,4.843118467489532e-05,-44.03,6.5107670663787465,29.9325,9.402211122744244,0.6945807291666667,0.7216822916666666,0.0033333333333333335,0.03,0.015616845319083437,0.013000949569413335,5.480504471807765e-06,0.015764195417551922,0.015616845319083444
hopfield,32,0.5,0.2,0.6890625,0.13415290427157478,0.006666666666666667,0.0815130058495636,0.3109375,0.1341529042715748,0.8022916666666666,0.19770833333333335,-0.11322916666666667,0.13782973758535705,0.00037388881047566733,5.032017164032938e-05,-44.31875,6.2911116511198735,32.87416666666667,9.485852393132799,0.6747916666666667,0.7040703125000001,0.0,0.016666666666666666,0.0151808302171777,0.009224064950461412,5.694263469873617e-06,0.015596903075059306,0.015180830217177704
hopfield,32,0.5,0.23333333333333334,0.6720833333333334,0.14111463284945455,0.0033333333333333335,0.05773502691896258,0.3279166666666667,0.14111463284945455,0.7689583333333333,0.23104166666666667,-0.096875,0.1462966938008404,0.0003803634643554687,5.0815881058204456e-05,-44.20458333333333,6.490842036608419,35.285833333333336,9.274484415650429,0.6567578125,0.6878177083333333,0.0,0.01,0.015968623967396643,0.006533333333333333,5.75035827118022e-06,0.01655502936730362,0.015968623967396643
hopfield,32,0.5,0.26666666666666666,0.6457291666666667,0.15635444530358858,0.006666666666666667,0.08151300584956361,0.3542708333333333,0.15635444530358855,0.7357291666666667,0.26427083333333334,-0.09,0.14957174792025307,0.0003708696365356445,5.202229400032808e-05,-44.42666666666667,6.35684898243676,37.3725,9.534010695915589,0.6304088541666666,0.6634635416666667,0.0,0.016666666666666666,0.01769317109266421,0.009224064950461413,5.886876747210448e-06,0.016925636629284507,0.017693171092664207
hopfield,32,0.5,0.3,0.6298958333333333,0.15579612870684242,0.0033333333333333335,0.05773502691896259,0.3701041666666667,0.15579612870684242,0.7035416666666666,0.2964583333333333,-0.07364583333333333,0.1531446930662418,0.00037428855895996096,4.842206409800927e-05,-44.05833333333333,6.322930125619538,38.986666666666665,9.207238076583298,0.6132213541666667,0.6484791666666667,0.0,0.01,0.017629991622129023,0.006533333333333334,5.47947238137378e-06,0.017329953434284433,0.017629991622129023
hopfield,32,0.5,0.3333333333333333,0.6141666666666666,0.15307120440374888,0.0033333333333333335,0.05773502691896259,0.3858333333333333,0.15307120440374886,0.6691666666666667,0.3308333333333333,-0.055,0.15207335873888986,0.0003847694396972656,4.891679921157595e-05,-43.55041666666666,6.43466406129031,40.01833333333333,8.900983404890495,0.5949869791666667,0.6311484374999999,0.0,0.01,0.01732163740926619,0.006533333333333334,5.535456929768856e-06,0.017208720542475842,0.017321637409266188
hopfield,32,0.5,0.36666666666666664,0.5930208333333333,0.15747675474576042,0.0033333333333333335,0.05773502691896258,0.40697916666666667,0.1574767547457605,0.641875,0.358125,-0.048854166666666664,0.1565089479131951,0.00037069002787272135,4.8883247856974446e-05,-43.615833333333335,6.4369952097223795,41.09,8.76713706449787,0.5755156250000001,0.608765625,0.0,0.01,0.017820172361740393,0.006533333333333333,5.531660236581128e-06,0.01771065470882059,0.017820172361740404
hopfield,32,0.5,0.4,0.5633333333333334,0.15829335586369647,0.0,0.0,0.43666666666666665,0.15829335586369656,0.608125,0.391875,-0.04479166666666667,0.15216940265452958,0.0003745857874552409,5.369971731918962e-05,-43.85916666666667,6.034673652529247,41.895833333333336,8.033907509536993,0.5444505208333333,0.5843020833333333,0.0,0.0,0.017912579477291538,0.0,6.0766950649296226e-06,0.01721958893466337,0.017912579477291548
hopfield,32,0.5,0.43333333333333335,0.5391666666666667,0.16165148074270747,0.0,0.0,0.4608333333333333,0.16165148074270747,0.569375,0.430625,-0.030208333333333334,0.15539761928943754,0.0003856309254964193,4.870644081549445e-05,-43.505,6.310499492603883,42.31666666666667,8.367208184228254,0.5207057291666667,0.558359375,0.0,0.0,0.018292587080653934,0.0,5.511652636354481e-06,0.017584896036324012,0.018292587080653934
hopfield,32,0.5,0.4666666666666667,0.539375,0.15434372271266067,0.0,0.0,0.460625,0.15434372271266059,0.5372916666666666,0.46270833333333333,0.0020833333333333333,0.15280126546590567,0.00037538607915242513,4.933617905274697e-05,-43.67875,6.11711376305311,43.06166666666667,8.260112716898906,0.5218723958333333,0.5573020833333333,0.0,0.0,0.017465636411753183,0.0,5.582914226350644e-06,0.017291090942854196,0.017465636411753173
hopfield,32,0.5,0.5,0.51125,0.15787325707985933,0.0,0.0,0.48875,0.15787325707985933,0.49916666666666665,0.5008333333333334,0.012083333333333333,0.1497623302908178,0.0003772838910420736,4.854382618423938e-05,-43.4975,6.297320361002526,43.42666666666667,8.163619776078718,0.4964322916666667,0.5294869791666666,0.0,0.0,0.017865040824688354,0.0,5.493251058533142e-06,0.016947203054742385,0.017865040824688354
hopfield,32,0.75,0.0,0.7361458333333334,0.10897542077036987,0.0033333333333333335,0.05773502691896259,0.26385416666666667,0.10897542077036983,1.0,0.0,-0.26385416666666667,0.10897542077036983,0.0003792158762613932,4.8696662277323974e-05,-32.918055555555554,5.156490402471352,12.246666666666666,5.808834364171763,0.7239557291666667,0.7481302083333333,0.0,0.010083333333333352,0.01233172974929785,0.006533333333333334,5.51054609059206e-06,0.012331729749297846,0.012331729749297846
hopfield,32,0.75,0.03333333333333333,0.7304166666666667,0.11225509078394588,0.0,0.0,0.26958333333333334,0.11225509078394588,0.9654166666666667,0.034583333333333334,-0.235,0.111183536758613,0.000375978946685791,4.940829236523007e-05,-32.94111111111111,5.158150519744735,14.980555555555556,6.665223622156881,0.7196666666666667,0.7434531249999999,0.0,0.0,0.012702859348875337,0.0,5.591074615864e-06,0.012581601595899812,0.012702859348875337
hopfield,32,0.75,0.06666666666666667,0.7189583333333334,0.112716756686908,0.0,0.0,0.2810416666666667,0.11271675668690798,0.9340625,0.0659375,-0.21510416666666668,0.11807916300838787,0.00037801027297973633,5.0372731475533015e-05,-33.01222222222222,5.265263655560526,17.600555555555555,7.10864744605646,0.7071588541666667,0.7296302083333334,0.0,0.0,0.012755101763812105,0.0,5.700211175134281e-06,0.013361915163521372,0.012755101763812102
hopfield,32,0.75,0.1,0.7011458333333334,0.11795296497953651,0.0,0.0,0.29885416666666664,0.11795296497953651,0.9010416666666666,0.09895833333333333,-0.19989583333333333,0.12357830553797737,0.00038277149200439454,5.077307768177263e-05,-33.42722222222222,4.974617817762556,20.113333333333333,7.195453579245294,0.6846848958333334,0.7134713541666666,0.0,0.0,0.013347634512199379,0.0,5.745514613162812e-06,0.013984201721796412,0.013347634512199379
hopfield,32,0.75,0.13333333333333333,0.6854166666666667,0.1256081915381869,0.0,0.0,0.3145833333333333,0.12560819153818692,0.868125,0.131875,-0.18270833333333333,0.13155555821354906,0.0003775326410929362,5.0272319525422616e-05,-33.62,4.947137688783284,22.236666666666668,7.063963482475965,0.671234375,0.6992708333333333,0.0,0.0,0.014213904946610878,0.0,5.688848493314766e-06,0.01488691284180487,0.01421390494661088
hopfield,32,0.75,0.16666666666666666,0.6742708333333334,0.12925498259664533,0.0,0.0,0.3257291666666667,0.12925498259664542,0.8328125,0.1671875,-0.15854166666666666,0.1326857816524865,0.00036911249160766603,4.84464601841055e-05,-33.716388888888886,4.881568878201177,24.41388888888889,7.01535792460766,0.6591015625,0.6894791666666666,0.0,0.0,0.01462657820326962,0.0,5.482233058401247e-06,0.015014809663921002,0.01462657820326963
hopfield,32,0.75,0.2,0.660625,0.12583489989574664,0.0,0.0,0.339375,0.12583489989574664,0.7985416666666667,0.20145833333333332,-0.13791666666666666,0.13085606726484753,0.00038821061452229817,4.8635833618474296e-05,-33.85944444444445,4.852498587001468,26.381666666666668,7.024574438523904,0.6475755208333334,0.674375,0.0,0.0,0.01423955941233875,0.0,5.503662679850045e-06,0.014807757989449276,0.01423955941233875
hopfield,32,0.75,0.23333333333333334,0.6475,0.13050283028491982,0.0,0.0,0.3525,0.13050283028491977,0.763125,0.236875,-0.115625,0.13717133492613565,0.0003883600234985352,5.22278305268772e-05,-33.71472222222222,4.608470231945907,27.978888888888886,6.825961890383884,0.6308307291666667,0.6609609375,0.0,0.0,0.014767785462221272,0.0,5.9101353947210095e-06,0.015522397800362126,0.014767785462221267
hopfield,32,0.75,0.26666666666666666,0.635,0.1298857067684604,0.0,0.0,0.365,0.1298857067684604,0.7309375,0.2690625,-0.0959375,0.13051596880251165,0.0003840160369873047,5.271764672012969e-05,-33.64277777777778,4.643209646956668,29.308888888888887,6.891697800651053,0.6193515625,0.6479296875,0.0,0.0,0.014697951362264457,0.0,5.965563314882451e-06,0.014769272225448278,0.014697951362264457
hopfield,32,0.75,0.3,0.6228125,0.1395850622407445,0.0,0.0,0.3771875,0.13958506224074443,0.7011458333333334,0.29885416666666664,-0.07833333333333334,0.1371473637619223,0.0003856730461120606,5.4921714082488125e-05,-33.50611111111111,4.624090062512909,30.0,6.699390145125965,0.6059192708333333,0.6380651041666667,0.0,0.0,0.01579553675887072,0.0,6.214977016336515e-06,0.0155196852077723,0.01579553675887071
hopfield,32,0.75,0.3333333333333333,0.5982291666666667,0.14308954568586593,0.0,0.0,0.40177083333333335,0.14308954568586593,0.665625,0.334375,-0.06739583333333334,0.13953950552794062,0.0003842560450236003,5.509700983959824e-05,-33.49277777777778,4.621465844321383,31.00722222222222,6.520730147186099,0.5841614583333333,0.6122421875,0.0,0.0,0.016192106393111364,0.0,6.234813598637358e-06,0.01579038153151218,0.016192106393111364
hopfield,32,0.75,0.36666666666666664,0.5742708333333333,0.1431078049482133,0.0,0.0,0.42572916666666666,0.14310780494821332,0.6307291666666667,0.3692708333333333,-0.05645833333333333,0.14290625337870286,0.0003745611508687337,5.636825325502674e-05,-33.5425,4.7559077707124295,31.951666666666668,6.621697342582716,0.5574947916666667,0.5896927083333333,0.0,0.0,0.01619417262315753,0.0,6.378668333345582e-06,0.016171364915986693,0.016194172623157532
hopfield,32,0.75,0.4,0.5615625,0.14846546889292245,0.0,0.0,0.4384375,0.14846546889292245,0.5961458333333334,0.4038541666666667,-0.034583333333333334,0.14942872448504105,0.0003883624076843262,5.643318660640518e-05,-33.57972222222222,4.71218848166734,32.93222222222222,6.615258778427472,0.5473932291666667,0.5765651041666666,0.0,0.0,0.016800449372415784,0.0,6.386016233773536e-06,0.016909452003995767,0.016800449372415784
hopfield,32,0.75,0.43333333333333335,0.5471875,0.14774037033086682,0.0,0.0,0.4528125,0.14774037033086682,0.5613541666666667,0.43864583333333335,-0.014166666666666666,0.150015095858741,0.00039177497227986654,5.447284745179307e-05,-33.55416666666667,4.4649587670163005,33.305,6.228272004856634,0.5281041666666666,0.5642708333333334,0.0,0.0,0.016718396745817387,0.0,6.1641829754043566e-06,0.01697580617140412,0.016718396745817387
hopfield,32,0.75,0.4666666666666667,0.5257291666666667,0.1502466776831409,0.0,0.0,0.4742708333333333,0.15024667768314084,0.5259375,0.4740625,-0.00020833333333333335,0.15339135282328906,0.0003853487968444824,5.883726487797814e-05,-33.69083333333333,4.666113624858397,33.74111111111111,6.473799829419238,0.5073776041666667,0.5450572916666667,0.0,0.0,0.01700201212182083,0.0,6.65806330027367e-06,0.017357865613401812,0.017002012121820825
hopfield,32,0.75,0.5,0.5038541666666667,0.15247784319869986,0.0,0.0,0.49614583333333334,0.15247784319869992,0.49541666666666667,0.5045833333333334,0.0084375,0.14723280618169682,0.00040328502655029297,5.237441337063988e-05,-33.6225,4.614321437452187,33.82222222222222,6.491029932914445,0.4838333333333333,0.5230364583333333,0.0,0.0,0.017254492267979687,0.0,5.926722805004782e-06,0.016660960455379143,0.017254492267979694
hopfield,32,1.0,0.0,0.7060416666666667,0.1086805574106328,0.0,0.0,0.2939583333333333,0.1086805574106328,1.0,0.0,-0.2939583333333333,0.1086805574106328,0.00039280414581298827,5.3901165822927924e-05,-27.545625,3.758472052680128,12.235,5.21541442829454,0.6944661458333333,0.7185520833333333,0.0,0.0,0.012298362819034655,0.0,6.0994911091104095e-06,0.012298362819034655,0.012298362819034655
hopfield,32,1.0,0.03333333333333333,0.7005208333333334,0.1105063718450967,0.0,0.0,0.2994791666666667,0.11050637184509671,0.9669791666666666,0.03302083333333333,-0.26645833333333335,0.10961417749046845,0.0003935702641805013,5.0842834083769675e-05,-27.5675,3.735213462042485,13.965416666666666,5.651919220877096,0.6884166666666667,0.7127473958333334,0.0,0.0,0.012504973172259348,0.0,5.753408293147068e-06,0.012404011876699789,0.01250497317225935
hopfield,32,1.0,0.06666666666666667,0.6947916666666667,0.11134185703340733,0.0,0.0,0.30520833333333336,0.1113418570334073,0.9369791666666667,0.06302083333333333,-0.2421875,0.112023009844102,0.0003940471013387044,4.8293414345474564e-05,-27.542083333333334,3.698362399926874,15.544583333333334,5.659887336209458,0.6818567708333333,0.7070000000000001,0.0,0.0,0.012599517221540867,0.0,5.464914291399391e-06,0.012676596918229179,0.012599517221540861
hopfield,32,1.0,0.1,0.6825,0.11381730615597091,0.0,0.0,0.3175,0.11381730615597088,0.9039583333333333,0.09604166666666666,-0.22145833333333334,0.11750839796597798,0.0004033740361531575,5.0705853442281455e-05,-27.5175,3.737336617383937,17.206666666666667,5.739675307105118,0.6715208333333332,0.6939635416666666,0.0,0.0,0.012879640660127218,0.0,5.737907474340618e-06,0.013297327018749014,0.012879640660127215
hopfield,32,1.0,0.13333333333333333,0.6766666666666666,0.12104350211212267,0.0,0.0,0.3233333333333333,0.12104350211212267,0.8728125,0.1271875,-0.19614583333333332,0.12873339659532326,0.00038239320119222,5.651684689668782e-05,-27.66229166666667,3.7277808101234937,18.837083333333332,5.632688895221954,0.6642708333333334,0.6902369791666667,0.0,0.0,0.013697361711505455,0.0,6.395483286832109e-06,0.014567555190888927,0.013697361711505455
hopfield,32,1.0,0.16666666666666666,0.6625,0.1224926197353624,0.0,0.0,0.3375,0.12249261973536239,0.8360416666666667,0.16395833333333334,-0.17354166666666668,0.12784373272559327,0.0003867848714192708,5.133768487629145e-05,-27.755208333333332,3.8272200557691343,20.267916666666668,5.792804706208366,0.6491223958333333,0.6740859375,0.0,0.0,0.013861344807678972,0.0,5.809405931848212e-06,0.014466880246652254,0.01386134480767897
hopfield,32,1.0,0.2,0.6495833333333333,0.12926900592122526,0.0,0.0,0.35041666666666665,0.1292690059212252,0.8036458333333333,0.19635416666666666,-0.1540625,0.12958675495183328,0.00039701064427693686,5.3977377909952194e-05,-27.613541666666666,3.849395048996836,21.427083333333332,5.6124996585996785,0.6354713541666667,0.6652291666666666,0.0,0.0,0.014628165091832963,0.0,6.108115318626366e-06,0.014664121779550796,0.014628165091832958
hopfield,32,1.0,0.23333333333333334,0.6442708333333333,0.12422571473589661,0.0,0.0,0.35572916666666665,0.12422571473589662,0.7716666666666666,0.22833333333333333,-0.12739583333333335,0.12472844492825054,0.00039380788803100586,4.892443920243336e-05,-27.51625,3.8355720811632956,22.41625,5.539291895466174,0.6311354166666666,0.6577213541666667,0.0,0.0,0.014057462969236538,0.0,5.53632147612137e-06,0.014114352245966055,0.014057462969236538
hopfield,32,1.0,0.26666666666666666,0.6282291666666666,0.12580474475810147,0.0,0.0,0.37177083333333333,0.12580474475810144,0.7305208333333333,0.26947916666666666,-0.10229166666666667,0.12880378188540179,0.00038437128067016603,4.861663475897443e-05,-27.128541666666667,3.7778958883981715,23.449583333333333,5.516716939966006,0.6146822916666668,0.6414921875,0.0,0.0,0.014236147037278718,0.0,5.50149012437677e-06,0.014575520036258997,0.014236147037278716
hopfield,32,1.0,0.3,0.6173958333333334,0.1277809980756251,0.0,0.0,0.3826041666666667,0.1277809980756251,0.6977083333333334,0.3022916666666667,-0.0803125,0.13817401406424223,0.00039196411768595377,4.664980051374075e-05,-27.41583333333333,3.721814272252987,24.8525,5.452268367493531,0.6020598958333333,0.631359375,0.0,0.0,0.014459781152711113,0.0,5.27892187731311e-06,0.015635861626140272,0.014459781152711113
hopfield,32,1.0,0.3333333333333333,0.6016666666666667,0.1339396661540327,0.0,0.0,0.3983333333333333,0.1339396661540327,0.6661458333333333,0.3338541666666667,-0.06447916666666667,0.13470620430862248,0.0003843863805135091,4.806119494143013e-05,-27.514583333333334,3.567104243688432,25.655,5.644761459955532,0.5881145833333333,0.6181276041666667,0.0,0.0,0.015156700052603077,0.0,5.4386361920539135e-06,0.015243442010542799,0.015156700052603077
hopfield,32,1.0,0.36666666666666664,0.583125,0.13523280975579913,0.0,0.0,0.416875,0.13523280975579915,0.6333333333333333,0.36666666666666664,-0.050208333333333334,0.14109843043347975,0.0003834342956542969,5.0237773298878016e-05,-27.476041666666667,3.551988829220459,26.24375,5.079048266339474,0.5691276041666667,0.6004270833333334,0.0,0.0,0.015303033026692893,0.0,5.684939219768544e-06,0.01596679049142863,0.015303033026692897
hopfield,32,1.0,0.4,0.5627083333333334,0.13536155726240698,0.0,0.0,0.4372916666666667,0.135361557262407,0.6001041666666667,0.39989583333333334,-0.037395833333333336,0.13561960877858487,0.00037237405776977537,4.802846407073864e-05,-27.50125,3.5923158218685094,26.4675,5.4787505670471734,0.5458020833333332,0.5765859375,0.0,0.0,0.015317602178582008,0.0,5.434932345361023e-06,0.015346803456598708,0.015317602178582012
hopfield,32,1.0,0.43333333333333335,0.5471875,0.14076683668315706,0.0,0.0,0.4528125,0.14076683668315704,0.5691666666666667,0.43083333333333335,-0.021979166666666668,0.13922269350070363,0.00038272698720296223,5.329980993883039e-05,-27.288541666666667,3.8304240317892027,26.775,5.697695435664491,0.5296692708333333,0.5628125,0.0,0.0,0.015929267126190593,0.0,6.031441284724164e-06,0.015754530875707454,0.01592926712619059
hopfield,32,1.0,0.4666666666666667,0.5171875,0.1397104224550142,0.0,0.0,0.4828125,0.1397104224550142,0.5351041666666667,0.46489583333333334,-0.017916666666666668,0.13309131375944966,0.0003887351353963216,5.0289753337830775e-05,-27.015833333333333,3.807558455694936,26.695,5.3024234063240465,0.5019765625,0.5317916666666667,0.0,0.0,0.01580972260254776,0.0,5.690821314906989e-06,0.015060699941860564,0.01580972260254776
hopfield,32,1.0,0.5,0.504375,0.14038522386132846,0.0,0.0,0.495625,0.1403852238613285,0.49916666666666665,0.5008333333333334,0.005208333333333333,0.13516452385488809,0.0003888758023579915,4.856599860881948e-05,-27.329583333333332,3.822162399884721,26.98375,5.464530706318797,0.48559375,0.5198020833333333,0.0,0.0,0.015886083570170437,0.0,5.4957601045719235e-06,0.015295305749571414,0.01588608357017044
hopfield,48,0.1,0.0,1.0,0.0,1.0,0.0,0.0,0.0,1.0,0.0,0.0,0.0,0.0005614860852559408,7.136684851001179e-05,-280.82666666666665,12.58456168744489,0.0,0.0,1.0,1.0,1.0,1.0,0.0,0.0,8.075919162900227e-06,0.0,0.0
hopfield,48,0.1,0.03333333333333333,1.0,0.0,1.0,0.0,0.0,0.0,0.9689583333333334,0.031041666666666665,0.031041666666666665,0.027020551536081003,0.0005562448501586914,7.03521587161385e-05,-280.82166666666666,12.52765625031176,34.50333333333333,29.69955444113985,1.0,1.0,1.0,1.0,0.0,0.0,7.961096203475433e-06,0.0030576632497896702,0.0
hopfield,48,0.1,0.06666666666666667,0.9995138888888889,0.008419691425682043,0.9966666666666667,0.05773502691896258,0.00048611111111111115,0.008419691425682042,0.936111111111111,0.0638888888888889,0.06340277777777778,0.03772532074130138,0.0005594118436177571,7.263476782117923e-05,-280.98333333333335,12.275395717543958,67.79666666666667,39.020387290533556,0.9985416666666667,1.0,0.9899166666666667,1.0,0.0009527777777777779,0.006533333333333333,8.219397739800422e-06,0.004269021920710043,0.0009527777777777777
hopfield,48,0.1,0.1,0.9995138888888889,0.00841969142568204,0.9966666666666667,0.05773502691896258,0.00048611111111111115,0.008419691425682042,0.903125,0.096875,0.0963888888888889,0.04521195455719322,0.000571289857228597,6.83758088810777e-05,-280.52166666666665,13.081505386082647,99.43333333333334,42.34962247728762,0.9985416666666667,1.0,0.99,1.0,0.0009527777777777774,0.006533333333333333,7.737451166055528e-06,0.0051162142903001875,0.0009527777777777777
hopfield,48,0.1,0.13333333333333333,0.9995138888888889,0.008419691425682045,0.9966666666666667,0.05773502691896258,0.00048611111111111115,0.008419691425682045,0.8715277777777777,0.1284722222222222,0.1279861111111111,0.0491005809447743,0.0005595795313517253,6.949619083672412e-05,-280.455,13.294848060426743,126.72,43.03550995465089,0.9985416666666667,1.0,0.99,1.0,0.000952777777777778,0.006533333333333333,7.86423431949831e-06,0.00555625379066316,0.000952777777777778
hopfield,48,0.1,0.16666666666666666,0.996736111111111,0.021607570802937636,0.9766666666666667,0.1512121222276315,0.003263888888888889,0.021607570802937664,0.8380555555555556,0.16194444444444445,0.15868055555555555,0.05370478655146428,0.0005483468373616537,7.049339488842642e-05,-279.7583333333333,13.291147903681892,152.72666666666666,43.00336716483881,0.9939565972222223,0.9989600694444444,0.9599166666666666,0.99,0.0024451268166435485,0.017111262456680095,7.977078580925021e-06,0.006077268702562821,0.0024451268166435516
hopfield,48,0.1,0.2,0.9884027777777777,0.05176584765761239,0.9366666666666666,0.24396849039011784,0.011597222222222224,0.05176584765761241,0.8034027777777778,0.1965972222222222,0.185,0.0666875664007085,0.0005546410878499349,6.876993904277646e-05,-278.45666666666665,14.686231882682799,176.19333333333333,43.88373155517022,0.981873263888889,0.9936822916666666,0.91,0.9666666666666667,0.005857857111670527,0.027607633625702146,7.782051192426223e-06,0.0075464085449578186,0.00585785711167053
hopfield,48,0.1,0.23333333333333334,0.9752777777777777,0.08374642133746762,0.9,0.3005012534823799,0.024722222222222222,0.08374642133746765,0.7692361111111111,0.2307638888888889,0.20604166666666668,0.08334526461409467,0.0005551258722941081,7.241590376497e-05,-278.17,16.462822207937712,197.56666666666666,42.71315489274776,0.9649982638888889,0.9848628472222223,0.8666666666666667,0.93,0.009476799704959531,0.03400491799961491,8.19463094033383e-06,0.009431404548283116,0.009476799704959534
hopfield,48,0.1,0.26666666666666666,0.954513888888889,0.11804138027778355,0.84,0.3672185974698983,0.045486111111111116,0.11804138027778355,0.7371527777777778,0.26284722222222223,0.2173611111111111,0.10494875484405347,0.0005615441004435222,7.05128645433767e-05,-277.29833333333335,18.175523727386008,214.95666666666668,40.41533686281324,0.9413854166666668,0.9653020833333332,0.7966666666666666,0.88,0.013357639645063087,0.04155469619573379,7.97928177978823e-06,0.011876069604624739,0.013357639645063087
hopfield,48,0.1,0.3,0.9286805555555556,0.144625094501461,0.7633333333333333,0.42574611535281853,0.07131944444444444,0.14462509450146102,0.6997916666666667,0.30020833333333335,0.2288888888888889,0.12824401351950984,0.000560461680094401,6.473285278271858e-05,-276.8516666666667,19.398535369209128,233.10666666666665,38.059212213821205,0.9153993055555556,0.9438229166666666,0.72,0.80675,0.01636587009943074,0.04817770832385589,7.3252118759849364e-06,0.014512176282579612,0.01636587009943074
hopfield,48,0.1,0.3333333333333333,0.8902777777777777,0.1806537908449798,0.6666666666666666,0.4721921646498856,0.10972222222222222,0.1806537908449798,0.6642361111111111,0.3357638888888889,0.22604166666666667,0.15599663590416007,0.0005625208218892415,6.757337707840161e-05,-274.59166666666664,22.881162321573097,245.89,33.271326552582195,0.8695069444444444,0.9092447916666668,0.61,0.7166666666666667,0.020442900895797183,0.05343357358048933,7.646647459468381e-06,0.0176526811474608,0.020442900895797183
hopfield,48,0.1,0.36666666666666664,0.8309027777777778,0.21492132610251316,0.5433333333333333,0.49895096194949207,0.1690972222222222,0.2149213261025132,0.6317361111111112,0.3682638888888889,0.19916666666666666,0.18100400245230286,0.000550382932027181,7.242450250507753e-05,-272.52166666666665,25.402716861957597,254.79,34.20046010760535,0.8054704861111112,0.8524409722222223,0.48991666666666667,0.5934166666666667,0.024320637554055953,0.05646161655001654,8.195603979377322e-06,0.020482531069886397,0.024320637554055956
hopfield,48,0.1,0.4,0.7510416666666667,0.23058510679620442,0.38,0.48619744946494786,0.24895833333333334,0.23058510679620448,0.5990972222222222,0.4009027777777778,0.15194444444444447,0.192131220900823,0.00055908203125,6.822393145027389e-05,-272.395,26.46240739269053,263.1566666666667,32.87534155711864,0.7222934027777776,0.7714774305555556,0.3299166666666667,0.44,0.026093161202061812,0.05501842075226783,7.720264616846078e-06,0.02174169437293703,0.02609316120206182
hopfield,48,0.1,0.43333333333333335,0.6742361111111111,0.24221252175818106,0.2633333333333333,0.4411776072733298,0.3257638888888889,0.242212521758181,0.5663194444444445,0.4336805555555555,0.10791666666666666,0.20034242912441022,0.0005547436078389486,6.823389649246323e-05,-273.37666666666667,27.696723341128386,269.95,32.306654108179515,0.6466788194444445,0.7011128472222222,0.21333333333333335,0.31666666666666665,0.027408927069084047,0.049923946022659614,7.721392267525018e-06,0.022670880055476024,0.02740892706908404
hopfield,48,0.1,0.4666666666666667,0.6004166666666667,0.2604543729669781,0.19333333333333333,0.3955719227174287,0.39958333333333335,0.2604543729669781,0.5354166666666667,0.46458333333333335,0.065,0.21565210320616549,0.0005680036544799805,8.631679495392339e-05,-274.085,27.58456638549146,273.69,31.837703506196785,0.5699270833333334,0.6326545138888889,0.14658333333333334,0.24008333333333334,0.029473186859443595,0.04476317698869399,9.767664861237745e-06,0.024403332768128165,0.029473186859443595
hopfield,48,0.1,0.5,0.5254166666666666,0.24104731209947733,0.09,0.28665992577177285,0.47458333333333336,0.24104731209947733,0.5001388888888889,0.49986111111111114,0.025277777777777777,0.19356949322029476,0.0005629309018452963,6.979396873228567e-05,-273.68666666666667,29.408752744984042,273.55,33.44212041812244,0.5047100694444445,0.5542673611111111,0.06,0.12341666666666669,0.027277071183501513,0.03243862432080139,7.897931060537901e-06,0.021904450207456773,0.027277071183501513
hopfield,48,0.25,0.0,0.9113194444444443,0.10953447103668668,0.4166666666666667,0.493830386256445,0.08868055555555555,0.10953447103668672,1.0,0.0,-0.08868055555555555,0.10953447103668672,0.0005558705329895019,6.824105488510471e-05,-102.04666666666667,16.919889281219906,8.507777777777777,12.071489588875895,0.8999201388888888,0.9227118055555555,0.36308333333333337,0.4734166666666667,0.012394992242360564,0.05588216886207837,7.722202315909048e-06,0.01239499224236057,0.01239499224236057
hopfield,48,0.25,0.03333333333333333,0.8974305555555556,0.11277319235130931,0.37333333333333335,0.4844976941199832,0.10256944444444444,0.11277319235130931,0.966736111111111,0.033263888888888885,-0.06930555555555556,0.1141215018063309,0.0005633672078450521,7.272052626807742e-05,-102.92722222222221,17.198909002917105,21.888888888888886,16.7902073115026,0.8846336805555557,0.9108628472222223,0.31666666666666665,0.43,0.012761488060434766,0.05482607532789735,8.229102221631206e-06,0.012914063638489064,0.012761488060434766
hopfield,48,0.25,0.06666666666666667,0.8754861111111111,0.12271956370190704,0.31333333333333335,0.464623653458797,0.12451388888888888,0.12271956370190704,0.9325,0.0675,-0.05701388888888889,0.12388130884228715,0.000562593142191569,6.865251769909477e-05,-104.87833333333333,17.21041424303743,35.196666666666665,19.811041311842544,0.8603437499999999,0.8888229166666668,0.25666666666666665,0.36341666666666667,0.013887025935073372,0.052577115913675546,7.76876371652711e-06,0.014018489773500899,0.013887025935073372
hopfield,48,0.25,0.1,0.8645833333333334,0.12993665916808725,0.2966666666666667,0.4575515273966041,0.13541666666666666,0.12993665916808722,0.9000694444444444,0.09993055555555556,-0.035486111111111114,0.1276691331313198,0.0005686744054158528,7.324237520053923e-05,-105.27777777777777,16.899462990712408,46.01777777777777,21.058986600396967,0.8486059027777778,0.8781597222222223,0.24325000000000002,0.34675,0.014703717169065982,0.05177682951206854,8.288154987471302e-06,0.014447122442592436,0.014703717169065978
hopfield,48,0.25,0.13333333333333333,0.8367361111111111,0.13838687259478444,0.22333333333333333,0.41717583159916766,0.16326388888888888,0.1383868725947844,0.866388888888889,0.13361111111111112,-0.02965277777777778,0.13326906649209325,0.0005708487828572592,6.99642346049744e-05,-106.63111111111111,16.47049642756089,56.92333333333333,21.574731028498658,0.8217916666666667,0.8524357638888889,0.18325,0.2733333333333333,0.01565994883640221,0.04720788941994434,7.917198457834307e-06,0.015080814557116592,0.015659948836402208
hopfield,48,0.25,0.16666666666666666,0.8070138888888888,0.14485054988502563,0.16333333333333333,0.3702871825318562,0.1929861111111111,0.1448505498850257,0.8307638888888889,0.16923611111111111,-0.02375,0.1402163200434968,0.0005566994349161784,7.199638491131276e-05,-107.07333333333334,15.490038035304869,66.26555555555555,20.794964415132625,0.7890208333333333,0.8243159722222223,0.12333333333333334,0.20666666666666667,0.016391382777803432,0.04190193928439811,8.14715791300836e-06,0.01586697030389075,0.01639138277780344
hopfield,48,0.25,0.2,0.7776388888888889,0.15613492913780086,0.13666666666666666,0.3440690345808725,0.2223611111111111,0.15613492913780083,0.7970138888888889,0.20298611111111112,-0.019375000000000003,0.14859685492177196,0.0005866869290669759,6.301680710874317e-05,-108.15333333333334,15.607879933429489,75.56777777777778,20.766209337920095,0.7619618055555556,0.7949340277777777,0.09666666666666666,0.18008333333333335,0.01766833050005204,0.038935076548075945,7.131023027349902e-06,0.016815317101204093,0.01766833050005204
hopfield,48,0.25,0.23333333333333334,0.7552777777777778,0.16212253323026504,0.10666666666666667,0.30920475550187154,0.24472222222222223,0.16212253323026504,0.7635416666666667,0.23645833333333333,-0.008263888888888892,0.15253168945276827,0.0005480718612670899,7.274543975993669e-05,-109.20666666666666,15.205769113863004,83.51555555555555,19.99769911204276,0.7372777777777778,0.77340625,0.07325,0.14333333333333334,0.018345891687630723,0.03498981196944872,8.23192144863256e-06,0.01726058554523881,0.018345891687630723
hopfield,48,0.25,0.26666666666666666,0.728125,0.15900123350652368,0.06,0.23788364542889823,0.271875,0.15900123350652368,0.7331944444444445,0.2668055555555556,-0.005069444444444448,0.14597379695576748,0.0005724986394246419,6.741479412545271e-05,-109.45722222222221,14.818878118992734,89.01555555555555,19.31094065768426,0.7107552083333333,0.748892361111111,0.03666666666666667,0.08666666666666667,0.017992683373428898,0.026919068597940035,7.62870210899589e-06,0.016518490149540647,0.017992683373428898
hopfield,48,0.25,0.3,0.6977083333333334,0.16615624355803926,0.04666666666666667,0.21127631471468894,0.3022916666666667,0.1661562435580393,0.6986805555555555,0.3013194444444444,-0.0009722222222222241,0.1456657475265801,0.000563196341196696,6.771716389813575e-05,-109.22666666666667,13.776292789873844,94.15555555555555,18.30013886213281,0.6796302083333332,0.7144444444444444,0.02,0.07,0.018802348981371113,0.023908165686087876,7.66291846984795e-06,0.0164836310750511,0.018802348981371116
hopfield,48,0.25,0.3333333333333333,0.6652777777777779,0.16927081100105618,0.03333333333333333,0.17980541941701306,0.33472222222222225,0.16927081100105618,0.6679166666666667,0.33208333333333334,-0.0026388888888888933,0.1477624961364073,0.000561364491780599,6.98329108185187e-05,-109.93444444444442,13.197509092739503,98.96555555555555,17.47461711397618,0.6465,0.6831093750000001,0.013333333333333334,0.05341666666666669,0.019154795466291584,0.020346898631224544,7.902337772435911e-06,0.016720900516415213,0.019154795466291584
hopfield,48,0.25,0.36666666666666664,0.634375,0.16621424275218608,0.013333333333333334,0.11488931224930927,0.365625,0.16621424275218608,0.6392361111111111,0.3607638888888889,-0.004861111111111113,0.14806907544264683,0.0005721322695414225,6.600701105944034e-05,-109.87888888888888,13.597336130932042,102.26888888888888,16.854601360413618,0.6166597222222222,0.652029513888889,0.0033333333333333335,0.03,0.018808912208040388,0.013000949569413335,7.469396458299815e-06,0.016755593230832342,0.018808912208040388
hopfield,48,0.25,0.4,0.5980555555555556,0.15887308009958614,0.006666666666666667,0.0815130058495636,0.40194444444444444,0.15887308009958614,0.6036805555555556,0.39631944444444445,-0.0056250000000000015,0.14008690507875737,0.0005769244829813639,6.704936685442283e-05,-109.19722222222221,13.72608191904229,104.89444444444445,16.92830222078651,0.5811614583333333,0.615795138888889,0.0,0.016666666666666666,0.01797818145024628,0.009224064950461412,7.587350120469418e-06,0.015852325622003772,0.01797818145024628
hopfield,48,0.25,0.43333333333333335,0.5615972222222222,0.16384011286120792,0.0,0.0,0.4384027777777778,0.1638401128612079,0.5729166666666666,0.4270833333333333,-0.011319444444444443,0.14651574622011537,0.0005571571985880534,6.522358076936506e-05,-110.75166666666667,13.874031715353947,108.37333333333333,16.489128880491474,0.545203125,0.5787638888888889,0.0,0.0,0.018540254119837504,0.0,7.3807429752820264e-06,0.01657981748205769,0.0185402541198375
hopfield,48,0.25,0.4666666666666667,0.5308333333333334,0.17468218473365324,0.0,0.0,0.4691666666666667,0.17468218473365318,0.5384722222222222,0.4615277777777778,-0.007638888888888887,0.15624496771284432,0.0005754494667053223,7.144693126701798e-05,-110.42333333333333,13.963623043019714,109.89777777777776,15.87471605058213,0.5145381944444444,0.5536545138888889,0.0,0.0,0.0197671500502069,0.0,8.084981379957961e-06,0.01768078253703287,0.01976715005020689
hopfield,48,0.25,0.5,0.49256944444444445,0.1820153350977996,0.0,0.0,0.5074305555555555,0.18201533509779957,0.505625,0.494375,-0.013055555555555553,0.16279909634224057,0.0005902783075968425,6.888520078186757e-05,-111.0511111111111,13.352966964067043,111.20444444444443,15.530925343217604,0.4738854166666667,0.5153524305555555,0.0,0.0,0.020596974132209487,0.0,7.795094286060161e-06,0.018422452011016,0.020596974132209483
hopfield,48,0.5,0.0,0.7535416666666667,0.1076974762937236,0.006666666666666667,0.08151300584956361,0.24645833333333333,0.10769747629372359,1.0,0.0,-0.24645833333333333,0.10769747629372359,0.0005674982070922852,7.514541091026199e-05,-66.3175,9.066627742411853,19.75222222222222,10.093767677061606,0.7406076388888889,0.7661996527777779,0.0,0.016666666666666666,0.012187116718128032,0.009224064950461413,8.50350375061134e-06,0.01218711671812803,0.01218711671812803
hopfield,48,0.5,0.03333333333333333,0.7511111111111112,0.10242514857964928,0.0033333333333333335,0.05773502691896258,0.2488888888888889,0.10242514857964928,0.9681944444444444,0.03180555555555555,-0.21708333333333332,0.10325745901778412,0.000574183464050293,6.906851652540457e-05,-66.15805555555556,8.722083188729686,25.283333333333335,11.189563706177147,0.7408975694444445,0.7611927083333333,0.0,0.013333333333333334,0.011590496672432591,0.006533333333333333,7.815838415260208e-06,0.011684681464911863,0.011590496672432591
hopfield,48,0.5,0.06666666666666667,0.7429861111111111,0.105715881208257,0.0033333333333333335,0.05773502691896259,0.25701388888888893,0.10571588120825698,0.9365972222222223,0.06340277777777778,-0.19361111111111112,0.1068168086407761,0.0005837035179138184,6.759400498223e-05,-66.29527777777777,8.455182792253222,30.594444444444445,11.577657218181574,0.7333090277777777,0.7549496527777779,0.0,0.01,0.011962878124748312,0.006533333333333334,7.648981726530697e-06,0.012087459791654848,0.011962878124748309
hopfield,48,0.5,0.1,0.7338194444444445,0.10633908507309574,0.0,0.0,0.2661805555555556,0.10633908507309564,0.8994444444444444,0.10055555555555556,-0.165625,0.10795272573272628,0.0005750807126363119,6.695156666442914e-05,-66.76222222222222,8.435336626418119,36.645,12.636905165683599,0.722421875,0.7458368055555555,0.0,0.0,0.012033400280896746,0.0,7.576282987129566e-06,0.012216000911262497,0.012033400280896734
hopfield,48,0.5,0.13333333333333333,0.7221527777777778,0.10672714758508589,0.0,0.0,0.27784722222222225,0.10672714758508585,0.8702083333333334,0.12979166666666667,-0.14805555555555555,0.1085583875638681,0.0006014823913574219,0.00013727247267287618,-66.96222222222222,8.158481021928067,41.08166666666666,12.307827772967801,0.7108993055555556,0.7316232638888889,0.0,0.0,0.012077313688065689,0.0,1.5533842613802078e-05,0.012284537999427029,0.012077313688065684
hopfield,48,0.5,0.16666666666666666,0.708125,0.11676821359054959,0.0,0.0,0.291875,0.11676821359054959,0.8370833333333333,0.16291666666666665,-0.12895833333333334,0.11938188782341495,0.0005867783228556315,0.00013218093336473226,-67.36416666666666,8.373049074754656,45.82444444444444,11.969082347585385,0.6973524305555555,0.7205746527777779,0.0,0.0,0.013213567271661921,0.0,1.4957680702133373e-05,0.013509332353958008,0.013213567271661921
hopfield,48,0.5,0.2,0.6957638888888888,0.12298518267508558,0.0,0.0,0.3042361111111111,0.12298518267508558,0.8042361111111112,0.19576388888888888,-0.10847222222222222,0.12359383425749229,0.0005865335464477539,6.663334852661903e-05,-66.96694444444444,8.354337793901244,49.763333333333335,12.244767271350765,0.6807534722222222,0.7095225694444445,0.0,0.0,0.013917083551464007,0.0,7.540273214934531e-06,0.013985958961833266,0.013917083551464007
hopfield,48,0.5,0.23333333333333334,0.6781944444444444,0.12186082066147375,0.0033333333333333335,0.05773502691896258,0.32180555555555557,0.12186082066147379,0.7701388888888888,0.2298611111111111,-0.09194444444444444,0.12398994242226023,0.0005665206909179687,6.644461287700623e-05,-67.27444444444444,8.304157659616875,53.47555555555555,11.820335107821256,0.6656180555555555,0.6916822916666666,0.0,0.01,0.013789850012063832,0.006533333333333333,7.518915765625044e-06,0.014030782820322435,0.013789850012063835
hopfield,48,0.5,0.26666666666666666,0.6542361111111111,0.12949573213464435,0.0033333333333333335,0.05773502691896258,0.3457638888888889,0.1294957321346444,0.7350694444444444,0.26493055555555556,-0.08083333333333333,0.12570453625379877,0.0005932752291361491,6.586964077667453e-05,-67.47194444444445,7.663329027055456,57.275,11.030582507941785,0.6395798611111111,0.6689704861111111,0.0,0.01,0.014653821578141537,0.006533333333333333,7.45385154743205e-06,0.014224807377519605,0.014653821578141542
hopfield,48,0.5,0.3,0.6427083333333333,0.1332963668968807,0.0,0.0,0.3572916666666667,0.1332963668968807,0.7011111111111111,0.2988888888888889,-0.058402777777777776,0.12921069408838773,0.0005743082364400228,7.267163976616982e-05,-67.51305555555555,7.667902020864997,59.717777777777776,11.038604039476386,0.6258715277777777,0.6587586805555555,0.0,0.0,0.015083903888742986,0.0,8.223570193164132e-06,0.014621566486765372,0.015083903888742986
hopfield,48,0.5,0.3333333333333333,0.6156944444444444,0.13236691347624613,0.0,0.0,0.38430555555555557,0.13236691347624616,0.6651388888888888,0.3348611111111111,-0.049444444444444444,0.12419722401134563,0.0005773822466532389,6.911709763839967e-05,-67.23305555555557,8.235869000798601,61.635,11.288455353416255,0.5999756944444444,0.6297517361111111,0.0,0.0,0.014978726332952877,0.0,7.821335885718595e-06,0.01405423894024871,0.01497872633295288
hopfield,48,0.5,0.36666666666666664,0.5927083333333333,0.13185105072503098,0.0,0.0,0.40729166666666666,0.13185105072503098,0.6325,0.3675,-0.03979166666666667,0.12793022453469827,0.0005803521474202474,6.856569642300919e-05,-67.84916666666666,7.946276215618798,64.28,10.899030193561417,0.5756840277777777,0.6084843750000001,0.0,0.0,0.0149203509672902,0.0,7.75893896425171e-06,0.01447666771622907,0.0149203509672902
hopfield,48,0.5,0.4,0.553125,0.1476399581787462,0.0,0.0,0.446875,0.14763995817874617,0.5956944444444445,0.4043055555555556,-0.04256944444444444,0.13759496329401769,0.000577391783396403,6.751667191890449e-05,-67.44472222222223,7.867667993913765,65.32944444444443,10.361510996594099,0.5358315972222223,0.5757152777777778,0.0,0.0,0.016707034041138262,0.0,7.64023066660476e-06,0.015570335862999805,0.01670703404113826
hopfield,48,0.5,0.43333333333333335,0.5278472222222222,0.15035201878844004,0.0,0.0,0.4721527777777778,0.15035201878844004,0.5636111111111112,0.4363888888888889,-0.03576388888888889,0.13559966767416226,0.0005738242467244467,6.962582059125118e-05,-67.51333333333334,7.828033620769203,66.92833333333333,10.726280643007295,0.5131197916666668,0.5464114583333334,0.0,0.0,0.017013932590059067,0.0,7.878903307137862e-06,0.01534454690820547,0.017013932590059067
hopfield,48,0.5,0.4666666666666667,0.5059027777777778,0.15260361872462547,0.0,0.0,0.4940972222222222,0.1526036187246255,0.53,0.47,-0.024097222222222225,0.14259542852171128,0.0005724700291951497,6.723528365171418e-05,-67.36,7.908401306369944,67.0,10.519169032351273,0.4870815972222222,0.5210451388888888,0.0,0.0,0.01726872510859481,0.0,7.608388586610173e-06,0.016136191772275127,0.017268725108594812
hopfield,48,0.5,0.5,0.49416666666666664,0.14910858625256984,0.0,0.0,0.5058333333333334,0.1491085862525698,0.4953472222222222,0.5046527777777778,-0.0011805555555555538,0.14009160249633568,0.0005720241864522298,6.96356960979492e-05,-67.50055555555555,7.822767944619872,67.14833333333333,10.397530337717019,0.47615451388888896,0.5090659722222222,0.0,0.0,0.01687322495263552,0.0,7.880020825922156e-06,0.01585285718484323,0.016873224952635518
hopfield,48,0.75,0.0,0.7131944444444445,0.09920357868934938,0.0,0.0,0.2868055555555556,0.09920357868934938,1.0,0.0,-0.2868055555555556,0.09920357868934938,0.0005792101224263509,6.885936958474519e-05,-51.63481481481481,6.170495718382189,20.173333333333332,7.912445450917782,0.6997916666666667,0.7257048611111111,0.0,0.0,0.011225941720730536,0.0,7.792171210932189e-06,0.011225941720730536,0.011225941720730536
hopfield,48,0.75,0.03333333333333333,0.7110416666666667,0.09898577848015808,0.0,0.0,0.2889583333333333,0.09898577848015805,0.9669444444444444,0.03305555555555555,-0.25590277777777776,0.10161247478177615,0.0005878257751464844,6.627248370369039e-05,-51.46981481481481,6.008951884701672,23.8,8.30120152363703,0.7007361111111111,0.7228680555555557,0.0,0.0,0.011201295306886929,0.0,7.499437516013383e-06,0.011498533974983374,0.011201295306886926
hopfield,48,0.75,0.06666666666666667,0.6994444444444444,0.10049541286514876,0.0,0.0,0.3005555555555556,0.10049541286514878,0.9355555555555556,0.06444444444444444,-0.2361111111111111,0.10253506649564308,0.0006042265892028808,7.027644209471567e-05,-51.74611111111111,5.9476530739642595,27.76,8.903514352133925,0.6886753472222223,0.710154513888889,0.0,0.0,0.011372126519323178,0.0,7.952528061170355e-06,0.011602935055556598,0.01137212651932318
hopfield,48,0.75,0.1,0.6865972222222222,0.10423239750739687,0.0,0.0,0.31340277777777775,0.10423239750739682,0.9035416666666667,0.09645833333333333,-0.21694444444444444,0.10545294647015298,0.0005951484044392903,7.214475901849632e-05,-51.72481481481481,5.919236488956287,30.995925925925924,8.94724110790733,0.67409375,0.6982187499999999,0.0,0.0,0.011795006140798427,0.0,8.163948023830108e-06,0.011933124258150874,0.011795006140798422
hopfield,48,0.75,0.13333333333333333,0.6723611111111112,0.10871205205773528,0.0,0.0,0.3276388888888889,0.10871205205773526,0.87125,0.12875,-0.1988888888888889,0.10634120090321512,0.0005930558840433756,7.095766701596551e-05,-52.093518518518515,5.773809234962673,34.49296296296296,8.909372989626137,0.6590190972222222,0.6847326388888889,0.0,0.0,0.012301926773859252,0.0,8.02961591793616e-06,0.012033639709614187,0.01230192677385925
hopfield,48,0.75,0.16666666666666666,0.6604166666666667,0.11086333740277608,0.0,0.0,0.33958333333333335,0.11086333740277605,0.8353472222222222,0.1646527777777778,-0.17493055555555556,0.10758599652267271,0.0005870509147644043,7.103556393009224e-05,-52.01277777777778,5.974408594463079,37.66148148148148,8.901392512666042,0.6472187500000001,0.6707777777777777,0.0,0.0,0.0125453676277796,0.0,8.038430783586821e-06,0.012174501594466248,0.012545367627779597
hopfield,48,0.75,0.2,0.6516666666666666,0.10866459515435313,0.0,0.0,0.34833333333333333,0.1086645951543531,0.8018055555555555,0.19819444444444445,-0.15013888888888888,0.10945459602210834,0.0005887309710184733,6.886590701461351e-05,-51.843518518518515,6.111589890932545,40.18518518518518,8.696996606640377,0.637842013888889,0.6630815972222222,0.0,0.0,0.012296556519694505,0.0,7.79291099076347e-06,0.012385953533571574,0.012296556519694503
hopfield,48,0.75,0.23333333333333334,0.6374305555555555,0.1074131544134629,0.0,0.0,0.36256944444444444,0.10741315441346284,0.7659722222222222,0.23402777777777775,-0.12854166666666667,0.10857004250485376,0.0005767790476481119,6.882616574794556e-05,-51.94296296296296,6.157224238666864,42.72888888888889,8.519290051715554,0.6267899305555557,0.6499409722222222,0.0,0.0,0.012154942668563448,0.0,7.788413843085769e-06,0.012285856880156858,0.012154942668563443
hopfield,48,0.75,0.26666666666666666,0.6210416666666667,0.1164270936645229,0.0,0.0,0.37895833333333334,0.11642709366452293,0.7295138888888889,0.2704861111111111,-0.10847222222222222,0.11406552113958575,0.0005946103731791178,6.817673450604715e-05,-52.4537037037037,6.06008703611449,45.54851851851851,8.525316836047123,0.610064236111111,0.6345312500000001,0.0,0.0,0.0131749659181629,0.0,7.71492377982905e-06,0.012907728829698177,0.013174965918162904
hopfield,48,0.75,0.3,0.6190277777777778,0.11185627244093212,0.0,0.0,0.3809722222222222,0.11185627244093212,0.6997222222222222,0.30027777777777775,-0.08069444444444444,0.11425625169072788,0.0006050467491149902,6.791199684371412e-05,-52.250740740740746,6.072384086469413,46.9237037037037,8.239755895594715,0.6067118055555556,0.6315086805555555,0.0,0.0,0.012657728804846773,0.0,7.68496589314898e-06,0.012929312023366916,0.012657728804846773
hopfield,48,0.75,0.3333333333333333,0.5976388888888888,0.1197847543366233,0.0,0.0,0.4023611111111111,0.11978475433662335,0.6684027777777778,0.33159722222222227,-0.07076388888888889,0.11707131327892724,0.0005870620409647624,7.207602974535438e-05,-52.33592592592593,5.89473650290591,48.248518518518516,8.289753997140876,0.5848559027777778,0.6101493055555556,0.0,0.0,0.013554920991568279,0.0,8.156170574417565e-06,0.01324786623025044,0.013554920991568284
hopfield,48,0.75,0.36666666666666664,0.5816666666666667,0.1274385877412527,0.0,0.0,0.41833333333333333,0.12743858774125266,0.6371527777777778,0.36284722222222227,-0.055486111111111104,0.12523781647736773,0.0005872448285420736,6.972480068614317e-05,-52.00388888888889,6.239844989252904,49.80148148148148,8.384491420571003,0.56728125,0.5936128472222222,0.0,0.0,0.014421033775761363,0.0,7.890103959286201e-06,0.014171993062962122,0.01442103377576136
hopfield,48,0.75,0.4,0.5631944444444444,0.12880714401023657,0.0,0.0,0.4368055555555555,0.12880714401023655,0.6026388888888888,0.3973611111111111,-0.03944444444444445,0.12650401994818053,0.0005923422177632649,7.261235311427412e-05,-52.122962962962966,5.860577093946751,50.76777777777778,8.098394071635054,0.5488159722222223,0.5762690972222223,0.0,0.0,0.014575900496499965,0.0,8.216861276935592e-06,0.014315277474247753,0.014575900496499962
hopfield,48,0.75,0.43333333333333335,0.54,0.13094422761975508,0.0,0.0,0.46,0.13094422761975508,0.5704166666666667,0.4295833333333333,-0.030416666666666668,0.12783913408224637,0.0005797457695007324,6.596988456610993e-05,-51.58314814814815,5.97410783768429,50.91222222222222,7.712958573989478,0.5244392361111112,0.5548993055555554,0.0,0.0,0.014817734272758268,0.0,7.465195200079812e-06,0.014466359861169302,0.014817734272758268
hopfield,48,0.75,0.4666666666666667,0.5270833333333333,0.12890477639975034,0.0,0.0,0.47291666666666665,0.12890477639975031,0.5404166666666667,0.45958333333333334,-0.013333333333333332,0.12695379429653775,0.0005841525395711263,7.237703462113184e-05,-51.275740740740744,5.783092734363346,51.096296296296295,7.960238804175922,0.5106059027777777,0.5403003472222222,0.0,0.0,0.014586948641427976,0.0,8.190232482644836e-06,0.014366174233103084,0.014586948641427974
hopfield,48,0.75,0.5,0.5154861111111111,0.12573661551255652,0.0,0.0,0.48451388888888886,0.12573661551255652,0.5048611111111111,0.49513888888888885,0.010625000000000002,0.12167499179302838,0.0005937425295511881,6.574286237143736e-05,-51.70703703703704,5.932047373252314,51.40518518518518,7.95272933681562,0.5031631944444444,0.529451388888889,0.0,0.0,0.014228437487380726,0.0,7.439505220339391e-06,0.013768821496008684,0.014228437487380726
hopfield,48,1.0,0.0,0.6959722222222222,0.08938767381829199,0.0,0.0,0.3040277777777778,0.08938767381829198,1.0,0.0,-0.3040277777777778,0.08938767381829198,0.0006017160415649415,6.983145271434148e-05,-42.66625,5.095354324811323,19.367222222222225,6.196342292835662,0.6848454861111112,0.7069513888888889,0.0,0.0,0.010115167518080167,0.0,7.902172772415423e-06,0.010115167518080165,0.010115167518080165
hopfield,48,1.0,0.03333333333333333,0.6901388888888889,0.09036320744229515,0.0,0.0,0.3098611111111111,0.09036320744229516,0.965763888888889,0.034236111111111106,-0.275625,0.09542569074179587,0.0005948336919148763,6.906129458971733e-05,-42.59527777777778,4.963912730454219,22.58416666666667,6.380783220692897,0.6813177083333333,0.6992604166666667,0.0,0.0,0.010225559539762829,0.0,7.81502117630364e-06,0.010798433454526836,0.01022555953976283
hopfield,48,1.0,0.06666666666666667,0.6791666666666667,0.09033760845050867,0.0,0.0,0.32083333333333336,0.09033760845050869,0.931875,0.068125,-0.2527083333333333,0.09569001024730683,0.0005894724527994792,6.868464500925885e-05,-42.51402777777778,4.829967856205613,25.294722222222223,6.5368715901739955,0.6691614583333334,0.6885503472222223,0.0,0.0,0.010222662741142245,0.0,7.772399263916738e-06,0.010828344022307966,0.010222662741142247
hopfield,48,1.0,0.1,0.6719444444444445,0.09218860058349093,0.0,0.0,0.32805555555555554,0.09218860058349092,0.9007638888888889,0.09923611111111111,-0.22881944444444444,0.09818320026111484,0.0006056618690490722,6.477926446078782e-05,-42.166805555555555,4.863077253416086,27.74472222222222,6.758762903886891,0.6612465277777778,0.6827083333333333,0.0,0.0,0.0104321222191663,0.0,7.330463851770994e-06,0.011110475031728101,0.0104321222191663
hopfield,48,1.0,0.13333333333333333,0.66375,0.09611526074561567,0.0,0.0,0.33625,0.09611526074561569,0.866388888888889,0.13361111111111112,-0.20263888888888887,0.09933459950833959,0.0005939833323160808,7.267819828289078e-05,-42.24583333333333,4.778770635109023,30.36472222222222,7.3098692796651354,0.653939236111111,0.674515625,0.0,0.0,0.010876465646283607,0.0,8.224312359197421e-06,0.01124076812213277,0.010876465646283608
hopfield,48,1.0,0.16666666666666666,0.6447222222222222,0.10225493979024922,0.0,0.0,0.35527777777777775,0.10225493979024924,0.8333333333333334,0.16666666666666666,-0.18861111111111112,0.10505575604936251,0.0005966035525004069,6.662012593325876e-05,-42.56513888888889,4.894079566022288,32.601111111111116,7.594264462009452,0.6313142361111111,0.6549375000000001,0.0,0.0,0.011571235734718393,0.0,7.538776937638687e-06,0.011888177930863743,0.011571235734718396
hopfield,48,1.0,0.2,0.6315277777777778,0.10230745102927752,0.0,0.0,0.36847222222222226,0.10230745102927749,0.7989583333333333,0.20104166666666667,-0.16743055555555555,0.10552071909695745,0.0006009109814961751,6.804463922545898e-05,-42.71722222222222,4.5816496012083014,34.354166666666664,7.5787949501680485,0.6202777777777778,0.6408819444444445,0.0,0.0,0.011577177940804134,0.0,7.699975791651024e-06,0.011940793452839408,0.01157717794080413
hopfield,48,1.0,0.23333333333333334,0.6163888888888889,0.10394169314042037,0.0,0.0,0.38361111111111107,0.10394169314042034,0.76625,0.23375,-0.1498611111111111,0.10123943516120677,0.000595858891805013,6.677830157323454e-05,-42.665416666666665,4.672962394301334,35.946666666666665,7.744591980369308,0.6066319444444445,0.6270243055555557,0.0,0.0,0.011762109844870845,0.0,7.556676196309262e-06,0.011456320568013965,0.011762109844870843
hopfield,48,1.0,0.26666666666666666,0.6075,0.10836923768282625,0.0,0.0,0.3925,0.10836923768282625,0.7288888888888888,0.2711111111111111,-0.12138888888888888,0.1083603073642047,0.0005872440338134765,7.362742137327936e-05,-42.65013888888889,4.185928025066312,37.51527777777778,6.95430371285886,0.5935399305555555,0.617578125,0.0,0.0,0.012263133675418637,0.0,8.331727063721764e-06,0.012262123114734055,0.012263133675418637
hopfield,48,1.0,0.3,0.5921527777777779,0.11210185872469074,0.0,0.0,0.40784722222222225,0.11210185872469078,0.6957638888888888,0.3042361111111111,-0.10361111111111111,0.11193696244981931,0.0006003435452779135,6.624538381431377e-05,-42.89375,4.2311511289453465,39.05305555555555,6.8711724534499155,0.5797899305555556,0.6062552083333332,0.0,0.0,0.012685519509026088,0.0,7.496370874841769e-06,0.012666859738923753,0.012685519509026091
hopfield,48,1.0,0.3333333333333333,0.5804166666666667,0.10965952467823765,0.0,0.0,0.4195833333333333,0.10965952467823761,0.660625,0.339375,-0.08020833333333334,0.10976623172492672,0.0006044888496398925,7.093273259701866e-05,-42.95902777777778,4.501671231550171,40.31972222222222,7.148016028551703,0.5684930555555555,0.5934895833333333,0.0,0.0,0.012409143394068635,0.0,8.026794322811914e-06,0.012421218433126185,0.01240914339406863
hopfield,48,1.0,0.36666666666666664,0.5678472222222222,0.11229592453468742,0.0,0.0,0.43215277777777783,0.11229592453468742,0.6292361111111111,0.3707638888888889,-0.061388888888888896,0.11078570894335608,0.0005933562914530436,6.987459198014977e-05,-42.56847222222222,4.711883556015998,40.66416666666667,7.272996451140208,0.5561371527777778,0.581420138888889,0.0,0.0,0.012707480122763936,0.0,7.907054439893927e-06,0.012536583140638791,0.012707480122763936
hopfield,48,1.0,0.4,0.5479166666666667,0.11783265292410218,0.0,0.0,0.45208333333333334,0.11783265292410215,0.5967361111111111,0.4032638888888889,-0.04881944444444444,0.11912301978260996,0.0006184808413187663,7.254915640762014e-05,-42.66166666666667,4.82041608011517,41.80916666666667,7.098457147700522,0.5365920138888889,0.5602951388888889,0.0,0.0,0.013334019921471395,0.0,8.20970989635827e-06,0.01348003867748151,0.013334019921471391
hopfield,48,1.0,0.43333333333333335,0.5349305555555556,0.11683449583177087,0.0,0.0,0.4650694444444445,0.1168344958317709,0.5655555555555555,0.43444444444444447,-0.030625,0.11964035752084078,0.0006026466687520345,6.965735829188484e-05,-42.983888888888885,4.733213180390717,42.4825,7.036385781772972,0.5231232638888889,0.5467395833333333,0.0,0.0,0.013221067813344993,0.0,7.882472133928152e-06,0.013538580953637695,0.013221067813344997
hopfield,48,1.0,0.4666666666666667,0.5155555555555555,0.11655529668651127,0.0,0.0,0.48444444444444446,0.11655529668651127,0.5318055555555555,0.46819444444444447,-0.016249999999999997,0.1183273370597521,0.0005983249346415202,7.13777503508297e-05,-43.259861111111114,4.740043029740254,43.08833333333333,6.7652804732017655,0.5003211805555555,0.5261250000000001,0.0,0.0,0.013189473455817058,0.0,8.07715282232348e-06,0.013389998701172131,0.013189473455817058
hopfield,48,1.0,0.5,0.5005555555555555,0.12086592481954882,0.0,0.0,0.49944444444444447,0.1208659248195488,0.501875,0.498125,-0.0013194444444444423,0.12229869091295062,0.0005983050664265951,6.584322164636074e-05,-42.773888888888884,4.970171493005778,42.611666666666665,7.013152094741437,0.4874253472222222,0.5136284722222222,0.0,0.0,0.013677266949162237,0.0,7.450861941400359e-06,0.01383939969554565,0.013677266949162235
hopfield,64,0.1,0.0,0.99953125,0.006436012264365016,0.99,0.09966499068325335,0.00046875,0.006436012264365016,1.0,0.0,-0.00046875,0.006436012264365016,0.0007598114013671875,8.450782725367536e-05,-338.18777777777774,18.222374230089883,0.09555555555555562,1.4043710850170825,0.9987486979166667,1.0,0.9799166666666667,1.0,0.0007283033490144193,0.01127815540315254,9.562960895453811e-06,0.0007283033490144193,0.0007283033490144193
hopfield,64,0.1,0.03333333333333333,0.9990104166666667,0.009807333244104901,0.9833333333333333,0.1282329958564094,0.0009895833333333334,0.009807333244104911,0.9663020833333333,0.03369791666666667,0.03270833333333333,0.02509692401548482,0.0007663138707478841,8.06641973037605e-05,-337.87555555555554,17.969028504161724,44.28,30.946161757740363,0.9977057291666667,0.9998958333333333,0.9666666666666667,0.9966666666666667,0.0011098042317492006,0.014510929516631263,9.128013221349076e-06,0.002839984303889662,0.0011098042317492017
hopfield,64,0.1,0.06666666666666667,0.9988020833333333,0.010430288264825019,0.98,0.14023391829177737,0.0011979166666666666,0.010430288264825026,0.9319270833333333,0.06807291666666666,0.066875,0.03350068168077962,0.0007598447799682617,8.279850671547049e-05,-337.91333333333336,18.22547292247485,86.30222222222221,39.612623437330704,0.9973932291666667,0.9997408854166667,0.96,0.9933333333333333,0.0011802982285347352,0.015868961733153632,9.36953306757248e-06,0.0037909590069410783,0.001180298228534736
hopfield,64,0.1,0.1,0.9979166666666667,0.015511362128209881,0.9733333333333334,0.16137646493112853,0.0020833333333333333,0.015511362128209878,0.89703125,0.10296875,0.10088541666666667,0.039866175146512736,0.0007494139671325684,7.915824556068178e-05,-337.91777777777776,18.03518328147878,125.11333333333333,42.879353014026734,0.99593359375,0.9994270833333333,0.95325,0.99,0.001755275863643069,0.01826146611189602,8.95759873907547e-06,0.004511282402670379,0.0017552758636430687
hopfield,64,0.1,0.13333333333333333,0.9947395833333333,0.026606830671294896,0.95,0.2183090993894991,0.005260416666666667,0.02660683067129489,0.8631770833333333,0.13682291666666666,0.1315625,0.047136256340414816,0.0007684612274169922,8.503186191941291e-05,-337.20666666666665,18.430266497021822,159.77333333333334,46.13684458319236,0.9913528645833333,0.9972473958333333,0.9266666666666666,0.9700833333333333,0.0030108463266695596,0.024704000190618122,9.622261000298152e-06,0.00533396953619902,0.003010846326669559
hopfield,64,0.1,0.16666666666666666,0.9891666666666666,0.04441336938531096,0.92,0.27174648819470293,0.010833333333333334,0.04441336938531095,0.8311979166666666,0.16880208333333332,0.15796875,0.058668134918969425,0.0007684572537740072,7.976545704802793e-05,-337.4033333333333,18.467722401996546,189.2822222222222,47.97533177387447,0.9843997395833333,0.9929322916666666,0.8865833333333334,0.95,0.005025845870964603,0.03075100998966725,9.02631118734764e-06,0.006638924443710775,0.005025845870964602
hopfield,64,0.1,0.2,0.9849479166666667,0.055765669860824554,0.9,0.30050125348238005,0.015052083333333334,0.05576566986082457,0.798125,0.201875,0.18682291666666667,0.0652511440159816,0.0007587345441182454,8.365117932790358e-05,-336.01888888888885,19.985799833153795,215.06666666666666,45.89111893899578,0.9780143229166667,0.9914609375,0.8665833333333334,0.9366666666666666,0.006310479603114622,0.03400491799961493,9.466022056986976e-06,0.0073838620502613694,0.006310479603114624
hopfield,64,0.1,0.23333333333333334,0.9761979166666667,0.07553091175590729,0.8666666666666667,0.3405026123034994,0.023802083333333335,0.07553091175590726,0.7671354166666666,0.23286458333333335,0.2090625,0.07573518742388134,0.0007830087343851725,8.900231724536449e-05,-335.23777777777775,21.080787664880607,239.03333333333333,46.373409678739996,0.9685234374999999,0.9832955729166667,0.8233333333333334,0.9034166666666666,0.008547127277944542,0.03853149787514644,1.0071560316741883e-05,0.00857024324587571,0.00854712727794454
hopfield,64,0.1,0.26666666666666666,0.95140625,0.11230826197143431,0.7766666666666666,0.41717583159916766,0.04859375,0.11230826197143431,0.73453125,0.26546875,0.216875,0.10412272623959294,0.0007528169949849447,8.162237370598689e-05,-333.01444444444445,24.70662072487372,258.9222222222222,42.928560026493116,0.9403632812499999,0.9635078125000001,0.7333333333333333,0.8234166666666667,0.012708876235159613,0.04720788941994434,9.23644108848536e-06,0.011782595668544591,0.012708876235159613
hopfield,64,0.1,0.3,0.9153645833333334,0.1527164106977299,0.6866666666666666,0.46462365345879686,0.08463541666666667,0.15271641069772987,0.6978125,0.3021875,0.21755208333333334,0.1333171685838215,0.0007628154754638672,8.331620468447031e-05,-332.25888888888886,23.76614072717303,280.17777777777775,39.514494406203355,0.8958515625,0.9309388020833333,0.6299166666666667,0.7366666666666667,0.017281488721897525,0.05257711591367553,9.428116107677631e-06,0.01508625782121574,0.017281488721897525
hopfield,64,0.1,0.3333333333333333,0.8574479166666666,0.19308340569018212,0.5566666666666666,0.49760855075870924,0.14255208333333333,0.1930834056901821,0.66484375,0.33515625,0.19260416666666666,0.16407553068440806,0.0007712737719217936,7.89842905600253e-05,-330.53333333333336,27.44530725598321,293.8,40.14024096377911,0.83509375,0.8811653645833333,0.5096666666666667,0.6133333333333333,0.021849444225250165,0.05630970842339366,8.937913877650115e-06,0.01856689415438244,0.02184944422525016
hopfield,64,0.1,0.36666666666666664,0.79625,0.21526867278848016,0.43666666666666665,0.49680136292375315,0.20375,0.21526867278848014,0.63109375,0.36890625,0.16515625,0.1854453204634548,0.0007576950391133627,8.109425179471788e-05,-327.56555555555553,31.657197414618818,304.32666666666665,40.62526850953199,0.7696197916666666,0.8184921875,0.38658333333333333,0.49350000000000005,0.024359943531774404,0.05621836652108916,9.176678468268685e-06,0.020985113515148278,0.0243599435317744
hopfield,64,0.1,0.4,0.70140625,0.2327149438709449,0.2633333333333333,0.44117760727332966,0.29859375,0.23271494387094482,0.5951041666666667,0.40489583333333334,0.10630208333333334,0.19883148175620385,0.0007591724395751953,7.96247838114015e-05,-328.27,33.0755594206991,316.52444444444444,38.36832481119086,0.6773841145833334,0.7278203125,0.21333333333333335,0.32666666666666666,0.02633417495571438,0.0499239460226596,9.010392512064967e-06,0.022499900265002024,0.026334174955714374
hopfield,64,0.1,0.43333333333333335,0.6238020833333333,0.22156358544043392,0.14666666666666667,0.35436441131823415,0.3761979166666667,0.22156358544043395,0.5638541666666667,0.43614583333333334,0.05994791666666666,0.1913215723012851,0.0007829093933105469,7.706008332460291e-05,-329.4033333333333,31.61105702202627,323.29777777777775,37.898202098307486,0.595640625,0.6450169270833334,0.10666666666666667,0.18333333333333332,0.025072279956544017,0.040100108100097925,8.720169330841957e-06,0.02165007400890616,0.02507227995654402
hopfield,64,0.1,0.4666666666666667,0.5516145833333334,0.20940806132382067,0.08333333333333333,0.27684719634237037,0.44838541666666665,0.2094080613238207,0.5313541666666667,0.4686458333333333,0.020260416666666666,0.1779841163676513,0.0007668066024780273,8.306553651942475e-05,-328.64,31.216605077313478,327.2155555555555,37.646315802766345,0.5292083333333333,0.5707721354166666,0.05658333333333333,0.11333333333333333,0.02369675291285396,0.0313282094532015,9.39975033449463e-06,0.020140798789282863,0.023696752912853964
hopfield,64,0.1,0.5,0.49625,0.21187598965347343,0.04666666666666667,0.21127631471468888,0.50375,0.21187598965347337,0.50234375,0.49765625,-0.00609375,0.1775173407390511,0.0007579803466796875,8.519903574299611e-05,-328.02888888888884,32.99982402949976,328.02,37.88756332199116,0.47419661458333334,0.51824609375,0.02666666666666667,0.07008333333333336,0.023976025293605242,0.02390816568608787,9.641178499299407e-06,0.02008797815445746,0.023976025293605235
hopfield,64,0.25,0.0,0.9028125,0.11181318474966574,0.34,0.47450026519722893,0.0971875,0.1118131847496657,1.0,0.0,-0.0971875,0.1118131847496657,0.000775445302327474,8.259729400810418e-05,-138.5325,21.22302995375684,12.084166666666667,16.319378501886902,0.8887916666666666,0.9132356770833333,0.2733333333333333,0.39666666666666667,0.012652852973577098,0.05369475974506511,9.346763706263067e-06,0.012652852973577093,0.012652852973577093
hopfield,64,0.25,0.03333333333333333,0.8825520833333333,0.12088531313473112,0.2733333333333333,0.44641517737511843,0.11744791666666667,0.12088531313473107,0.9677604166666667,0.032239583333333335,-0.08520833333333333,0.12051131022381988,0.000766604741414388,8.245317327011664e-05,-141.12458333333333,20.78716525585687,29.8675,21.96757039928383,0.8674895833333334,0.8954778645833333,0.21666666666666667,0.33666666666666667,0.013679460943564205,0.050516632874260385,9.330454909475976e-06,0.013637138530030912,0.013679460943564198
hopfield,64,0.25,0.06666666666666667,0.8650520833333334,0.12016883044816848,0.2,0.40066833797650675,0.13494791666666667,0.12016883044816842,0.9321354166666667,0.06786458333333334,-0.06708333333333333,0.12014433267728641,0.0007770752906799316,8.173960632410988e-05,-142.99583333333334,20.71297325371031,47.9675,25.485716087611262,0.8518593750000001,0.8786979166666666,0.15325,0.23666666666666666,0.0135983832950607,0.04533989066615324,9.249707208077058e-06,0.013595611111316495,0.013598383295060697
hopfield,64,0.25,0.1,0.8495833333333334,0.12274628352194776,0.15666666666666668,0.3640935354604674,0.15041666666666667,0.12274628352194777,0.898125,0.101875,-0.048541666666666664,0.120877443847723,0.0007808995246887207,7.902463756984704e-05,-143.09541666666667,20.140238103838787,62.165,26.739113841526244,0.8367356770833334,0.8625533854166667,0.11324999999999999,0.2034166666666667,0.013890049567350841,0.04120106213882746,8.942479571618503e-06,0.013678570449909602,0.013890049567350843
hopfield,64,0.25,0.13333333333333333,0.8238020833333334,0.13074073498540842,0.13666666666666666,0.3440690345808723,0.17619791666666668,0.13074073498540842,0.8672395833333333,0.13276041666666666,-0.0434375,0.1303574675487975,0.0007781720161437988,8.235658788861537e-05,-146.57375,20.629868648532053,77.95,27.370315988757127,0.80903515625,0.83992578125,0.10333333333333333,0.1734166666666667,0.014794706913423512,0.038935076548075924,9.319525244658106e-06,0.014751336120114525,0.014794706913423512
hopfield,64,0.25,0.16666666666666666,0.796875,0.12775241016386185,0.08333333333333333,0.2768471963423704,0.203125,0.12775241016386182,0.8338020833333334,0.16619791666666667,-0.03692708333333333,0.1302067899852792,0.0007777055104573568,8.128445367297942e-05,-148.17083333333332,19.206643485666806,91.26416666666667,25.54884182700317,0.780140625,0.813453125,0.05658333333333333,0.11333333333333333,0.014456546125954907,0.03132820945320151,9.198201836969161e-06,0.01473428534867033,0.014456546125954903
hopfield,64,0.25,0.2,0.7803645833333334,0.13295163706678773,0.056666666666666664,0.231590882112865,0.21963541666666667,0.13295163706678773,0.7982291666666667,0.20177083333333334,-0.017864583333333333,0.12897638005250375,0.0007702263196309408,8.412519357808776e-05,-149.18291666666667,18.9709426701919,103.76,26.153599546348662,0.7663502604166667,0.7940690104166667,0.03333333333333333,0.08341666666666668,0.015044894036143418,0.02620697539342619,9.519661818955914e-06,0.014595051357513638,0.015044894036143418
hopfield,64,0.25,0.23333333333333334,0.7489583333333333,0.13610365147085957,0.03666666666666667,0.1882560935128119,0.25104166666666666,0.13610365147085957,0.7650520833333333,0.23494791666666667,-0.01609375,0.1323690462092074,0.0007737048467000325,8.411513786731417e-05,-149.905,18.357552235531504,114.02583333333334,26.07805124675378,0.7317005208333333,0.7628723958333334,0.016666666666666666,0.06666666666666667,0.015401578043620787,0.021303182428177022,9.518523908160798e-06,0.01497896767440694,0.015401578043620787
hopfield,64,0.25,0.26666666666666666,0.7133854166666667,0.1444760135983153,0.02,0.14023391829177737,0.28661458333333334,0.1444760135983153,0.7300520833333334,0.2699479166666667,-0.016666666666666666,0.1388417765459554,0.0007801500956217448,8.067895748423264e-05,-150.48625,17.977502677771028,123.58333333333333,25.773626474123656,0.6976510416666667,0.7310598958333334,0.006666666666666667,0.03675000000000002,0.016349000007116546,0.015868961733153632,9.129683493006176e-06,0.015711426064460347,0.016349000007116546
hopfield,64,0.25,0.3,0.6903645833333333,0.1504106302706175,0.02,0.14023391829177734,0.30963541666666666,0.15041063027061752,0.7,0.3,-0.009635416666666667,0.1406944176335859,0.00076949675877889,7.958793110050865e-05,-150.39583333333334,18.49243335195445,129.64083333333335,25.65571430618836,0.6744635416666667,0.7073177083333333,0.006666666666666667,0.04,0.017020565103641565,0.01586896173315363,9.006222235244315e-06,0.015921072139268775,0.01702056510364157
hopfield,64,0.25,0.3333333333333333,0.6519791666666667,0.13864438862052353,0.01,0.09966499068325335,0.34802083333333333,0.13864438862052356,0.6638020833333333,0.33619791666666665,-0.011822916666666667,0.13045062810563074,0.0007809082667032878,7.918211277814804e-05,-150.57791666666665,17.935361045408374,136.265,23.330048482747685,0.6376679687500001,0.6679244791666668,0.0,0.023333333333333334,0.015689089517971308,0.01127815540315254,8.960299568983547e-06,0.014761878229537364,0.015689089517971308
hopfield,64,0.25,0.36666666666666664,0.624375,0.13123780601102958,0.0033333333333333335,0.057735026918962574,0.375625,0.13123780601102955,0.6266145833333333,0.3733854166666667,-0.0022395833333333334,0.12350444644647371,0.0007915576299031575,8.749606244713881e-05,-150.52083333333334,17.485023552581687,141.58916666666667,22.523393805863325,0.6088880208333333,0.63823046875,0.0,0.013333333333333334,0.014850955795151466,0.006533333333333332,9.901111540550028e-06,0.013975843778789514,0.014850955795151463
hopfield,64,0.25,0.4,0.5982291666666667,0.1372586513778486,0.0033333333333333335,0.05773502691896258,0.40177083333333335,0.13725865137784857,0.5941666666666666,0.4058333333333333,0.0040625,0.13227954126789024,0.0007678135236104329,8.715212515717771e-05,-151.17791666666668,16.836749409510478,145.64916666666667,21.449034428117056,0.5828645833333334,0.6118411458333334,0.0,0.013333333333333334,0.01553227858703475,0.006533333333333333,9.862191372309121e-06,0.01496883923682214,0.015532278587034749
hopfield,64,0.25,0.43333333333333335,0.5665625,0.1341003064602231,0.0,0.0,0.4334375,0.1341003064602231,0.5649479166666667,0.43505208333333334,0.0016145833333333333,0.13236616752564762,0.0007847619056701661,8.256639104120747e-05,-151.85916666666665,15.175490965997968,148.4425,19.61776851619938,0.5512434895833334,0.5812109375,0.0,0.0,0.015174878214511339,0.0,9.343266706356778e-06,0.014978641920696222,0.015174878214511339
hopfield,64,0.25,0.4666666666666667,0.5366145833333333,0.14020234662589545,0.0,0.0,0.46338541666666666,0.14020234662589545,0.5328125,0.4671875,0.0038020833333333335,0.1348941317583999,0.0007794562975565592,8.198488496107246e-05,-150.69083333333333,14.993321371800265,148.77333333333334,19.692989488789514,0.5236744791666667,0.5523203125,0.0,0.0,0.01586538906283368,0.0,9.277463098744114e-06,0.01526470800343135,0.01586538906283368
hopfield,64,0.25,0.5,0.4984375,0.14647797331329343,0.0,0.0,0.5015625,0.1464779733132934,0.5002604166666667,0.49973958333333335,-0.0018229166666666667,0.13440804173306786,0.0007686376571655274,8.343186024466341e-05,-150.71083333333334,15.999197413155,150.3025,20.729181087987893,0.4813463541666667,0.5136614583333333,0.0,0.0,0.016575543075265032,0.0,9.441203766364538e-06,0.015209701738864085,0.01657554307526503
hopfield,64,0.5,0.0,0.73265625,0.1054694564419547,0.0,0.0,0.26734375,0.10546945644195467,1.0,0.0,-0.26734375,0.10546945644195467,0.0007974020640055338,8.252262858911359e-05,-91.119375,10.186106949968455,28.584583333333335,12.143825326267885,0.7212434895833333,0.7435611979166666,0.0,0.0,0.011934992537337026,0.0,9.338314518711406e-06,0.011934992537337022,0.011934992537337022
hopfield,64,0.5,0.03333333333333333,0.7208333333333333,0.10053594536245215,0.0,0.0,0.2791666666666667,0.10053594536245218,0.965625,0.034375,-0.24479166666666666,0.10293569623761216,0.0008020726839701335,8.26232815934127e-05,-92.03354166666666,10.501197249106697,37.66416666666667,12.718809286687415,0.7102513020833333,0.7312604166666666,0.0,0.0,0.01137671320317607,0.0,9.349704478380265e-06,0.011648270578673356,0.011376713203176072
hopfield,64,0.5,0.06666666666666667,0.71328125,0.10188958778181734,0.0,0.0,0.28671875,0.10188958778181734,0.9315104166666667,0.06848958333333334,-0.21822916666666667,0.103887149363215,0.0007898831367492676,8.012488408733618e-05,-92.28416666666666,9.986625113591694,45.24625,14.330492626466969,0.7008815104166667,0.724484375,0.0,0.0,0.011529892262956639,0.0,9.066984185735776e-06,0.011755937635438226,0.011529892262956639
hopfield,64,0.5,0.1,0.70796875,0.10088256449498324,0.0,0.0,0.29203125,0.1008825644949832,0.8978125,0.1021875,-0.18984375,0.10255257702288262,0.0008118065198262532,7.977923868508332e-05,-92.38458333333334,10.16338808629769,52.01583333333333,14.20650153127372,0.6965494791666667,0.7187005208333334,0.0,0.0,0.011415936850472796,0.0,9.027870726392945e-06,0.011604916558249218,0.011415936850472791
hopfield,64,0.5,0.13333333333333333,0.69625,0.10435083357305441,0.0,0.0,0.30375,0.1043508335730544,0.8665104166666666,0.13348958333333333,-0.17026041666666666,0.10417806253857236,0.0007947452863057454,8.182879762068074e-05,-92.70541666666666,10.11107143200293,58.86333333333334,15.030514159821152,0.6852994791666667,0.70766796875,0.0,0.0,0.0118084084432987,0.0,9.259800153417632e-06,0.011788857560258489,0.011808408443298698
hopfield,64,0.5,0.16666666666666666,0.6833333333333333,0.1023868999016008,0.0,0.0,0.31666666666666665,0.10238689990160077,0.8309895833333333,0.16901041666666666,-0.14765625,0.1066354302266351,0.0008161036173502604,7.73622277711314e-05,-92.26791666666666,9.329556350135668,64.335,13.524108443713557,0.6714947916666667,0.6974479166666666,0.0,0.0,0.011586168427057375,0.0,8.754360193639283e-06,0.012066934891913869,0.011586168427057371
hopfield,64,0.5,0.2,0.67546875,0.10627831519469488,0.0,0.0,0.32453125,0.10627831519469488,0.79703125,0.20296875,-0.1215625,0.11210490707465662,0.0007927584648132325,8.597569646044042e-05,-92.43395833333334,9.0814910551653,69.71541666666667,13.737444930570497,0.6644648437499999,0.6874205729166667,0.0,0.0,0.012026523521788688,0.0,9.72906593305936e-06,0.012685864462298071,0.012026523521788688
hopfield,64,0.5,0.23333333333333334,0.6620833333333334,0.10578954591058981,0.0,0.0,0.33791666666666664,0.10578954591058977,0.7626041666666666,0.23739583333333333,-0.10052083333333334,0.11050637184509671,0.000795598030090332,7.95348924870639e-05,-92.28416666666666,9.230729629641457,74.49083333333333,13.874305826940933,0.6504635416666668,0.6741783854166667,0.0,0.0,0.01197121407054975,0.0,9.000220351125359e-06,0.01250497317225935,0.011971214070549746
hopfield,64,0.5,0.26666666666666666,0.6440625,0.10634110421297169,0.0,0.0,0.3559375,0.10634110421297172,0.7320833333333333,0.2679166666666667,-0.08802083333333334,0.10787411850136731,0.0008023516337076823,7.77456919917138e-05,-92.474375,9.371851875276054,78.38416666666667,14.015065179256863,0.63253515625,0.6539427083333333,0.0,0.0,0.012033628768083124,0.0,8.797753255150939e-06,0.012207105665650168,0.012033628768083128
hopfield,64,0.5,0.3,0.62265625,0.11629748424475783,0.0,0.0,0.37734375,0.11629748424475782,0.6988541666666667,0.30114583333333333,-0.07619791666666667,0.11716550332388875,0.0007980736096700032,8.73509723929814e-05,-92.450625,9.640379772727652,82.14666666666666,13.576880268122666,0.6073932291666667,0.63475390625,0.0,0.0,0.013160299231618289,0.0,9.884693055312422e-06,0.01325852483722189,0.013160299231618287
hopfield,64,0.5,0.3333333333333333,0.6119270833333333,0.11515002277199528,0.0,0.0,0.38807291666666666,0.11515002277199524,0.66640625,0.33359375,-0.05447916666666667,0.11376588096780227,0.0008063085873921712,7.733035118362083e-05,-91.96208333333334,9.919058388144192,84.35333333333334,13.1594943809948,0.5970820312499999,0.6226171875,0.0,0.0,0.013030451742342188,0.0,8.750753018188788e-06,0.012873821352265688,0.013030451742342184
hopfield,64,0.5,0.36666666666666664,0.5864583333333333,0.12683728488373527,0.0,0.0,0.41354166666666664,0.12683728488373525,0.633125,0.366875,-0.04666666666666667,0.12171003149127677,0.0007882841428120931,8.505160268922327e-05,-92.27083333333333,10.250893862104386,87.93958333333333,13.49981209740614,0.5728333333333333,0.5984466145833333,0.0,0.0,0.014352989951897538,0.0,9.624494878695902e-06,0.013772786611135027,0.014352989951897535
hopfield,64,0.5,0.4,0.5600520833333333,0.12433730540803174,0.0,0.0,0.43994791666666666,0.12433730540803171,0.5988541666666667,0.4011458333333333,-0.038802083333333334,0.11468077989357989,0.0008004538218180339,8.870857063351301e-05,-91.69416666666666,9.439535807430087,89.19125,12.569744246492874,0.54373046875,0.5734153645833334,0.0,0.0,0.014070090642537407,0.0,1.003831975839839e-05,0.012977351911917174,0.014070090642537404
hopfield,64,0.5,0.43333333333333335,0.5371354166666666,0.12350312418120492,0.0,0.0,0.46286458333333336,0.12350312418120486,0.56609375,0.43390625,-0.028958333333333332,0.11721814212912136,0.0008056815465291342,8.317389065930156e-05,-91.495625,9.573651695032625,90.47541666666666,12.338199048575248,0.5238932291666667,0.54833984375,0.0,0.0,0.013975694150388573,0.0,9.412011759692465e-06,0.013264481478782581,0.013975694150388566
hopfield,64,0.5,0.4666666666666667,0.51125,0.11713777512486737,0.0,0.0,0.48875,0.11713777512486741,0.5352604166666667,0.4647395833333333,-0.024010416666666666,0.11612304556711524,0.0007841833432515463,8.092062152387561e-05,-92.34958333333333,9.809069300645794,92.3425,11.800591380935083,0.49821875,0.523296875,0.0,0.0,0.013255387096120739,0.0,9.157030353481075e-06,0.013140559636989459,0.013255387096120744
hopfield,64,0.5,0.5,0.49203125,0.12031677553971881,0.0,0.0,0.50796875,0.12031677553971885,0.5026041666666666,0.4973958333333333,-0.010572916666666666,0.11393331018616241,0.0007983660697937012,8.210921688854456e-05,-92.97645833333333,9.72085733712101,93.25,12.21640674034247,0.47882421875000003,0.5042500000000001,0.0,0.0,0.013615124858193349,0.0,9.29153258081591e-06,0.012892767751906615,0.013615124858193352
hopfield,64,0.75,0.0,0.7027083333333334,0.0807804695026327,0.0,0.0,0.2972916666666667,0.08078046950263273,1.0,0.0,-0.2972916666666667,0.08078046950263273,0.000829330285390218,8.151944152950644e-05,-70.12375,7.006680272007012,28.41972222222222,8.469040768533404,0.6939895833333333,0.7110455729166667,0.0,0.0,0.00914117065927143,0.0,9.224793216204705e-06,0.009141170659271433,0.009141170659271433
hopfield,64,0.75,0.03333333333333333,0.6928125,0.08349206680566486,0.0,0.0,0.3071875,0.08349206680566489,0.9672395833333334,0.03276041666666667,-0.2744270833333333,0.08259967973434953,0.0008243378003438314,8.505617750125037e-05,-70.43194444444444,7.155240165965921,33.853611111111114,10.056248850750585,0.6840494791666667,0.7016302083333333,0.0,0.0,0.009448016780107968,0.0,9.625012567411149e-06,0.0093470336766023,0.009448016780107971
hopfield,64,0.75,0.06666666666666667,0.68921875,0.08234014494513665,0.0,0.0,0.31078125,0.08234014494513667,0.9338020833333334,0.06619791666666666,-0.24458333333333335,0.08602864896084897,0.0008153502146402995,8.167650243820563e-05,-70.31125,7.2526243063949005,38.74527777777778,9.887008004093495,0.68043359375,0.6974505208333333,0.0,0.0,0.00931766455044074,0.0,9.242566331156368e-06,0.00973505807257093,0.009317664550440741
hopfield,64,0.75,0.1,0.6886979166666667,0.08428978042358343,0.0,0.0,0.3113020833333333,0.08428978042358339,0.9017708333333333,0.09822916666666667,-0.21307291666666667,0.08913987475862302,0.0008285721143086751,8.835498764080441e-05,-70.4513888888889,7.284216079908562,43.05083333333334,10.61183318643566,0.6785143229166667,0.6989635416666666,0.0,0.0,0.009538286573828107,0.0,9.998308076138239e-06,0.010087126414734422,0.009538286573828101
hopfield,64,0.75,0.13333333333333333,0.6711458333333333,0.09022310744590994,0.0,0.0,0.32885416666666667,0.09022310744590992,0.8682291666666667,0.13177083333333334,-0.19708333333333333,0.09547237959101816,0.0008449308077494303,8.762298177621261e-05,-70.84013888888889,7.117077713331375,47.706944444444446,11.006417797615265,0.6605638020833333,0.6805924479166666,0.0,0.0,0.010209705732720042,0.0,9.915473814676027e-06,0.010803716795181498,0.01020970573272004
hopfield,64,0.75,0.16666666666666666,0.6586458333333334,0.08653494376133926,0.0,0.0,0.3413541666666667,0.08653494376133927,0.8363541666666666,0.16364583333333332,-0.17770833333333333,0.09498810837677993,0.0008432507514953613,9.32344413667048e-05,-70.58638888888889,7.015617691874202,51.431111111111115,10.693240252270519,0.650140625,0.6678151041666667,0.0,0.0,0.009792350722683996,0.0,1.0550470244879032e-05,0.010748916348464858,0.009792350722683998
hopfield,64,0.75,0.2,0.6558854166666667,0.09335215833585706,0.0,0.0,0.34411458333333333,0.09335215833585711,0.80328125,0.19671875,-0.14739583333333334,0.10101803128958858,0.0008218733469645182,9.012521573634904e-05,-70.29694444444443,7.333257791788551,54.73555555555556,10.932864308444962,0.6448424479166667,0.6657981770833333,0.0,0.0,0.010563791173949368,0.0,1.0198628242966226e-05,0.0114312663613778,0.010563791173949375
hopfield,64,0.75,0.23333333333333334,0.6395833333333333,0.09839334769667485,0.0,0.0,0.36041666666666666,0.09839334769667486,0.7709895833333333,0.22901041666666666,-0.13140625,0.10207501889359571,0.0008164636294047037,8.602606613109202e-05,-70.71708333333333,7.1265322214681115,58.25222222222223,10.895209395035721,0.6298919270833333,0.6508424479166667,0.0,0.0,0.011134255452712157,0.0,9.734765797869662e-06,0.011550875768607709,0.011134255452712159
hopfield,64,0.75,0.26666666666666666,0.6290625,0.09764802431912328,0.0,0.0,0.3709375,0.09764802431912327,0.73765625,0.26234375,-0.10859375,0.10200972411114352,0.0008216555913289389,8.290242820531199e-05,-70.67902777777778,7.260645750112556,60.98055555555556,10.693447327398093,0.6180677083333334,0.6412174479166667,0.0,0.0,0.011049914172790266,0.0,9.381292891198857e-06,0.011543486968403521,0.011049914172790264
hopfield,64,0.75,0.3,0.6158854166666666,0.1051886228114665,0.0,0.0,0.3841145833333333,0.10518862281146646,0.7077604166666667,0.29223958333333333,-0.091875,0.10861341998114232,0.0008304365475972494,8.583972260855839e-05,-70.14055555555557,7.218118960582581,62.59916666666667,10.236691800616548,0.6044700520833334,0.6276588541666667,0.0,0.0,0.011903213220393692,0.0,9.71367904322194e-06,0.012290765503688805,0.011903213220393687
hopfield,64,0.75,0.3333333333333333,0.5988020833333333,0.10386344960631469,0.0,0.0,0.40119791666666665,0.10386344960631473,0.6741145833333333,0.32588541666666665,-0.0753125,0.11105406136834746,0.0008293708165486653,8.119414863592827e-05,-70.10027777777778,6.732453239547447,64.72777777777777,9.681703536913725,0.5886263020833333,0.6129244791666667,0.0,0.0,0.011753255755477107,0.0,9.187982860028831e-06,0.012566950076220858,0.011753255755477112
hopfield,64,0.75,0.36666666666666664,0.5872916666666667,0.10656073405903115,0.0,0.0,0.41270833333333334,0.1065607340590311,0.6380208333333334,0.3619791666666667,-0.050729166666666665,0.11435575542783344,0.0008222802480061849,0.00010056055357579118,-70.34444444444443,7.046620490485178,67.18555555555555,9.81508541844321,0.5733723958333333,0.59990234375,0.0,0.0,0.012058482224829047,0.0,1.13794978846608e-05,0.012940571931209956,0.012058482224829043
hopfield,64,0.75,0.4,0.55734375,0.11107630042260475,0.0,0.0,0.44265625,0.11107630042260476,0.6014583333333333,0.3985416666666667,-0.04411458333333333,0.11778826868315159,0.0008165629704793294,7.977660444370589e-05,-70.49458333333334,7.1271066671482455,68.7525,9.713241136322738,0.5441080729166666,0.56963671875,0.0,0.0,0.012569466662117402,0.0,9.027572633919146e-06,0.013328997371793116,0.012569466662117404
hopfield,64,0.75,0.43333333333333335,0.5458333333333333,0.10639939248161653,0.0,0.0,0.45416666666666666,0.10639939248161653,0.5652083333333333,0.4347916666666667,-0.019375,0.11371481548168402,0.0008245285352071126,8.740414147060112e-05,-70.3075,7.085205618514768,69.77055555555556,9.472114978071684,0.533359375,0.5580859375,0.0,0.0,0.012040224706611292,0.0,9.890709702842577e-06,0.012868042748522981,0.012040224706611292
hopfield,64,0.75,0.4666666666666667,0.5172916666666667,0.10874454986407066,0.0,0.0,0.48270833333333335,0.10874454986407067,0.5315104166666667,0.46848958333333335,-0.01421875,0.11777070597268735,0.0008219234148661295,9.154259807213556e-05,-70.89319444444445,6.67564795171374,70.88444444444444,9.350543967520926,0.5062291666666666,0.5290143229166667,0.0,0.0,0.012305604246837472,0.0,1.0359020153295975e-05,0.013327009964012726,0.012305604246837472
hopfield,64,0.75,0.5,0.49411458333333336,0.10774828237886229,0.0,0.0,0.5058854166666666,0.10774828237886225,0.5000520833333333,0.49994791666666666,-0.0059375,0.11332626361749366,0.00081435759862264,8.48806415157702e-05,-70.94166666666666,6.909553467162005,71.05972222222222,9.676419988162758,0.48509244791666667,0.5059609375,0.0,0.0,0.012192865967886565,0.0,9.605148800711136e-06,0.012824073965939634,0.01219286596788656
hopfield,64,1.0,0.0,0.7,0.08238292341398258,0.0,0.0,0.3,0.08238292341398253,1.0,0.0,-0.3,0.08238292341398253,0.000854801336924235,8.105947275051655e-05,-58.006458333333335,5.867965257293185,25.585833333333333,7.960971461506777,0.6923828125,0.7088111979166667,0.0,0.0,0.009322505389899469,0.0,9.172742848924452e-06,0.009322505389899462,0.009322505389899462
hopfield,64,1.0,0.03333333333333333,0.68671875,0.08226514224922438,0.0,0.0,0.31328125,0.08226514224922439,0.96625,0.03375,-0.27953125,0.08157300288608772,0.0008580621083577474,8.7156334843268e-05,-58.4628125,5.539983153171754,30.417708333333334,7.9377780847143296,0.6782265625,0.6966848958333334,0.0,0.0,0.00930917719641246,0.0,9.86266774313502e-06,0.009230854254278217,0.009309177196412461
hopfield,64,1.0,0.06666666666666667,0.67890625,0.0844881970919429,0.0,0.0,0.32109375,0.08448819709194288,0.9309375,0.0690625,-0.25203125,0.08411859692829396,0.0008545581499735514,8.293850435865275e-05,-58.271770833333335,6.095853979426172,34.34125,8.607683497694854,0.6695208333333333,0.6891171875,0.0,0.0,0.00956073953353836,0.0,9.38537529226001e-06,0.00951891533775921,0.009560739533538358
hopfield,64,1.0,0.1,0.6760416666666667,0.08506808170895255,0.0,0.0,0.32395833333333335,0.08506808170895257,0.9001041666666667,0.09989583333333334,-0.2240625,0.08773614664250755,0.0008558773994445801,9.265513958707454e-05,-58.47239583333333,5.927180048763422,37.845625,8.784689009874455,0.6662356770833333,0.6842278645833333,0.0,0.0,0.00962635965532533,0.0,1.0484916077350367e-05,0.009928279624815592,0.009626359655325331
hopfield,64,1.0,0.13333333333333333,0.6603645833333334,0.08973694104922803,0.0,0.0,0.3396354166666667,0.08973694104922803,0.8676041666666666,0.13239583333333332,-0.20723958333333334,0.0957501443334472,0.0008543618520100912,8.731893510905979e-05,-58.43541666666667,5.747010508975352,41.235625,9.197895946702317,0.6508268229166667,0.669078125,0.0,0.0,0.010154690825920973,0.0,9.881067695351157e-06,0.010835148834748806,0.010154690825920973
hopfield,64,1.0,0.16666666666666666,0.6483333333333333,0.09036616585403756,0.0,0.0,0.3516666666666667,0.09036616585403755,0.8291145833333333,0.17088541666666668,-0.18078125,0.09474428328173365,0.0008449920018513997,8.508118060402315e-05,-58.47802083333333,5.745314395643657,44.80229166666667,9.201308359186386,0.6374960937499999,0.6579322916666667,0.0,0.0,0.010225894315566739,0.0,9.62784193484197e-06,0.010721324941549867,0.010225894315566737
hopfield,64,1.0,0.2,0.6353645833333333,0.09280018376742188,0.0,0.0,0.36463541666666666,0.09280018376742193,0.7974479166666667,0.20255208333333333,-0.16208333333333333,0.09600559048515647,0.0008424631754557292,8.037264603056904e-05,-58.2953125,5.877851304216846,47.238958333333336,8.752877898580296,0.6239401041666666,0.644546875,0.0,0.0,0.01050132937147768,0.0,9.095021088961381e-06,0.010864055288021555,0.010501329371477686
hopfield,64,1.0,0.23333333333333334,0.6213020833333334,0.09354159470100497,0.0,0.0,0.3786979166666667,0.09354159470100495,0.76546875,0.23453125,-0.14416666666666667,0.09830999477399932,0.0008544770876566569,8.842788759710425e-05,-58.367916666666666,5.451714863729295,49.665625,8.236432172365342,0.6124466145833333,0.6321380208333333,0.0,0.0,0.010585227916686209,0.0,1.0006557482779389e-05,0.011124823181572645,0.010585227916686207
hopfield,64,1.0,0.26666666666666666,0.6110416666666667,0.09305319830400369,0.0,0.0,0.38895833333333335,0.09305319830400373,0.7334895833333334,0.2665104166666667,-0.12244791666666667,0.09497439666553824,0.0008404334386189779,8.075619873712078e-05,-58.01416666666667,5.531677298493754,51.11020833333333,8.279815413908205,0.6003072916666667,0.6217200520833334,0.0,0.0,0.010529960661595342,0.0,9.138424163603087e-06,0.010747364722270275,0.010529960661595346
hopfield,64,1.0,0.3,0.5965625,0.09724817540266327,0.0,0.0,0.4034375,0.0972481754026633,0.69921875,0.30078125,-0.10265625,0.09773916839296305,0.0008573714892069499,8.459679123680528e-05,-57.824375,5.895774185396886,52.79604166666667,8.548137501423419,0.5846875,0.6065768229166667,0.0,0.0,0.011004667008397804,0.0,9.573028117857026e-06,0.011060228095681286,0.011004667008397808
hopfield,64,1.0,0.3333333333333333,0.5814583333333333,0.10011957646581683,0.0,0.0,0.41854166666666665,0.10011957646581679,0.6667708333333333,0.3332291666666667,-0.0853125,0.101481146668633,0.0008562787373860677,8.305379411395891e-05,-58.268541666666664,6.041335497449196,54.765625,8.571505872557395,0.5705729166666668,0.5923033854166667,0.0,0.0,0.01132959662704337,0.0,9.39842155622713e-06,0.011483672799974202,0.011329596627043366
hopfield,64,1.0,0.36666666666666664,0.5619270833333333,0.10041376120020085,0.0,0.0,0.43807291666666665,0.10041376120020085,0.630625,0.369375,-0.06869791666666666,0.10315412022133931,0.0008508046468098958,8.948950393642259e-05,-58.2778125,5.750591663907469,55.94104166666666,7.987922691403776,0.55369140625,0.5721393229166667,0.0,0.0,0.011362886763618636,0.0,1.0126690680718572e-05,0.011672987579250615,0.011362886763618636
hopfield,64,1.0,0.4,0.5453645833333334,0.0989953513244734,0.0,0.0,0.4546354166666667,0.09899535132447342,0.5963541666666666,0.4036458333333333,-0.05098958333333333,0.0983830984320989,0.0008417526880900065,8.612806769572665e-05,-58.102291666666666,5.481252010057228,57.02583333333333,8.318188816654782,0.5341627604166667,0.5575208333333334,0.0,0.0,0.011202378576198433,0.0,9.746308361506378e-06,0.011133095639242422,0.011202378576198435
hopfield,64,1.0,0.43333333333333335,0.5221354166666666,0.10360873873319112,0.0,0.0,0.4778645833333333,0.10360873873319115,0.56734375,0.43265625,-0.045208333333333336,0.09858369867887008,0.0008601729075113933,8.535691940472504e-05,-58.013645833333335,5.270054031681948,57.57416666666666,7.948558175067372,0.5110885416666667,0.53391015625,0.0,0.0,0.011724432506809076,0.0,9.659044717520978e-06,0.0111557956941111,0.011724432506809079
hopfield,64,1.0,0.4666666666666667,0.5108333333333334,0.10685548670526449,0.0,0.0,0.4891666666666667,0.10685548670526453,0.5334375,0.4665625,-0.022604166666666668,0.10402256267009448,0.0008439191182454427,8.197430783736794e-05,-58.31010416666667,5.7311852608999505,58.05875,8.187260585230462,0.49885286458333333,0.52287109375,0.0,0.0,0.012091836626679894,0.0,9.276266184521374e-06,0.011771261093637256,0.012091836626679897
hopfield,64,1.0,0.5,0.49864583333333334,0.10427970803403912,0.0,0.0,0.5013541666666667,0.10427970803403912,0.4996875,0.5003125,-0.0010416666666666667,0.10144149864682898,0.0008505574862162272,9.662041582186915e-05,-58.5540625,5.504595889853075,58.335,7.947634058243106,0.4867109375,0.5089739583333333,0.0,0.0,0.01180035983087574,0.0,1.0933629324458065e-05,0.01147918620394617,0.01180035983087574
hopfield,96,0.1,0.0,0.9996875,0.004846698187843262,0.9933333333333333,0.08151300584956361,0.0003125,0.004846698187843256,1.0,0.0,-0.0003125,0.004846698187843256,0.0011759074529012045,0.00011130346274031268,-505.6629629629629,20.42977240264583,0.05851851851851923,0.883315551232008,0.9990963541666665,1.0,0.98,1.0,0.0005484555306727069,0.009224064950461413,1.2595172498271972e-05,0.0005484555306727062,0.0005484555306727062
hopfield,96,0.1,0.03333333333333333,0.9990625,0.01184424129633958,0.99,0.09966499068325332,0.0009375,0.011844241296339588,0.9669097222222223,0.03309027777777778,0.03215277777777778,0.021245117516050117,0.0011849172910054525,0.00011897457596234791,-505.6422222222222,20.246563769726603,64.10074074074075,35.23431700938955,0.997595486111111,1.0,0.9766666666666667,1.0,0.0013403020765545533,0.011278155403152537,1.3463240677882295e-05,0.0024041113661039263,0.0013403020765545544
hopfield,96,0.1,0.06666666666666667,0.9987847222222223,0.012591935158118501,0.9866666666666667,0.11488931224930927,0.0012152777777777778,0.012591935158118489,0.932326388888889,0.0676736111111111,0.06645833333333333,0.028604583531256944,0.0011939398447672527,0.00011718919003545947,-505.39407407407407,20.10294159400391,127.1125925925926,45.79213115864433,0.9972907986111111,1.0,0.9733333333333334,0.9966666666666667,0.0014249116020189736,0.013000949569413335,1.3261205240964998e-05,0.0032369133443583527,0.0014249116020189723
hopfield,96,0.1,0.1,0.9982986111111111,0.013750251608003899,0.9733333333333334,0.16137646493112862,0.0017013888888888888,0.0137502516080039,0.8955555555555557,0.10444444444444444,0.10274305555555556,0.03263822794186763,0.0012012139956156414,0.00011634215306506788,-506.1614814814815,20.940903111496755,190.6037037037037,51.086257212526526,0.9966640625000001,0.9994809027777778,0.9566666666666667,0.99,0.0015559874475920023,0.01826146611189603,1.3165353984482646e-05,0.00369336317886949,0.0015559874475920025
hopfield,96,0.1,0.13333333333333333,0.9947916666666666,0.03610952548472593,0.96,0.1962865968262873,0.005208333333333333,0.03610952548472592,0.8632291666666667,0.13677083333333334,0.1315625,0.04758641981342584,0.0011683781941731772,0.00011306291974924588,-506.8962962962963,20.883597401640817,239.3962962962963,52.83520772461425,0.991037326388889,0.9982291666666666,0.9366666666666666,0.9800833333333333,0.004086177474747568,0.022211919425130608,1.2794273801908063e-05,0.005384910328654182,0.0040861774747475675
hopfield,96,0.1,0.16666666666666666,0.9928472222222223,0.04034153755418658,0.94,0.23788364542889828,0.007152777777777778,0.040341537554186596,0.8298958333333334,0.17010416666666667,0.16295138888888888,0.050375557448937645,0.0012104129791259766,0.00011483539985619619,-506.5659259259259,20.69787164243516,286.93703703703704,53.858750500141596,0.987890625,0.9973289930555556,0.9165833333333333,0.9633333333333334,0.004565074723020871,0.026919068597940042,1.2994848807816742e-05,0.005700530964129434,0.004565074723020873
hopfield,96,0.1,0.2,0.9795138888888889,0.07482925902351083,0.8933333333333333,0.30920475550187143,0.02048611111111111,0.07482925902351084,0.7990625,0.2009375,0.18045138888888887,0.07452302855208665,0.0011941997210184734,0.0001184228412622783,-507.42,22.791683023913663,327.2051851851852,53.70689075573336,0.9710963541666668,0.987453125,0.8532500000000001,0.9266666666666666,0.008467727796734903,0.034989811969448704,1.3400806019071433e-05,0.008433074556693183,0.008467727796734905
hopfield,96,0.1,0.23333333333333334,0.9675,0.09424548550706041,0.8433333333333334,0.36409353546046747,0.0325,0.09424548550706041,0.7682986111111112,0.23170138888888892,0.1992013888888889,0.09003266765870029,0.0011757866541544596,0.00011833981209829315,-508.6696296296296,25.03523079056565,363.3562962962963,54.14599761410747,0.9550555555555557,0.9779201388888888,0.8,0.8801666666666668,0.010664880659772025,0.04120106213882747,1.3391410384676658e-05,0.0101881554420877,0.010664880659772025
hopfield,96,0.1,0.26666666666666666,0.94625,0.12306944712058743,0.7666666666666667,0.42365927286816174,0.05375,0.12306944712058744,0.7332638888888888,0.2667361111111111,0.21298611111111113,0.11386076690304607,0.001187607447306315,0.00011657110701151035,-507.3385185185185,25.578907259299022,397.2148148148148,51.037703843532775,0.9344383680555555,0.9589644097222223,0.7199166666666666,0.8100833333333334,0.013926618971121553,0.047941559866082395,1.319126256251432e-05,0.012884558706635732,0.013926618971121555
hopfield,96,0.1,0.3,0.9075347222222223,0.154894056926533,0.65,0.4777665429529545,0.09246527777777777,0.15489405692653296,0.6979166666666666,0.3020833333333333,0.20961805555555554,0.1398249085035013,0.0011752200126647948,0.00011523196992910322,-506.4296296296296,30.095507486339937,426.40074074074073,48.863669378909954,0.8912447916666667,0.9232552083333333,0.6030000000000001,0.7000833333333333,0.01752791259063178,0.054064373868002294,1.3039724936132445e-05,0.015822677918526606,0.017527912590631776
hopfield,96,0.1,0.3333333333333333,0.8522916666666667,0.1905337607035977,0.5266666666666666,0.5001226159575232,0.14770833333333333,0.19053376070359765,0.6645138888888888,0.3354861111111111,0.1877777777777778,0.1734168459755383,0.0011944365501403808,0.0001247067791374224,-509.1674074074074,33.714639955074816,453.2622222222222,49.3332116061049,0.833915798611111,0.8717760416666667,0.46991666666666665,0.5933333333333334,0.021560924734259034,0.056594201682375576,1.4111900530933356e-05,0.01962396349037461,0.02156092473425903
hopfield,96,0.1,0.36666666666666664,0.78125,0.2057003348091998,0.3566666666666667,0.4798155535623628,0.21875,0.20570033480919978,0.6327430555555555,0.36725694444444446,0.14850694444444446,0.1901915280157936,0.0012014023462931316,0.0001262262826937213,-509.3274074074074,38.96746489037918,473.38444444444445,52.2267416310181,0.759474826388889,0.8027586805555555,0.29333333333333333,0.4168333333333334,0.02327718416019958,0.05429624124607749,1.4283848545237053e-05,0.021522197459910915,0.023277184160199575
hopfield,96,0.1,0.4,0.6933680555555555,0.21471364725740508,0.22333333333333333,0.4171758315991677,0.3066319444444444,0.21471364725740505,0.5974305555555556,0.4025694444444444,0.0959375,0.19238512019526707,0.0011939215660095215,0.00011904184543232739,-506.94592592592596,43.05486804771896,487.37851851851855,53.061195011651584,0.6683394097222223,0.7200815972222222,0.18,0.27,0.024297136480378834,0.047207889419944346,1.3470852935016071e-05,0.021770425782831924,0.02429713648037883
hopfield,96,0.1,0.43333333333333335,0.6207291666666667,0.20078523366480824,0.12,0.32550449652428015,0.37927083333333333,0.2007852336648082,0.5626388888888889,0.43736111111111114,0.058090277777777775,0.17861191519973157,0.0011838181813557942,0.00012543929273425256,-504.83407407407407,44.5218162403247,495.82,53.412034973356384,0.6014895833333334,0.6399982638888888,0.08333333333333333,0.15,0.02272098810631307,0.03683430130338244,1.4194792247707086e-05,0.020211840914923767,0.022720988106313064
hopfield,96,0.1,0.4666666666666667,0.5430208333333333,0.1830437979396903,0.03333333333333333,0.179805419417013,0.45697916666666666,0.1830437979396903,0.5268402777777778,0.4731597222222222,0.016180555555555556,0.16008525443041988,0.0011719449361165364,0.00011313863138485281,-503.29925925925926,43.86645527192801,500.53185185185185,52.317319087355344,0.5242664930555556,0.5626597222222223,0.013333333333333334,0.05341666666666669,0.020713355658738445,0.020346898631224537,1.2802841380014958e-05,0.018115351888783757,0.020713355658738445
hopfield,96,0.1,0.5,0.4820833333333333,0.18681017039275521,0.016666666666666666,0.12823299585640943,0.5179166666666667,0.18681017039275516,0.49333333333333335,0.5066666666666667,-0.011249999999999998,0.16136315162956993,0.0011878418922424317,0.00011965615927533348,-505.0466666666667,40.037262816123466,503.7229629629629,46.52456953798909,0.4623828125,0.5048342013888889,0.0033333333333333335,0.03333333333333333,0.021139560824068947,0.014510929516631266,1.3540369090490861e-05,0.018259959570001243,0.02113956082406894
hopfield,96,0.25,0.0,0.8641319444444444,0.12466632097629367,0.21,0.4079887859958013,0.13586805555555556,0.12466632097629368,1.0,0.0,-0.13586805555555556,0.12466632097629368,0.001219946543375651,0.00011598648391943761,-214.10361111111112,29.82973298586583,24.64888888888889,25.16603096103402,0.8515885416666668,0.8780217013888888,0.16325,0.2500833333333334,0.014107322259010513,0.0461682773425208,1.3125106231796118e-05,0.014107322259010513,0.014107322259010513
hopfield,96,0.25,0.03333333333333333,0.8460416666666667,0.12357729240842208,0.15333333333333332,0.36091052943411106,0.15395833333333334,0.12357729240842205,0.9665625,0.0334375,-0.12052083333333333,0.12265771915622886,0.001230165163675944,0.00012885258041574497,-216.36805555555554,28.78070190965402,51.61944444444444,29.5916229795462,0.8319418402777777,0.8600347222222221,0.11666666666666667,0.20666666666666667,0.013984087075394605,0.04084087109914225,1.4581042109806419e-05,0.013880027565914712,0.013984087075394601
hopfield,96,0.25,0.06666666666666667,0.8296180555555556,0.125140488955229,0.12666666666666668,0.33315491323044844,0.17038194444444446,0.12514048895522903,0.9346180555555557,0.06538194444444444,-0.105,0.12456970252012799,0.001223454475402832,0.00011674650913291845,-218.57472222222225,27.533464064001848,75.67722222222223,31.101740534509986,0.8153654513888889,0.8425503472222221,0.09333333333333334,0.16,0.014160979417025278,0.03770002745174737,1.3211111181068556e-05,0.014096388851442028,0.014160979417025281
hopfield,96,0.25,0.1,0.8170138888888888,0.12246842258910216,0.09666666666666666,0.29599707733047437,0.18298611111111113,0.12246842258910216,0.9001041666666667,0.09989583333333334,-0.08309027777777778,0.12094649997231194,0.001233201026916504,0.00012701421330443792,-219.5086111111111,26.50726194498437,97.7688888888889,32.11033321718599,0.8019427083333333,0.8307300347222222,0.06658333333333333,0.13341666666666668,0.013858606642813206,0.033495222486113994,1.437301128747625e-05,0.013686384886045242,0.013858606642813206
hopfield,96,0.25,0.13333333333333333,0.7972569444444445,0.1242671122712292,0.07333333333333333,0.26111842459139584,0.20274305555555555,0.12426711227122918,0.8643402777777777,0.13565972222222222,-0.06708333333333333,0.12218399963123772,0.0012208247184753418,0.00011585381256365001,-222.25194444444443,25.79787675225307,120.65388888888889,33.71135597689694,0.7829392361111112,0.8106293402777778,0.04658333333333334,0.10341666666666668,0.014062147541357478,0.029548331374729817,1.3110093054572482e-05,0.013826421155241004,0.014062147541357475
hopfield,96,0.25,0.16666666666666666,0.7713194444444444,0.12344193801242184,0.04,0.19628659682628735,0.22868055555555558,0.12344193801242183,0.8346875,0.1653125,-0.06336805555555557,0.11941568077537836,0.0012201189994812012,0.0001249421683660759,-225.15277777777777,24.575542794952522,138.82555555555555,35.07527519512321,0.7585789930555555,0.7823194444444445,0.02,0.06333333333333334,0.013968770283589125,0.022211919425130615,1.4138537329700734e-05,0.013513156386460912,0.013968770283589123
hopfield,96,0.25,0.2,0.75375,0.12570511363733183,0.02666666666666667,0.1613764649311286,0.24625,0.1257051136373318,0.7998611111111111,0.2001388888888889,-0.04611111111111111,0.12295596670322749,0.001247111161549886,0.00011504294626866378,-225.81472222222223,24.988752596575075,156.89111111111112,34.182685081349916,0.7410572916666666,0.7654522569444444,0.01,0.04666666666666667,0.014224872714617101,0.018261466111896028,1.3018334895329814e-05,0.013913777453017494,0.014224872714617098
hopfield,96,0.25,0.23333333333333334,0.7259722222222222,0.12384468577005818,0.02,0.1402339182917774,0.27402777777777776,0.12384468577005821,0.7688194444444445,0.23118055555555558,-0.04284722222222222,0.11862786034864684,0.0012291797002156575,0.00011974502998428025,-229.88972222222225,23.465971966157444,174.62388888888887,33.469783758057034,0.7134696180555556,0.7379001736111112,0.006666666666666667,0.033416666666666685,0.01401434548274135,0.015868961733153636,1.3550425757926624e-05,0.013424006112713393,0.014014345482741353
hopfield,96,0.25,0.26666666666666666,0.6970833333333334,0.1201928929751636,0.0,0.0,0.30291666666666667,0.12019289297516358,0.7342708333333333,0.2657291666666667,-0.0371875,0.11617879620208592,0.001241166591644287,0.0001175949227907078,-230.09222222222223,21.604305562276075,187.935,30.723962171929873,0.6845434027777778,0.7109305555555555,0.0,0.0,0.013601106226322553,0.0,1.3307118224395487e-05,0.013146868415234589,0.013601106226322551
hopfield,96,0.25,0.3,0.6778125,0.11877672167516995,0.0033333333333333335,0.05773502691896259,0.3221875,0.11877672167516996,0.7014930555555555,0.2985069444444444,-0.023680555555555555,0.11461276268130594,0.001254107157389323,0.00012022738190983049,-231.41805555555558,21.60210823914982,200.35666666666665,30.120018997458878,0.6633116319444444,0.6905833333333332,0.0,0.01,0.013440851357593642,0.006533333333333334,1.3605009016682494e-05,0.012969655039777258,0.013440851357593644
hopfield,96,0.25,0.3333333333333333,0.6402777777777778,0.11674457072762018,0.0,0.0,0.3597222222222222,0.11674457072762019,0.6670138888888889,0.3329861111111111,-0.026736111111111113,0.11067932901791915,0.0012459143002827961,0.00013767613343837563,-232.73694444444442,20.322482367856765,211.9777777777778,28.30847270963652,0.6269366319444444,0.6531458333333333,0.0,0.0,0.013210891829859685,0.0,1.557952112952007e-05,0.012524545118835662,0.013210891829859687
hopfield,96,0.25,0.36666666666666664,0.6079166666666667,0.11351438400187507,0.0,0.0,0.39208333333333334,0.11351438400187512,0.6327430555555555,0.36725694444444446,-0.02482638888888889,0.10835523349908516,0.001245243549346924,0.00011577027924662545,-233.5911111111111,20.953017081344115,220.6488888888889,27.48607732874661,0.5931588541666667,0.6222942708333333,0.0,0.0,0.012845361791433913,0.0,1.310064036989068e-05,0.012261548952845107,0.01284536179143392
hopfield,96,0.25,0.4,0.5847569444444445,0.11305353036215783,0.0,0.0,0.4152430555555556,0.11305353036215779,0.5949305555555555,0.4050694444444444,-0.010173611111111112,0.10884631386376208,0.0012237111727396647,0.00010896397655378615,-234.86166666666668,20.042636942653353,227.9038888888889,25.4182538508151,0.5730121527777777,0.5972977430555556,0.0,0.0,0.012793211292736152,0.0,1.2330434714278898e-05,0.012317119927470139,0.012793211292736147
hopfield,96,0.25,0.43333333333333335,0.5570486111111111,0.1167852382527916,0.0,0.0,0.44295138888888885,0.1167852382527916,0.5633680555555555,0.4366319444444445,-0.006319444444444446,0.10796043484569866,0.0012695860862731933,0.00011796496008541076,-232.39055555555558,20.46922542702971,229.52722222222224,24.785518070938938,0.5453758680555555,0.5714114583333334,0.0,0.0,0.013215493793554266,0.0,1.334899188621005e-05,0.01221687327951866,0.013215493793554266
hopfield,96,0.25,0.4666666666666667,0.5279861111111112,0.125646534186249,0.0,0.0,0.47201388888888884,0.12564653418624894,0.5295833333333333,0.47041666666666665,-0.0015972222222222256,0.11471302750986102,0.0012440236409505209,0.00011447589924202433,-232.88833333333332,20.16973066545651,233.10444444444443,25.06526261712913,0.5146137152777778,0.5418420138888889,0.0,0.0,0.014218243825694176,0.0,1.2954167483649013e-05,0.01298100107322554,0.01421824382569417
hopfield,96,0.25,0.5,0.5019444444444445,0.12098956442444114,0.0,0.0,0.49805555555555553,0.12098956442444118,0.49784722222222216,0.5021527777777778,0.0040972222222222235,0.10994558504974686,0.001235059102376302,0.0001198544255909717,-233.0875,20.86492935720154,232.8288888888889,25.33600251932238,0.4882256944444444,0.5150243055555556,0.0,0.0,0.013691258087558986,0.0,1.3562805036189034e-05,0.012441514172437718,0.013691258087558989
hopfield,96,0.5,0.0,0.7173958333333333,0.08626886534372737,0.0,0.0,0.28260416666666666,0.08626886534372735,1.0,0.0,-0.28260416666666666,0.08626886534372735,0.001345067024230957,0.00011831070461072149,-140.56611111111113,12.289243980833943,44.948055555555555,15.305508929843247,0.7087413194444444,0.7274105902777778,0.0,0.0,0.009762241115261375,0.0,1.3388116562382813e-05,0.009762241115261373,0.009762241115261373
hopfield,96,0.5,0.03333333333333333,0.7190277777777778,0.08459062905015956,0.0,0.0,0.28097222222222223,0.08459062905015956,0.9677777777777777,0.03222222222222222,-0.24875,0.08714309143792527,0.0013256343205769858,0.0001178376990389813,-140.1913888888889,12.964435079808167,56.41916666666667,16.373219853256177,0.7092534722222222,0.7286579861111111,0.0,0.0,0.009572330800793762,0.0,1.3334590943125022e-05,0.009861169110741655,0.009572330800793762
hopfield,96,0.5,0.06666666666666667,0.7120833333333333,0.08443461273419446,0.0,0.0,0.28791666666666665,0.08443461273419443,0.935486111111111,0.0645138888888889,-0.22340277777777776,0.08743923298253056,0.0013217822710673015,0.00011284766656698443,-141.45458333333335,12.403948731387892,68.51555555555557,17.377335631019445,0.7027039930555556,0.7196258680555556,0.0,0.0,0.009554675892637757,0.0,1.2769915611294437e-05,0.00989468068123889,0.009554675892637756
hopfield,96,0.5,0.1,0.6983333333333334,0.08570245783135505,0.0,0.0,0.3016666666666667,0.08570245783135504,0.9008333333333334,0.09916666666666667,-0.2025,0.08880598212907771,0.001326003869374593,0.00012325674952529242,-142.39402777777778,12.306097436727386,80.60972222222223,17.154271182526713,0.6894678819444444,0.7091380208333333,0.0,0.0,0.009698146071432495,0.0,1.3947814233501707e-05,0.010049342906822934,0.009698146071432495
hopfield,96,0.5,0.13333333333333333,0.6949305555555555,0.08650289115435783,0.0,0.0,0.30506944444444445,0.08650289115435787,0.8686805555555556,0.13131944444444446,-0.17375,0.09015118113921326,0.0012995656331380209,0.00012291864696755856,-141.95513888888888,12.802213286050286,89.30055555555556,18.04507573119137,0.6847986111111112,0.7040729166666667,0.0,0.0,0.00978872362875528,0.0,1.3909554327368323e-05,0.010201566504903547,0.009788723628755283
hopfield,96,0.5,0.16666666666666666,0.6788888888888889,0.08321782220989751,0.0,0.0,0.32111111111111107,0.08321782220989753,0.8347916666666667,0.16520833333333335,-0.15590277777777778,0.08554595222505224,0.0013344780604044597,0.00013396142920911537,-142.18986111111113,12.559626931544395,98.6775,18.229965975468552,0.6700251736111111,0.6872282986111111,0.0,0.0,0.009416983082634714,0.0,1.5159162774122308e-05,0.009680435794862486,0.009416983082634715
hopfield,96,0.5,0.2,0.6640625,0.08837243647785185,0.0,0.0,0.3359375,0.08837243647785187,0.8032986111111111,0.19670138888888888,-0.13923611111111112,0.08931887368452157,0.0013107037544250488,0.00012001212751769321,-142.15125,12.625617860840945,106.53277777777777,17.35999872170186,0.6540147569444444,0.6742899305555556,0.0,0.0,0.010000282597928449,0.0,1.3580650689158532e-05,0.01010738205003265,0.01000028259792845
hopfield,96,0.5,0.23333333333333334,0.6484722222222222,0.0950450672829201,0.0,0.0,0.3515277777777778,0.09504506728292014,0.7689583333333333,0.23104166666666667,-0.12048611111111111,0.09398711704013309,0.0013231539726257324,0.00012234960606322625,-141.93319444444444,12.805656270738707,113.96222222222221,18.028025858047023,0.6369895833333334,0.6579730902777778,0.0,0.0,0.01075536185546424,0.0,1.3845161287186273e-05,0.010635643515401628,0.010755361855464246
hopfield,96,0.5,0.26666666666666666,0.6371180555555556,0.09066040539911452,0.0,0.0,0.36288194444444444,0.09066040539911452,0.7361111111111112,0.2638888888888889,-0.09899305555555556,0.09152490088135645,0.0013158369064331056,0.00011983464539828819,-141.32819444444445,12.560712009462623,120.56722222222221,17.506635140363706,0.6271519097222222,0.6481163194444444,0.0,0.0,0.010259190654555796,0.0,1.3560566696673226e-05,0.01035701752763537,0.010259190654555796
hopfield,96,0.5,0.3,0.6213194444444444,0.09385744699508415,0.0,0.0,0.3786805555555556,0.09385744699508415,0.7024305555555556,0.29756944444444444,-0.0811111111111111,0.09302984788854986,0.001306615670522054,0.0001239374445810765,-141.10111111111112,12.41287815152904,125.54166666666667,17.195747278088163,0.611802951388889,0.6317795138888889,0.0,0.0,0.010620969968460322,0.0,1.4024842130345533e-05,0.010527318313340342,0.010620969968460322
hopfield,96,0.5,0.3333333333333333,0.5998263888888888,0.09743232137790032,0.0,0.0,0.4001736111111111,0.09743232137790035,0.6690277777777778,0.3309722222222222,-0.0692013888888889,0.09366835884261518,0.0013083736101786295,0.00011810442582543156,-141.13611111111112,12.246993737195675,130.08666666666667,17.737951668506632,0.5874210069444444,0.6118645833333334,0.0,0.0,0.01102550508715897,0.0,1.3364773920388622e-05,0.010599572629697528,0.011025505087158974
hopfield,96,0.5,0.36666666666666664,0.5782291666666667,0.09179012111501328,0.0,0.0,0.4217708333333333,0.09179012111501329,0.6358680555555555,0.3641319444444444,-0.05763888888888889,0.08817596263774373,0.0013249619801839192,0.00011801937872501531,-140.83319444444444,11.408303670225301,133.82944444444445,17.989754187563907,0.569228298611111,0.5898532986111111,0.0,0.0,0.010387030022401447,0.0,1.3355149934990074e-05,0.00997804948993132,0.010387030022401449
hopfield,96,0.5,0.4,0.5639930555555556,0.09501468878069345,0.0,0.0,0.4360069444444445,0.09501468878069348,0.6022916666666667,0.39770833333333333,-0.03829861111111111,0.08991408541676234,0.0013234742482503255,0.000117442282204082,-140.42513888888888,11.57090029670542,136.36111111111111,17.237039753173857,0.5521171874999999,0.575234375,0.0,0.0,0.010751924204322368,0.0,1.3289845315975062e-05,0.01017473659818412,0.01075192420432237
hopfield,96,0.5,0.43333333333333335,0.5464236111111112,0.09743515205661496,0.0,0.0,0.45357638888888885,0.09743515205661496,0.5711111111111111,0.4288888888888889,-0.0246875,0.09407638975382568,0.0013296953837076823,0.00012271799516827016,-141.35166666666666,11.050207283611323,139.45805555555555,16.327877018370778,0.537,0.5568689236111111,0.0,0.0,0.011025825408610076,0.0,1.3886848438783145e-05,0.010645745673956843,0.011025825408610076
hopfield,96,0.5,0.4666666666666667,0.5228125,0.09778042435137048,0.0,0.0,0.4771875,0.09778042435137049,0.534375,0.465625,-0.0115625,0.09240167927490481,0.001311806837717692,0.00011680148483024076,-141.70833333333334,11.467132782163791,140.9947222222222,15.975063742361895,0.5100225694444445,0.5345954861111111,0.0,0.0,0.011064896646864957,0.0,1.3217332266863546e-05,0.01045623434297619,0.011064896646864959
hopfield,96,0.5,0.5,0.49513888888888885,0.10187819714619731,0.0,0.0,0.5048611111111111,0.10187819714619731,0.4978125,0.5021875,-0.002673611111111114,0.09558664178538823,0.0013247124354044597,0.00011985524675819219,-142.225,11.380470985153655,142.0427777777778,15.841169617080414,0.4848237847222222,0.5072578125,0.0,0.0,0.011528603291194511,0.0,1.356289796000773e-05,0.010816646779682339,0.011528603291194511
hopfield,96,0.75,0.0,0.6927083333333334,0.07853328376112548,0.0,0.0,0.3072916666666667,0.07853328376112552,1.0,0.0,-0.3072916666666667,0.07853328376112552,0.001431591510772705,0.0001272832773032473,-106.55055555555556,8.588881215134188,43.086666666666666,11.272124846123543,0.6850512152777777,0.7012317708333332,0.0,0.0,0.008886877653886887,0.0,1.440345874521605e-05,0.00888687765388689,0.00888687765388689
hopfield,96,0.75,0.03333333333333333,0.6871180555555555,0.07461782862229428,0.0,0.0,0.31288194444444445,0.0746178286222943,0.9650347222222223,0.03496527777777778,-0.27791666666666665,0.07532137265573408,0.0014169700940450032,0.00012990386682848362,-106.78277777777777,8.508900338254572,51.959074074074074,11.762236279130086,0.6789201388888889,0.6949027777777779,0.0,0.0,0.008443802194519685,0.0,1.470000636651087e-05,0.008523415696589955,0.008443802194519687
hopfield,96,0.75,0.06666666666666667,0.6789930555555556,0.0744384437951137,0.0,0.0,0.32100694444444444,0.0744384437951137,0.9302083333333333,0.06979166666666667,-0.25121527777777775,0.07705902896794022,0.001408388614654541,0.00012499235848528257,-107.21111111111111,8.773501173744702,59.999629629629624,12.809616508733432,0.6699947916666668,0.6858046875,0.0,0.0,0.008423502890380482,0.0,1.414421687635232e-05,0.008720050019153764,0.008423502890380482
hopfield,96,0.75,0.1,0.6694097222222222,0.07350454968713777,0.0,0.0,0.3305902777777778,0.07350454968713778,0.8979166666666667,0.10208333333333333,-0.22850694444444442,0.07757271030207043,0.0014340551694234213,0.00012826483608777215,-106.92101851851852,8.51802391285544,66.51240740740741,12.768650722453174,0.6611458333333333,0.6764253472222223,0.0,0.0,0.008317822823512115,0.0,1.4514532577996339e-05,0.008778178534235166,0.008317822823512117
hopfield,96,0.75,0.13333333333333333,0.6613541666666667,0.07565234172258227,0.0,0.0,0.3386458333333333,0.07565234172258228,0.8610069444444444,0.13899305555555555,-0.1996527777777778,0.07823852924157192,0.0014061506589253744,0.0001282228302919977,-107.69185185185185,8.295602273509365,74.41666666666667,12.975377829867654,0.6524609375,0.6689305555555556,0.0,0.0,0.008560868372238252,0.0,1.450977917472675e-05,0.008853523040049901,0.008560868372238252
hopfield,96,0.75,0.16666666666666666,0.6510416666666666,0.08092741754806976,0.0,0.0,0.3489583333333333,0.08092741754806976,0.8279513888888889,0.1720486111111111,-0.1769097222222222,0.08553163374215776,0.0014371260007222492,0.0001273212635158764,-107.40305555555555,9.306871619998272,79.45907407407408,13.254594631204375,0.6425668402777778,0.6602022569444445,0.0,0.0,0.009157799396015066,0.0,1.4407757289833084e-05,0.009678815505991598,0.009157799396015066
hopfield,96,0.75,0.2,0.6410416666666666,0.07729790257367342,0.0,0.0,0.3589583333333333,0.07729790257367346,0.7941666666666667,0.20583333333333334,-0.153125,0.08023839274435243,0.0014179865519205728,0.0001194200698912412,-107.95796296296295,8.467716322032768,85.84685185185185,12.814939271475058,0.6330885416666667,0.6503836805555556,0.0,0.0,0.008747081112305946,0.0,1.3513653061676996e-05,0.009079828899457777,0.008747081112305951
hopfield,96,0.75,0.23333333333333334,0.6317361111111112,0.07941908676796215,0.0,0.0,0.3682638888888889,0.07941908676796218,0.7604166666666666,0.23958333333333334,-0.12868055555555555,0.08151618157900983,0.001410387357076009,0.00013309087731524802,-107.98185185185184,8.53491660559229,90.69574074074075,13.137502975854684,0.6223871527777778,0.6404635416666667,0.0,0.0,0.008987115700358329,0.0,1.5060650553549812e-05,0.009224424318078541,0.008987115700358332
hopfield,96,0.75,0.26666666666666666,0.6152777777777778,0.0844336385165449,0.0,0.0,0.38472222222222224,0.08443363851654491,0.7295138888888889,0.2704861111111111,-0.11423611111111112,0.08757094746276768,0.0014193010330200194,0.00012142632664170377,-108.41685185185185,8.73975248096737,94.64462962962962,12.82162101480302,0.6064505208333333,0.622921875,0.0,0.0,0.009554565649532602,0.0,1.3740682385165837e-05,0.00990958557780062,0.009554565649532604
hopfield,96,0.75,0.3,0.6020486111111112,0.08140492018427836,0.0,0.0,0.3979513888888889,0.08140492018427832,0.6959027777777778,0.30409722222222224,-0.09385416666666667,0.08206729286168671,0.0014379199345906576,0.00012903043313125724,-108.33342592592592,8.158361752246462,97.9437037037037,12.661388859617235,0.5929800347222222,0.6109375,0.0,0.0,0.00921183390602361,0.0,1.460116803918913e-05,0.009286788430570299,0.009211833906023604
hopfield,96,0.75,0.3333333333333333,0.5825,0.08992305177032114,0.0,0.0,0.4175,0.08992305177032112,0.6627083333333333,0.33729166666666666,-0.08020833333333334,0.0917664558950395,0.0014144571622212727,0.00012127625126127529,-108.10842592592593,8.46453178454332,100.88185185185185,12.402915517541034,0.5732847222222222,0.5916927083333333,0.0,0.0,0.010175751236605721,0.0,1.3723699757153171e-05,0.010384352050661478,0.010175751236605718
hopfield,96,0.75,0.36666666666666664,0.5685763888888888,0.09071226742644484,0.0,0.0,0.43142361111111116,0.09071226742644488,0.6297222222222222,0.37027777777777776,-0.06114583333333334,0.09077827924750635,0.0014309875170389812,0.00012641153765308695,-108.40805555555556,8.486778190069659,103.59833333333333,12.708879543265047,0.5591588541666667,0.5811137152777778,0.0,0.0,0.010265059395422013,0.0,1.4304812117366114e-05,0.010272529336183285,0.010265059395422016
hopfield,96,0.75,0.4,0.5530555555555555,0.09567041392112283,0.0,0.0,0.4469444444444445,0.09567041392112285,0.5977083333333333,0.40229166666666666,-0.04465277777777778,0.10092385993024947,0.0014318974812825521,0.00012110564030055589,-107.98222222222222,8.300633402639079,105.56333333333333,12.240397333914837,0.5422881944444444,0.563359375,0.0,0.0,0.010826126489245263,0.0,1.3704393309469953e-05,0.01142060986888358,0.010826126489245266
hopfield,96,0.75,0.43333333333333335,0.5339236111111112,0.09401331137374028,0.0,0.0,0.46607638888888886,0.09401331137374026,0.5671875,0.4328125,-0.033263888888888885,0.09683805056688437,0.0014270289738972982,0.00013197327142818355,-107.34064814814815,8.480601091643196,106.2775925925926,11.93710161061556,0.523560763888889,0.5434453125,0.0,0.0,0.010638607683291262,0.0,1.4934181541839875e-05,0.010958257014267498,0.01063860768329126
hopfield,96,0.75,0.4666666666666667,0.5215277777777778,0.09265523204810815,0.0,0.0,0.4784722222222222,0.09265523204810815,0.5333680555555556,0.4666319444444445,-0.01184027777777778,0.09125567550507965,0.0014422257741292317,0.00011651816943443073,-108.13972222222223,8.657860705113057,107.93537037037036,12.338249058306177,0.510618923611111,0.5324739583333334,0.0,0.0,0.010484926540301285,0.0,1.3185272111736396e-05,0.01032655180831602,0.010484926540301285
hopfield,96,0.75,0.5,0.49798611111111113,0.09670304687574559,0.0,0.0,0.5020138888888889,0.09670304687574559,0.5030902777777778,0.4969097222222222,-0.00510416666666667,0.09628217032847013,0.0014276782671610515,0.0001275131353574968,-108.7012037037037,8.456734849384747,108.98888888888888,12.150911865037353,0.4882543402777777,0.5089774305555557,0.0,0.0,0.010942979908453066,0.0,1.4429469632677336e-05,0.010895353243631509,0.010942979908453066
hopfield,96,1.0,0.0,0.6814236111111112,0.06862445851922969,0.0,0.0,0.3185763888888889,0.06862445851922969,1.0,0.0,-0.3185763888888889,0.06862445851922969,0.0015016388893127441,0.00013049078380008013,-88.63097222222223,7.17279471993711,41.123888888888885,9.433697943063544,0.6740616319444445,0.6883020833333333,0.0,0.0,0.007765588521417633,0.0,1.4766422274133335e-05,0.007765588521417633,0.007765588521417633
hopfield,96,1.0,0.03333333333333333,0.6738541666666666,0.07192744035616133,0.0,0.0,0.32614583333333336,0.07192744035616139,0.96875,0.03125,-0.29489583333333336,0.07242019728100457,0.0015196474393208822,0.00013524111522694612,-88.7725,7.181087598088178,47.223055555555554,10.705525711805754,0.6649973958333334,0.6808012152777778,0.0,0.0,0.008139356102143096,0.0,1.5303972879229376e-05,0.008195116797410942,0.008139356102143103
hopfield,96,1.0,0.06666666666666667,0.6650347222222222,0.07275383122637977,0.0,0.0,0.33496527777777774,0.07275383122637984,0.9367361111111111,0.0632638888888889,-0.2717013888888889,0.07510337124316764,0.0015041009585062663,0.00013225100628871052,-89.08402777777778,7.08799436645874,53.08263888888889,11.030308496452426,0.6569201388888888,0.6715347222222222,0.0,0.0,0.008232871032452883,0.0,1.4965610199951636e-05,0.008498746514441081,0.00823287103245289
hopfield,96,1.0,0.1,0.6559722222222222,0.06461767556494759,0.0,0.0,0.34402777777777777,0.06461767556494755,0.9048958333333333,0.09510416666666667,-0.24892361111111108,0.06766288529859725,0.001513646443684896,0.00013400046768493172,-89.248125,6.732660118628452,58.60055555555556,10.815489105702316,0.6485026041666666,0.6643428819444445,0.0,0.0,0.0073121783468387555,0.0,1.5163580393528489e-05,0.0076567762680932105,0.007312178346838751
hopfield,96,1.0,0.13333333333333333,0.6517013888888888,0.06652159398629715,0.0,0.0,0.3482986111111111,0.06652159398629712,0.8719791666666666,0.12802083333333333,-0.22027777777777777,0.0683824405940075,0.0015051126480102538,0.0001346272771833754,-89.30847222222222,6.462076897486508,63.18055555555556,10.688136148807194,0.6448602430555556,0.6601128472222223,0.0,0.0,0.007527626998202683,0.0,1.5234510565529278e-05,0.007738201615019589,0.007527626998202679
hopfield,96,1.0,0.16666666666666666,0.6375,0.0683411757606483,0.0,0.0,0.3625,0.06834117576064834,0.8383680555555555,0.16163194444444445,-0.20086805555555554,0.07035823734012735,0.0015308030446370443,0.0001311577775998325,-89.16111111111111,6.633503499275781,67.41541666666667,10.649211089327926,0.6296475694444446,0.6456267361111111,0.0,0.0,0.0077335320595405795,0.0,1.4841899727900965e-05,0.007961784064533899,0.007733532059540585
hopfield,96,1.0,0.2,0.629375,0.07094421693537652,0.0,0.0,0.370625,0.07094421693537652,0.8031597222222222,0.1968402777777778,-0.17378472222222222,0.07322933408547852,0.0015055433909098308,0.00012885385195656796,-88.97826388888889,6.71455465910131,71.33402777777778,10.868864561718825,0.6200546874999999,0.6363237847222221,0.0,0.0,0.00802809389803702,0.0,1.4581185998195959e-05,0.0082866792463783,0.00802809389803702
hopfield,96,1.0,0.23333333333333334,0.6108333333333333,0.07149970992345261,0.0,0.0,0.38916666666666666,0.0714997099234526,0.7667013888888888,0.23329861111111108,-0.15586805555555555,0.07576169679796188,0.0015223113695780437,0.00012749183854301023,-89.09694444444445,6.321842979998454,76.05666666666667,9.738516567855733,0.6031154513888889,0.6189618055555556,0.0,0.0,0.008090953847171962,0.0,1.4427059671248304e-05,0.008573243063950953,0.00809095384717196
hopfield,96,1.0,0.26666666666666666,0.6018055555555555,0.07837042615854226,0.0,0.0,0.3981944444444444,0.07837042615854223,0.7338888888888888,0.2661111111111111,-0.13208333333333333,0.08177560959820439,0.001505719025929769,0.0001221141671409565,-89.47465277777778,6.551319189784008,79.1386111111111,10.425306335340009,0.5933671875,0.6106267361111111,0.0,0.0,0.00886844858127145,0.0,1.3818518865056844e-05,0.009253781362075133,0.008868448581271447
hopfield,96,1.0,0.3,0.5851388888888889,0.07991205983112691,0.0,0.0,0.41486111111111107,0.07991205983112692,0.7026736111111112,0.2973263888888889,-0.11753472222222222,0.08097206097766846,0.0015072909990946452,0.00013618899336984296,-89.37465277777777,6.417460537933829,81.34930555555556,9.795485959236442,0.5753454861111111,0.5932430555555556,0.0,0.0,0.009042900853979725,0.0,1.5411235388617623e-05,0.00916285127564995,0.009042900853979727
hopfield,96,1.0,0.3333333333333333,0.5698611111111112,0.07998740881652075,0.0,0.0,0.43013888888888885,0.07998740881652076,0.6691319444444445,0.3308680555555556,-0.09927083333333334,0.08002039325872927,0.001515642007191976,0.00012850857927805052,-89.17354166666667,6.813620203764333,83.62722222222223,10.742303410309528,0.5615720486111112,0.57875,0.0,0.0,0.009051427394351783,0.0,1.4542114716514327e-05,0.009055159935363063,0.009051427394351785
hopfield,96,1.0,0.36666666666666664,0.5610763888888889,0.08666645534725037,0.0,0.0,0.43892361111111117,0.08666645534725044,0.6369097222222222,0.36309027777777775,-0.07583333333333334,0.08352142235051432,0.00150878111521403,0.0001397755277077688,-88.93194444444444,6.55086048913791,85.20472222222223,9.873892974120567,0.5509435763888889,0.5703151041666666,0.0,0.0,0.009807232659591353,0.0,1.5817089955447653e-05,0.009451338672725294,0.00980723265959136
hopfield,96,1.0,0.4,0.5452430555555555,0.08635654263186716,0.0,0.0,0.4547569444444445,0.08635654263186715,0.6005208333333333,0.39947916666666666,-0.05527777777777777,0.08479630223752352,0.0015197372436523437,0.00015163596448076954,-89.44256944444444,7.124204300285019,87.53805555555556,10.147126918748482,0.5368645833333333,0.5551545138888889,0.0,0.0,0.009772162734419604,0.0,1.7159224722712958e-05,0.009595604912931337,0.009772162734419602
hopfield,96,1.0,0.43333333333333335,0.5273611111111112,0.08467724406287379,0.0,0.0,0.47263888888888883,0.08467724406287376,0.5651388888888889,0.43486111111111114,-0.03777777777777777,0.08303708723477136,0.0015317440032958985,0.00013007449274469074,-89.301875,6.85430474479964,88.34194444444444,10.026994983863133,0.5178038194444444,0.5363012152777777,0.0,0.0,0.00958213221217142,0.0,1.4719314506566838e-05,0.009396530994872665,0.009582132212171418
hopfield,96,1.0,0.4666666666666667,0.5142708333333333,0.08528309310837598,0.0,0.0,0.48572916666666666,0.08528309310837597,0.5333680555555556,0.4666319444444445,-0.01909722222222222,0.0885394465478978,0.0015008290608723958,0.00013320403437338721,-88.9842361111111,7.157578752963808,88.43819444444443,9.72823028810639,0.5047899305555555,0.5243098958333333,0.0,0.0,0.009650690485635178,0.0,1.5073455480113376e-05,0.010019181566472538,0.009650690485635176
hopfield,96,1.0,0.5,0.498125,0.08530936512896345,0.0,0.0,0.501875,0.08530936512896342,0.499375,0.500625,-0.0012500000000000018,0.0883835848628409,0.0015116572380065919,0.0001357789800042442,-89.15930555555556,6.952017689999417,89.24541666666667,9.648493809752011,0.48918663194444434,0.5082465277777778,0.0,0.0,0.009653663444634211,0.0,1.5364838008525667e-05,0.010001544156451042,0.009653663444634208
hopfield,128,0.1,0.0,0.9997916666666666,0.001677583221613858,0.98,0.1402339182917774,0.00020833333333333335,0.0016775832216138662,1.0,0.0,-0.00020833333333333335,0.0016775832216138662,0.0017659568786621094,0.00017303673229810535,-678.4883333333333,24.116101580563832,0.06888888888888839,0.5442809877564083,0.9995833333333334,0.9999479166666667,0.9633333333333334,0.9933333333333333,0.00018983641241900504,0.015868961733153636,1.9580949578512845e-05,0.00018983641241900596,0.00018983641241900596
hopfield,128,0.1,0.03333333333333333,0.9995572916666666,0.0028587974912687203,0.97,0.17087224588772662,0.0004427083333333333,0.0028587974912686913,0.9665885416666666,0.03341145833333333,0.03296875,0.016548039058342272,0.00175869623819987,0.00017626850524419692,-678.0994444444444,23.70833433093057,86.64666666666666,43.272819937848595,0.999244140625,0.9998444010416667,0.9466666666666667,0.99,0.00032350339022395395,0.019336014883421716,1.994665911466845e-05,0.001872586901759293,0.0003235033902239507
hopfield,128,0.1,0.06666666666666667,0.999375,0.003616726661982034,0.9633333333333334,0.18825609351281192,0.000625,0.003616726661982024,0.9321354166666667,0.06786458333333334,0.06723958333333334,0.0229560832410268,0.0017562460899353026,0.00016967865246977687,-678.5711111111111,24.387859425396574,170.61666666666667,56.950689128369746,0.9989049479166666,0.999765625,0.94,0.9833333333333333,0.00040927114992860225,0.021303182428177025,1.920094707311509e-05,0.0025977253643942708,0.0004092711499286011
hopfield,128,0.1,0.1,0.9997135416666667,0.0024991452255973537,0.9833333333333333,0.1282329958564094,0.00028645833333333333,0.0024991452255973398,0.89765625,0.10234375,0.10205729166666666,0.0273998568341919,0.001793342431386312,0.0001665839139110762,-677.4661111111111,23.599549570608065,249.22444444444443,62.507738611707595,0.9994270833333333,0.9999225260416666,0.9666666666666667,0.9966666666666667,0.0002828049050735496,0.014510929516631263,1.8850744437687368e-05,0.003100585684919668,0.00028280490507354806
hopfield,128,0.1,0.13333333333333333,0.9957291666666667,0.027713019088125675,0.9466666666666667,0.22507276167731274,0.004270833333333333,0.027713019088125686,0.867109375,0.132890625,0.12861979166666668,0.038280201280199724,0.0017637817064921062,0.00016112267319475423,-679.0122222222221,26.608922965238534,313.2188888888889,64.28856477059196,0.9923678385416667,0.9985436197916666,0.92325,0.97,0.0031360233299949723,0.025469380630163203,1.8232746873342514e-05,0.004331812564696248,0.0031360233299949736
hopfield,128,0.1,0.16666666666666666,0.9933854166666667,0.03256454262675415,0.92,0.27174648819470293,0.006614583333333333,0.03256454262675416,0.83265625,0.16734375,0.16072916666666667,0.04368170084899119,0.0017695124944051106,0.00017749569085274183,-679.0616666666666,26.29963751970321,377.0988888888889,66.51236490120947,0.9895546875,0.9965397135416667,0.89,0.9466666666666667,0.0036850249005123356,0.03075100998966725,2.00855282391905e-05,0.00494304978178985,0.0036850249005123364
hopfield,128,0.1,0.2,0.9869791666666666,0.05012971346796384,0.8966666666666666,0.3049023456071545,0.013020833333333334,0.05012971346796387,0.798203125,0.201796875,0.18877604166666667,0.05463894738116913,0.0017511979738871256,0.0001573471729681404,-678.0894444444444,26.610867967894375,434.8566666666667,61.36230451554877,0.981037109375,0.9923470052083333,0.86,0.9300833333333334,0.005672711098765035,0.03450294845731643,1.780550880319896e-05,0.006182978951836135,0.005672711098765037
hopfield,128,0.1,0.23333333333333334,0.9788541666666667,0.07258271042016146,0.8766666666666667,0.32936884340443334,0.021145833333333332,0.07258271042016144,0.7658333333333334,0.23416666666666666,0.21302083333333333,0.07346116032310732,0.0017597365379333496,0.00018661104717184035,-679.9027777777778,28.147787298965806,486.44,60.739036061434504,0.9702962239583334,0.9857760416666667,0.8399166666666666,0.91,0.008213506890320202,0.03727159331883615,2.1117027910410312e-05,0.00831291285475554,0.0082135068903202
hopfield,128,0.1,0.26666666666666666,0.9531770833333333,0.1120812936847919,0.8,0.40066833797650675,0.046822916666666665,0.11208129368479193,0.735390625,0.264609375,0.21778645833333332,0.10216912338195046,0.0017772626876831055,0.00016457153113959186,-679.7255555555555,31.582824151269293,527.0666666666667,60.327263071015715,0.9399270833333333,0.967037109375,0.75,0.8466666666666667,0.012683192355687076,0.04533989066615324,1.8623021889660875e-05,0.011561524693937687,0.01268319235568708
hopfield,128,0.1,0.3,0.90265625,0.15792018619703924,0.65,0.4777665429529544,0.09734375,0.15792018619703918,0.7018489583333334,0.29815104166666667,0.20080729166666667,0.14294053862358558,0.001770647366841634,0.0001720348981713798,-679.4288888888889,38.50860201415529,568.7166666666667,61.10055388354112,0.88642578125,0.9174615885416667,0.6,0.7035,0.017870351354221936,0.05406437386800228,1.946758137477417e-05,0.016175244656677697,0.01787035135422193
hopfield,128,0.1,0.3333333333333333,0.8523177083333333,0.18222407831360615,0.5233333333333333,0.5002897711051703,0.14768229166666666,0.18222407831360612,0.6691145833333333,0.33088541666666665,0.183203125,0.1636721259980635,0.0017863869667053222,0.00016151604846601959,-679.3038888888889,42.443981964955825,601.3333333333334,63.68022117236935,0.8295227864583333,0.8724563802083333,0.47,0.5833333333333334,0.020620595650769624,0.05661311706799571,1.8277261475819005e-05,0.018521244616748776,0.02062059565076962
hopfield,128,0.1,0.36666666666666664,0.779296875,0.19957373366876255,0.36666666666666664,0.4826995806635824,0.220703125,0.19957373366876258,0.634609375,0.365390625,0.1446875,0.17801306955290427,0.0017514848709106446,0.00016687968035038325,-677.025,46.85639510628193,626.8511111111111,63.56604592839551,0.7570286458333334,0.8009915364583333,0.31325000000000003,0.4166666666666667,0.022583893975940388,0.054622599635432395,1.8884213561024202e-05,0.020144075150625607,0.02258389397594039
hopfield,128,0.1,0.4,0.7096614583333334,0.1969247817866206,0.23,0.42153565411754623,0.29033854166666667,0.1969247817866206,0.601015625,0.398984375,0.10864583333333333,0.17528854715325584,0.0017548592885335286,0.0001667871020437969,-680.6655555555556,46.416057447297455,651.6888888888889,60.48384334133196,0.6882141927083333,0.7302981770833333,0.18325,0.28008333333333335,0.022284136851824284,0.047701249782046894,1.8873737339419366e-05,0.01983576641741897,0.022284136851824284
hopfield,128,0.1,0.43333333333333335,0.6069791666666666,0.17613104866448465,0.09,0.28665992577177285,0.3930208333333333,0.1761310486644847,0.5657291666666666,0.43427083333333333,0.04125,0.15784775695601486,0.0017661253611246746,0.00017023365891436694,-678.1027777777778,48.23703060875238,664.71,58.894415567703106,0.588146484375,0.628216796875,0.056666666666666664,0.12675000000000003,0.019931104438381888,0.03243862432080139,1.9263751964671556e-05,0.017862155214028626,0.019931104438381895
hopfield,128,0.1,0.4666666666666667,0.5451302083333334,0.15327436545359802,0.04,0.19628659682628735,0.4548697916666667,0.15327436545359802,0.5326041666666667,0.46739583333333334,0.012526041666666666,0.13609399978794076,0.0017464590072631837,0.00016382293293759883,-676.7016666666667,47.94766727293042,671.9066666666666,56.51386204722807,0.5280748697916666,0.5657135416666667,0.016666666666666666,0.06,0.01734462724628276,0.022211919425130615,1.853831002846751e-05,0.01540048585288145,0.01734462724628276
hopfield,128,0.1,0.5,0.501953125,0.14191841343324663,0.013333333333333334,0.11488931224930929,0.498046875,0.1419184134332466,0.500078125,0.499921875,0.001875,0.1278631899691239,0.0017676917711893717,0.00018178774105651876,-678.1911111111111,49.468197076372945,675.0266666666666,57.97821218415889,0.4868736979166667,0.5164895833333333,0.0,0.02666666666666667,0.01605958030293531,0.013000949569413337,2.0571219441933598e-05,0.014469082041031115,0.016059580302935306
hopfield,128,0.25,0.0,0.82234375,0.12456462248173654,0.056666666666666664,0.231590882112865,0.17765625,0.1245646224817366,1.0,0.0,-0.17765625,0.1245646224817366,0.0018690077463785807,0.0001678146042102579,-295.998125,35.36402324357029,41.31791666666667,32.87234484225023,0.80639453125,0.8349485677083334,0.03,0.08341666666666668,0.0140958139909816,0.02620697539342619,1.8990010155289606e-05,0.014095813990981606,0.014095813990981606
hopfield,128,0.25,0.03333333333333333,0.8060416666666667,0.12251177159728467,0.02,0.1402339182917774,0.19395833333333334,0.1225117715972847,0.9659635416666666,0.03403645833333333,-0.159921875,0.12214611097767342,0.0019022464752197266,0.00018268819269249715,-299.17833333333334,35.10741690159261,77.46958333333333,37.49521794806593,0.7917962239583333,0.8197200520833333,0.006666666666666667,0.03675000000000002,0.013863512044875688,0.015868961733153636,2.0673115136840773e-05,0.013822133650471425,0.013863512044875691
hopfield,128,0.25,0.06666666666666667,0.7896354166666667,0.11319439412830906,0.016666666666666666,0.12823299585640946,0.21036458333333333,0.11319439412830906,0.9327604166666666,0.06723958333333334,-0.143125,0.1128502334660981,0.0018930451075236004,0.00018133124420480624,-301.6202083333333,31.67734211396922,109.16708333333334,38.958216482723785,0.7765716145833333,0.801580078125,0.0033333333333333335,0.03,0.012809151528464222,0.01451092951663127,2.051956196021039e-05,0.012770206083273714,0.012809151528464222
hopfield,128,0.25,0.1,0.773125,0.10976392568743182,0.0033333333333333335,0.05773502691896259,0.226875,0.10976392568743182,0.8988541666666666,0.10114583333333334,-0.12572916666666667,0.1082167631344603,0.0018941402435302735,0.00017641695863780085,-304.35479166666664,29.78938129848036,141.08125,40.27832481024043,0.7616875000000001,0.7869244791666666,0.0,0.01,0.01242095748041797,0.006533333333333334,1.996345819759328e-05,0.01224587955599608,0.01242095748041797
hopfield,128,0.25,0.13333333333333333,0.7566666666666667,0.10761918843404694,0.006666666666666667,0.08151300584956361,0.24333333333333335,0.10761918843404691,0.8665104166666666,0.13348958333333333,-0.10984375,0.10994175752440173,0.0018857940038045247,0.00016729471820956996,-306.92645833333336,29.553580324739006,169.76416666666665,39.47501706836085,0.746234375,0.7692460937500001,0.0,0.016666666666666666,0.012178257612823746,0.009224064950461413,1.8931179516090366e-05,0.012441081047171204,0.012178257612823743
hopfield,128,0.25,0.16666666666666666,0.7454166666666666,0.10987101852670648,0.006666666666666667,0.0815130058495636,0.25458333333333333,0.1098710185267065,0.8329166666666666,0.16708333333333333,-0.0875,0.11088195327312683,0.0019158935546875,0.00017981873897640418,-307.90958333333333,29.260400557677055,194.82,40.28554144477057,0.7322832031250001,0.7580729166666667,0.0,0.016666666666666666,0.012433076176016338,0.009224064950461412,2.0348405881259736e-05,0.012547474211820208,0.01243307617601634
hopfield,128,0.25,0.2,0.7271614583333333,0.10372252482765985,0.0033333333333333335,0.057735026918962595,0.27283854166666666,0.10372252482765985,0.7995052083333334,0.20049479166666667,-0.07234375,0.10530310873343479,0.0018795363108317057,0.00015884196930653205,-309.424375,26.645099972704028,217.59583333333333,37.5976429912908,0.7163763020833334,0.7379088541666667,0.0,0.01,0.011737308615534302,0.006533333333333335,1.7974660932596363e-05,0.011916168522055588,0.011737308615534302
hopfield,128,0.25,0.23333333333333334,0.704765625,0.10416491711358232,0.0,0.0,0.295234375,0.10416491711358229,0.7647916666666666,0.23520833333333332,-0.06002604166666667,0.1055791749235024,0.0018868891398111979,0.00016966258172317717,-310.79354166666667,25.311452865708983,238.79666666666665,36.114997853459805,0.6944615885416666,0.7154830729166667,0.0,0.0,0.011787370015385792,0.0,1.919912849693951e-05,0.011947408352328928,0.01178737001538579
hopfield,128,0.25,0.26666666666666666,0.6775,0.10257395277066357,0.0,0.0,0.3225,0.10257395277066354,0.7312239583333333,0.2687760416666667,-0.053723958333333335,0.10255201636370506,0.0018972365061442058,0.00015411057434323877,-315.04020833333334,24.52202113927291,258.88625,35.60482440048631,0.6644518229166666,0.6899010416666667,0.0,0.0,0.011607335451821367,0.0,1.7439253190079197e-05,0.011604853113690708,0.011607335451821365
hopfield,128,0.25,0.3,0.6519270833333334,0.10459943112500009,0.0,0.0,0.3480729166666667,0.10459943112500009,0.698828125,0.301171875,-0.046901041666666664,0.10225356270756732,0.001897131601969401,0.0001737704345545064,-313.39229166666667,23.77841605502878,270.6195833333333,33.21626337229674,0.6389322916666667,0.6627916666666667,0.0,0.0,0.011836539904551701,0.0,1.966397580477953e-05,0.011571079903143204,0.011836539904551701
hopfield,128,0.25,0.3333333333333333,0.628125,0.1027007622497545,0.0,0.0,0.371875,0.1027007622497545,0.66921875,0.33078125,-0.04109375,0.09877749917426996,0.001874371369679769,0.00018419350474371056,-314.39770833333336,24.15405268994403,283.8229166666667,32.399036734871416,0.6173567708333333,0.6396178385416667,0.0,0.0,0.0116216852952516,0.0,2.084345723116533e-05,0.011177726284675988,0.0116216852952516
hopfield,128,0.25,0.36666666666666664,0.6042708333333333,0.10411020452771778,0.0,0.0,0.3957291666666667,0.10411020452771776,0.636796875,0.363203125,-0.032526041666666665,0.09923241693896839,0.0019709420204162597,0.0002514960781342235,-315.45395833333333,23.06749612700365,295.17791666666665,30.332055880804447,0.5903059895833334,0.613189453125,0.0,0.0,0.01178117870345511,0.0,2.84594603685421e-05,0.011229205075881913,0.011781178703455106
hopfield,128,0.25,0.4,0.5803125,0.10263761575693992,0.0,0.0,0.4196875,0.10263761575693992,0.6018489583333333,0.39815104166666665,-0.021536458333333335,0.09188194770705639,0.002076125144958496,0.0005411742999341329,-314.1525,23.848363330183243,302.20958333333334,29.9094837406996,0.5682428385416667,0.5948209635416667,0.0,0.0,0.011614539596905124,0.0,6.123963703811386e-05,0.010397421179497879,0.011614539596905124
hopfield,128,0.25,0.43333333333333335,0.5523177083333334,0.10464747699454349,0.0,0.0,0.4476822916666667,0.10464747699454352,0.5683854166666666,0.43161458333333336,-0.016067708333333333,0.0944118100069587,0.0020983115832010906,0.0005340706600716993,-313.14875,24.30494625198488,307.8804166666667,30.062091225315406,0.5401223958333333,0.5630566406249999,0.0,0.0,0.01184197680651171,0.0,6.043578451430063e-05,0.01068370204875069,0.011841976806511712
hopfield,128,0.25,0.4666666666666667,0.5242447916666667,0.10577319133051419,0.0,0.0,0.47575520833333335,0.10577319133051417,0.5370572916666667,0.46294270833333334,-0.0128125,0.09760645678726147,0.0019068312644958496,0.00025293667418976927,-313.6220833333333,22.67898988455323,310.72583333333336,28.575399355037693,0.5123541666666667,0.5362779947916666,0.0,0.0,0.011969363375592757,0.0,2.862247915855282e-05,0.011045210363751112,0.011969363375592755
hopfield,128,0.25,0.5,0.5059895833333333,0.11356283538333481,0.0,0.0,0.4940104166666667,0.11356283538333482,0.502265625,0.497734375,0.0037239583333333335,0.10582628866276347,0.0019217689832051596,0.0001891558234351059,-314.339375,22.93358861935367,313.97875,28.821938434775003,0.49322591145833333,0.517251953125,0.0,0.0,0.012850844581387078,0.0,2.1404996453492565e-05,0.011975371904369963,0.01285084458138708
hopfield,128,0.5,0.0,0.6971875,0.07474491966186862,0.0,0.0,0.3028125,0.07474491966186864,1.0,0.0,-0.3028125,0.07474491966186864,0.0021640475591023765,0.0002452758701964972,-190.23052083333334,13.99645658897331,62.81270833333333,17.064881091234035,0.6878092447916667,0.70463671875,0.0,0.0,0.008458183899518013,0.0,2.77555775779988e-05,0.008458183899518015,0.008458183899518015
hopfield,128,0.5,0.03333333333333333,0.6916927083333333,0.07031772072002877,0.0,0.0,0.30830729166666665,0.0703177207200288,0.9665104166666667,0.033489583333333336,-0.27481770833333335,0.07055976107086116,0.002149201234181722,0.00023753331413878102,-191.19677083333335,13.712929919380969,79.81041666666667,18.840854179071755,0.684546875,0.6994674479166667,0.0,0.0,0.007957199177355868,0.0,2.6879424880467714e-05,0.007984588621450604,0.007957199177355871
hopfield,128,0.5,0.06666666666666667,0.689921875,0.0691963180960425,0.0,0.0,0.310078125,0.06919631809604256,0.9332552083333333,0.06674479166666666,-0.24333333333333335,0.07100375937552236,0.0021795185407002767,0.00022292122426178617,-190.09541666666667,14.046965493775984,93.935625,19.57071447055955,0.6817141927083333,0.6988821614583333,0.0,0.0,0.007830300524417497,0.0,2.522591125178214e-05,0.008034831759430917,0.007830300524417503
hopfield,128,0.5,0.1,0.683203125,0.06751817216464809,0.0,0.0,0.316796875,0.0675181721646481,0.9008333333333334,0.09916666666666667,-0.21763020833333332,0.06962080322053656,0.0021863961219787597,0.00024563599900894465,-190.88333333333333,14.007645085960613,108.22020833333333,19.64646937340731,0.6755169270833333,0.6906770833333333,0.0,0.0,0.007640400435392409,0.0,2.779632998949346e-05,0.007878335538192649,0.007640400435392411
hopfield,128,0.5,0.13333333333333333,0.681171875,0.07556174680062712,0.0,0.0,0.318828125,0.07556174680062712,0.8655989583333333,0.13440104166666667,-0.18442708333333332,0.07540952085742363,0.0021791315078735353,0.0002406440859464072,-189.75020833333335,13.760442549874938,121.00895833333334,21.181421172900006,0.673408203125,0.688359375,0.0,0.0,0.00855061659173296,0.0,2.7231441848809725e-05,0.008533390604632868,0.00855061659173296
hopfield,128,0.5,0.16666666666666666,0.6702604166666667,0.07067762561058175,0.0,0.0,0.3297395833333333,0.0706776256105817,0.8317708333333333,0.16822916666666668,-0.16151041666666666,0.07158276726874205,0.002176354726155599,0.0002468419073955396,-191.3146875,13.953686863001645,135.208125,20.53697782841049,0.6619518229166667,0.6802825520833333,0.0,0.0,0.00799792624970278,0.0,2.7932791369690708e-05,0.008100352670581524,0.007997926249702775
hopfield,128,0.5,0.2,0.6526302083333333,0.07578082798788355,0.0,0.0,0.34736979166666665,0.07578082798788355,0.7990885416666667,0.20091145833333332,-0.14645833333333333,0.07701811330256135,0.002172677516937256,0.00023126734683731067,-192.97072916666667,14.450531104427421,147.15333333333334,20.719783962767757,0.6434309895833333,0.660310546875,0.0,0.0,0.008575407961890588,0.0,2.6170363930453202e-05,0.008715419975751334,0.008575407961890588
hopfield,128,0.5,0.23333333333333334,0.6440625,0.07612661524666021,0.0,0.0,0.3559375,0.07612661524666026,0.7665364583333333,0.23346354166666666,-0.12247395833333333,0.07898982640200672,0.0021774164835611978,0.00023703192093160744,-193.59697916666667,13.184384216181305,157.40291666666667,19.09059526533958,0.6352083333333334,0.65151953125,0.0,0.0,0.00861453747381025,0.0,2.6822686897853936e-05,0.008938540317142316,0.008614537473810255
hopfield,128,0.5,0.26666666666666666,0.6342447916666667,0.0750640380277792,0.0,0.0,0.36575520833333336,0.07506403802777922,0.7319010416666667,0.26809895833333336,-0.09765625,0.07781475816389963,0.0022215024630228676,0.0002947635726369778,-192.88666666666666,13.49535556191886,165.586875,18.884890128683562,0.625849609375,0.6434153645833334,0.0,0.0,0.00849429554211253,0.0,3.335563828981396e-05,0.008805568828279204,0.008494295542112533
hopfield,128,0.5,0.3,0.6214322916666667,0.07879939465564495,0.0,0.0,0.3785677083333333,0.07879939465564492,0.698203125,0.301796875,-0.07677083333333333,0.07982446437139111,0.0022887627283732096,0.0005015332065293049,-192.17479166666666,13.455858092790235,172.73895833333333,19.039288542725043,0.6135345052083333,0.6302955729166666,0.0,0.0,0.008916990936417568,0.0,5.675382503225715e-05,0.009032988494577107,0.008916990936417565
hopfield,128,0.5,0.3333333333333333,0.5977604166666667,0.07927269791849718,0.0,0.0,0.4022395833333333,0.0792726979184972,0.6665625,0.3334375,-0.06880208333333333,0.07907912702300432,0.0022603829701741537,0.0003864548936287987,-190.19979166666667,13.846643394583149,176.79708333333335,18.618422017259274,0.5892682291666668,0.6075520833333333,0.0,0.0,0.008970550242595918,0.0,4.3731488025782084e-05,0.00894864563370638,0.00897055024259592
hopfield,128,0.5,0.36666666666666664,0.5752864583333334,0.08625331131529737,0.0,0.0,0.4247135416666667,0.08625331131529737,0.6322916666666667,0.36770833333333336,-0.057005208333333335,0.08191900201003528,0.002217445373535156,0.000330607006714616,-191.26479166666667,13.768329080510993,182.53458333333333,18.057688465084954,0.5652252604166667,0.58484375,0.0,0.0,0.009760481011251172,0.0,3.741170468724135e-05,0.009270007740998914,0.009760481011251172
hopfield,128,0.5,0.4,0.5607291666666666,0.08718685879718512,0.0,0.0,0.43927083333333333,0.08718685879718509,0.599296875,0.400703125,-0.03856770833333333,0.08671640387216731,0.0022019155820210776,0.0002888613761891525,-191.1978125,13.600241517198846,186.67916666666667,17.598416327794297,0.5504654947916666,0.5695924479166666,0.0,0.0,0.009866121853685132,0.0,3.268774188705341e-05,0.00981288486727541,0.009866121853685128
hopfield,128,0.5,0.43333333333333335,0.540703125,0.08748507967108098,0.0,0.0,0.459296875,0.08748507967108103,0.5686197916666667,0.43138020833333335,-0.027916666666666666,0.08500413183035868,0.0021973141034444172,0.0002752380333284179,-191.89520833333333,14.497033467816346,189.966875,18.375524960222336,0.5310924479166667,0.5488177083333333,0.0,0.0,0.009899868722442192,0.0,3.114611551614351e-05,0.009619123045319651,0.009899868722442199
hopfield,128,0.5,0.4666666666666667,0.5081770833333333,0.08286142357050205,0.0,0.0,0.49182291666666667,0.08286142357050205,0.534921875,0.465078125,-0.026744791666666667,0.08488620014329967,0.00220743735631307,0.00022353685808927274,-192.12520833333335,13.495557619771617,192.17395833333333,17.822850919594885,0.49999479166666666,0.5188300781249999,0.0,0.0,0.00937665277995753,0.0,2.5295576777562374e-05,0.009605777818630827,0.00937665277995753
hopfield,128,0.5,0.5,0.496015625,0.08976444260317151,0.0,0.0,0.503984375,0.08976444260317151,0.5015364583333334,0.4984635416666667,-0.005520833333333333,0.09098776407325726,0.002208546797434489,0.0002397455232588514,-191.3009375,13.613572615423314,191.36041666666668,16.911180581850637,0.48658854166666665,0.5060449218749999,0.0,0.0,0.010157802919717166,0.0,2.7129759908539083e-05,0.010296234775808818,0.010157802919717166
hopfield,128,0.75,0.0,0.68953125,0.06520102883595259,0.0,0.0,0.31046875,0.06520102883595258,1.0,0.0,-0.31046875,0.06520102883595258,0.0027114224433898927,0.0005928925377223879,-144.786875,11.00371184399245,59.4725,13.069517474702476,0.682001953125,0.697064453125,0.0,0.0,0.007378190983776045,0.0,6.709210658589003e-05,0.007378190983776043,0.007378190983776043
hopfield,128,0.75,0.03333333333333333,0.6833333333333333,0.06715806324760602,0.0,0.0,0.31666666666666665,0.06715806324760606,0.9643489583333333,0.03565104166666667,-0.281015625,0.06731906319121914,0.0026973644892374677,0.0005679602080086139,-144.79979166666666,10.617637633941994,71.10944444444443,14.646456433290373,0.6767565104166666,0.6913645833333334,0.0,0.0,0.007599650275274812,0.0,6.427074788062273e-05,0.007617869133988583,0.007599650275274816
hopfield,128,0.75,0.06666666666666667,0.6698697916666667,0.061198357703764306,0.0,0.0,0.33013020833333334,0.06119835770376431,0.931875,0.068125,-0.26200520833333335,0.06358889684121256,0.0027196192741394043,0.0005975836048665569,-145.3740277777778,10.666256175001283,82.1413888888889,14.57061668573523,0.6631243489583333,0.6757552083333334,0.0,0.0,0.00692524610566934,0.0,6.762295080607065e-05,0.007195761074914101,0.006925246105669341
hopfield,128,0.75,0.1,0.6629427083333334,0.0674010468361543,0.0,0.0,0.33705729166666665,0.06740104683615429,0.899296875,0.100703125,-0.23635416666666667,0.06968807568963985,0.0027809619903564455,0.0005872892720364261,-145.80416666666667,10.80351219910083,92.4973611111111,15.303725814653006,0.6564055989583333,0.670234375,0.0,0.0,0.007627146456765186,0.0,6.645803738327235e-05,0.007885948134709234,0.007627146456765184
hopfield,128,0.75,0.13333333333333333,0.64921875,0.06914147012006408,0.0,0.0,0.35078125,0.06914147012006402,0.8638020833333333,0.13619791666666667,-0.21458333333333332,0.07214615192798303,0.0027457706133524576,0.00059445520634742,-146.07486111111112,10.314448186717309,101.55083333333333,15.32315251266597,0.641205078125,0.6582343749999999,0.0,0.0,0.00782409389165315,0.0,6.726893918754805e-05,0.00816410564637686,0.007824093891653144
hopfield,128,0.75,0.16666666666666666,0.6450520833333333,0.0679873028936942,0.0,0.0,0.35494791666666664,0.06798730289369419,0.8295833333333333,0.17041666666666666,-0.18453125,0.07018999454285191,0.0026963226000467936,0.0005843281691201511,-145.9765972222222,10.087653834149934,109.32888888888888,15.458960521091543,0.6370279947916667,0.65353125,0.0,0.0,0.00769348757492159,0.0,6.612295704437367e-05,0.007942745599771846,0.007693487574921588
hopfield,128,0.75,0.2,0.625625,0.0715058637482008,0.0,0.0,0.374375,0.0715058637482008,0.7969791666666667,0.20302083333333334,-0.17135416666666667,0.07425438199554756,0.002726442019144694,0.0005966903361197967,-146.39895833333333,10.446940695737013,116.13236111111112,15.249142845255903,0.6178359375,0.6331119791666666,0.0,0.0,0.008091650217997444,0.0,6.752186793159612e-05,0.00840267433699318,0.008091650217997444
hopfield,128,0.75,0.23333333333333334,0.6195572916666666,0.0683910344846973,0.0,0.0,0.3804427083333333,0.06839103448469727,0.763125,0.236875,-0.14356770833333332,0.06876169261665577,0.0027629359563191734,0.0006136078883483791,-145.66951388888887,9.751699293184403,122.24236111111112,14.95372851177619,0.6132278645833333,0.6264433593750001,0.0,0.0,0.007739174105299804,0.0,6.943626918490363e-05,0.0077811180214634595,0.007739174105299801
hopfield,128,0.75,0.26666666666666666,0.608828125,0.07188660080238606,0.0,0.0,0.391171875,0.07188660080238608,0.73015625,0.26984375,-0.121328125,0.07211511135155861,0.0027562506993611654,0.0006104168584476946,-145.69430555555556,10.316814055097662,127.99444444444445,15.25146174457438,0.6024446614583333,0.616044921875,0.0,0.0,0.008134734671579411,0.0,6.907517015836178e-05,0.00816059307448659,0.008134734671579413
hopfield,128,0.75,0.3,0.589140625,0.07755141920250695,0.0,0.0,0.410859375,0.07755141920250684,0.697421875,0.302578125,-0.10828125,0.07482871545096154,0.0027176698048909506,0.0005627855459688594,-146.19756944444444,10.279624799589614,133.2240277777778,15.171437705271503,0.580025390625,0.5986992187500001,0.0,0.0,0.00877576921951056,0.0,6.368517974638567e-05,0.008467666285710404,0.008775769219510548
hopfield,128,0.75,0.3333333333333333,0.57140625,0.07598463327294924,0.0,0.0,0.42859375,0.0759846332729492,0.665078125,0.334921875,-0.093671875,0.07342266903984758,0.002721860408782959,0.0005925718156089415,-147.32520833333334,10.365011932114028,138.63208333333333,15.284688923835535,0.5625729166666668,0.580580078125,0.0,0.0,0.008598470700984798,0.0,6.705581346217749e-05,0.008308557156016251,0.008598470700984793
hopfield,128,0.75,0.36666666666666664,0.560234375,0.07784461863228068,0.0,0.0,0.439765625,0.07784461863228066,0.632890625,0.367109375,-0.07265625,0.0739656257199788,0.0027076927820841473,0.0005720485426344784,-146.3672222222222,10.540281316546825,140.70652777777778,15.04969402834091,0.5521067708333334,0.5687669270833333,0.0,0.0,0.008808947858372957,0.0,6.473338649559163e-05,0.008369998488360939,0.008808947858372955
hopfield,128,0.75,0.4,0.5498958333333334,0.08014113956363116,0.0,0.0,0.4501041666666667,0.08014113956363116,0.597578125,0.402421875,-0.04768229166666667,0.07417066666928591,0.0027039011319478353,0.0005745142143134737,-145.14604166666666,10.667136903942302,141.85458333333332,14.793375309560592,0.5406471354166666,0.5587063802083333,0.0,0.0,0.00906882366604426,0.0,6.501240351228147e-05,0.008393201056027299,0.00906882366604426
hopfield,128,0.75,0.43333333333333335,0.53265625,0.0878837644804775,0.0,0.0,0.46734375,0.08788376448047751,0.565390625,0.434609375,-0.032734375,0.08116243402092425,0.002731347878774007,0.0005990190350374816,-145.055625,9.89281134767412,143.04194444444445,14.567009096251741,0.5244973958333333,0.5424811197916667,0.0,0.0,0.009944984155719466,0.0,6.778538502120557e-05,0.009184394013492907,0.009944984155719466
hopfield,128,0.75,0.4666666666666667,0.5189322916666667,0.08224806445671139,0.0,0.0,0.48106770833333334,0.08224806445671137,0.5316145833333333,0.46838541666666667,-0.012682291666666666,0.07969835635903585,0.0027274020512898763,0.0005931772682255874,-145.48597222222222,10.007145984889124,144.24125,13.840346188264876,0.5087578125,0.5263587239583334,0.0,0.0,0.009307244662263969,0.0,6.71243268754931e-05,0.009018718029580574,0.009307244662263967
hopfield,128,0.75,0.5,0.5010677083333334,0.0811111434799983,0.0,0.0,0.4989322916666667,0.08111114347999833,0.496796875,0.503203125,0.004270833333333333,0.0810267277874531,0.0027898613611857096,0.0005833265845534388,-145.5417361111111,9.81238194807371,145.0327777777778,13.2732949997776,0.49323828124999997,0.5108515625000001,0.0,0.0,0.009178589942401253,0.0,6.6009617081009e-05,0.009169037407529551,0.009178589942401257
hopfield,128,1.0,0.0,0.6626302083333333,0.06094379179385825,0.0,0.0,0.33736979166666664,0.06094379179385825,1.0,0.0,-0.33736979166666664,0.06094379179385825,0.0034502085049947103,0.0010276240023907248,-121.08729166666667,8.67717407107727,57.2828125,11.400629034036138,0.655669921875,0.6692975260416667,0.0,0.0,0.006896439261133629,0.0,0.00011628660290357708,0.006896439261133629,0.006896439261133629
hopfield,128,1.0,0.03333333333333333,0.664609375,0.060968260529038074,0.0,0.0,0.335390625,0.060968260529038074,0.9662760416666667,0.03372395833333333,-0.3016666666666667,0.06241362830718235,0.0034608968098958333,0.0010489799379985916,-120.23484375,8.70241699572767,64.21864583333333,11.672184518079927,0.656287109375,0.6721888020833334,0.0,0.0,0.006899208159178819,0.0,0.00011870325451728872,0.0070627669204335825,0.006899208159178819
hopfield,128,1.0,0.06666666666666667,0.6544010416666667,0.06099950193627822,0.0,0.0,0.3455989583333333,0.06099950193627822,0.931953125,0.068046875,-0.2775520833333333,0.06420895107240983,0.0032907875378926595,0.0010386233033565719,-120.46427083333333,8.656904861377026,72.15635416666667,12.33520194220756,0.6480878906249999,0.6611471354166667,0.0,0.0,0.006902743457215291,0.0,0.00011753129098078889,0.007265926816463706,0.006902743457215291
hopfield,128,1.0,0.1,0.64890625,0.06025323847008504,0.0,0.0,0.35109375,0.06025323847008508,0.9001302083333333,0.09986979166666667,-0.25122395833333333,0.06314278811972542,0.0032830127080281575,0.0010284176640412879,-120.00671875,8.828307045304628,78.83177083333334,12.121509680400694,0.641404296875,0.656595703125,0.0,0.0,0.006818295796249061,0.0,0.00011637641417402632,0.007145279120788166,0.006818295796249065
hopfield,128,1.0,0.13333333333333333,0.6440364583333333,0.06001030614052358,0.0,0.0,0.35596354166666666,0.060010306140523585,0.8669270833333333,0.13307291666666668,-0.222890625,0.06227870587446564,0.0032738828659057617,0.0010126083641445645,-120.26078125,8.576682188794944,85.693125,12.82047536570441,0.6379856770833333,0.65162109375,0.0,0.0,0.006790805415259095,0.0,0.00011458742347801605,0.007047499009875235,0.006790805415259096
hopfield,128,1.0,0.16666666666666666,0.6391145833333334,0.0624620800169447,0.0,0.0,0.3608854166666667,0.06246208001694469,0.8340364583333333,0.16596354166666666,-0.194921875,0.06724248462256527,0.003286569118499756,0.000992584057493701,-120.60046875,8.463609728576772,92.05552083333333,12.368836832830388,0.6321249999999999,0.6449928385416667,0.0,0.0,0.007068249747537685,0.0,0.00011232145986631455,0.007609203453172196,0.007068249747537684
hopfield,128,1.0,0.2,0.6272916666666667,0.0663930869716945,0.0,0.0,0.3727083333333333,0.06639308697169453,0.8002604166666667,0.19973958333333333,-0.17296875,0.07004361444738329,0.003318022092183431,0.00104895328507874,-120.31427083333334,8.834228934049698,97.9346875,12.74036311494447,0.6188684895833334,0.6349700520833332,0.0,0.0,0.007513085060545859,0.0,0.00011870023845548034,0.007926181132617375,0.007513085060545862
hopfield,128,1.0,0.23333333333333334,0.6173697916666666,0.06250463224019777,0.0,0.0,0.38263020833333333,0.0625046322401978,0.7663802083333333,0.23361979166666666,-0.14901041666666667,0.06511435260339757,0.0032959977785746255,0.0009870064561892443,-120.41963541666667,8.397473188137667,102.33604166666667,12.064700267138154,0.6092428385416667,0.6244804687500001,0.0,0.0,0.007073064984897441,0.0,0.0001116902948618607,0.00736838264472124,0.007073064984897444
hopfield,128,1.0,0.26666666666666666,0.6078125,0.06544521179798113,0.0,0.0,0.3921875,0.06544521179798117,0.7314583333333333,0.2685416666666667,-0.12364583333333333,0.06930364040890621,0.0033090790112813313,0.001015580618876869,-119.94786458333333,8.777930601187384,105.90354166666667,12.420198044272903,0.599732421875,0.6149134114583333,0.0,0.0,0.007405822887152348,0.0,0.0001149237657636961,0.007842445187396994,0.007405822887152353
hopfield,128,1.0,0.3,0.5946354166666666,0.06920218348305539,0.0,0.0,0.4053645833333333,0.06920218348305537,0.696484375,0.303515625,-0.10184895833333334,0.07083832996273129,0.0032693560918172202,0.0010067265250148715,-120.68286458333333,8.180075396697655,110.45552083333334,12.229554676789455,0.5871861979166666,0.6028170572916667,0.0,0.0,0.007830964255440572,0.0,0.0001139218307226638,0.008016111659093581,0.00783096425544057
hopfield,128,1.0,0.3333333333333333,0.574453125,0.07098820908386826,0.0,0.0,0.425546875,0.07098820908386824,0.6663020833333333,0.33369791666666665,-0.09184895833333333,0.07507806894503759,0.0032782975832621256,0.0010038636861296481,-120.89005208333333,7.913323630082421,113.21958333333333,11.62355998935895,0.5678619791666667,0.582669921875,0.0,0.0,0.00803307207827671,0.0,0.00011359787000566188,0.008495883289868326,0.008033072078276709
hopfield,128,1.0,0.36666666666666664,0.5673958333333333,0.0732907914840609,0.0,0.0,0.4326041666666667,0.0732907914840609,0.6338020833333333,0.3661979166666667,-0.06640625,0.07358933460595125,0.0033874018987019856,0.0010330221043713243,-119.62578125,8.30191092241698,114.64510416666667,10.821554105165657,0.5580319010416667,0.5740423177083334,0.0,0.0,0.008293633805718884,0.0,0.00011689745564737305,0.008327417140269352,0.008293633805718884
hopfield,128,1.0,0.4,0.5486197916666666,0.07324043133578342,0.0,0.0,0.4513802083333333,0.07324043133578341,0.601796875,0.398203125,-0.05317708333333333,0.07591296008740643,0.0033432316780090334,0.0010315449648118104,-120.19182291666667,8.195858136414401,117.27510416666667,11.076350703388545,0.540181640625,0.5554973958333334,0.0,0.0,0.008287935018466657,0.0,0.00011673030157059914,0.008590360116523301,0.008287935018466655
hopfield,128,1.0,0.43333333333333335,0.5344791666666666,0.07468758235839719,0.0,0.0,0.46552083333333333,0.07468758235839719,0.5679427083333334,0.4320572916666667,-0.033463541666666666,0.07507763391722903,0.0033473467826843264,0.0009699528694480238,-120.67328125,7.94680104847657,119.41364583333333,11.023472463105284,0.5268704427083333,0.5422285156250001,0.0,0.0,0.00845169557282962,0.0,0.00010976049985430502,0.008495834061837543,0.00845169557282962
hopfield,128,1.0,0.4666666666666667,0.5195833333333333,0.07023114409499437,0.0,0.0,0.48041666666666666,0.07023114409499437,0.534453125,0.465546875,-0.014869791666666667,0.07295301546878692,0.0033329089482625326,0.0010176219643789211,-119.62588541666666,8.295329225869096,119.5221875,11.216427832642843,0.5126243489583333,0.5276647135416667,0.0,0.0,0.007947402109953115,0.0,0.00011515476575321937,0.008255410851343415,0.007947402109953115
hopfield,128,1.0,0.5,0.5065364583333334,0.07065424178172125,0.0,0.0,0.49346354166666667,0.07065424178172126,0.4988020833333333,0.5011979166666667,0.007734375,0.0734337890660277,0.003096174399058024,0.0009426375388130778,-120.1996875,7.720619909532435,120.66135416666667,11.490923630986682,0.498953125,0.5137877604166667,0.0,0.0,0.00799528012036487,0.0,0.00010666947920926743,0.008309815505437516,0.007995280120364871
qam,8,0.1,0.0,1.0,0.0,1.0,0.0,0.0,0.0,1.0,0.0,0.0,0.0,3.4578641255696616e-06,2.4304242702867764e-06,,,,,1.0,1.0,1.0,1.0,0.0,0.0,2.7502839691223373e-07,0.0,0.0
qam,8,0.1,0.03333333333333333,1.0,0.0,1.0,0.0,0.0,0.0,0.9679166666666666,0.03208333333333333,0.03208333333333333,0.06015095049156762,4.134972890218099e-06,1.7758110671845746e-06,,,,,1.0,1.0,1.0,1.0,0.0,0.0,2.009519395431104e-07,0.00680672082183041,0.0
qam,8,0.1,0.06666666666666667,1.0,0.0,1.0,0.0,0.0,0.0,0.9320833333333334,0.06791666666666667,0.06791666666666667,0.08983583907418445,3.4054120381673177e-06,1.7038723479670205e-06,,,,,1.0,1.0,1.0,1.0,0.0,0.0,1.9281130711764972e-07,0.010165882190981832,0.0
qam,8,0.1,0.1,1.0,0.0,1.0,0.0,0.0,0.0,0.9033333333333333,0.09666666666666666,0.09666666666666666,0.10785095417570918,4.008611043294271e-06,1.9013361646058397e-06,,,,,1.0,1.0,1.0,1.0,0.0,0.0,2.151564415052098e-07,0.01220448437543792,0.0
qam,8,0.1,0.13333333333333333,1.0,0.0,1.0,0.0,0.0,0.0,0.8658333333333333,0.13416666666666666,0.13416666666666666,0.12061425378568026,3.8075447082519533e-06,1.8671926513373629e-06,,,,,1.0,1.0,1.0,1.0,0.0,0.0,2.112927392561894e-07,0.013648787690688594,0.0
qam,8,0.1,0.16666666666666666,1.0,0.0,1.0,0.0,0.0,0.0,0.8316666666666667,0.16833333333333333,0.16833333333333333,0.1344556306404656,3.363291422526042e-06,1.4489049944504647e-06,,,,,1.0,1.0,1.0,1.0,0.0,0.0,1.639590349609291e-07,0.015215086930689403,0.0
qam,8,0.1,0.2,1.0,0.0,1.0,0.0,0.0,0.0,0.805,0.195,0.195,0.14707288935289434,3.597736358642578e-06,1.6416859619684567e-06,,,,,1.0,1.0,1.0,1.0,0.0,0.0,1.8577425508519434e-07,0.016642864162644357,0.0
qam,8,0.1,0.23333333333333334,1.0,0.0,1.0,0.0,0.0,0.0,0.77875,0.22125,0.22125,0.15757257976239578,3.955364227294922e-06,2.0074156058116903e-06,,,,,1.0,1.0,1.0,1.0,0.0,0.0,2.2716046031660364e-07,0.017831015983173704,0.0
qam,8,0.1,0.26666666666666666,1.0,0.0,1.0,0.0,0.0,0.0,0.7520833333333333,0.24791666666666667,0.24791666666666667,0.15918713789686295,3.556410471598307e-06,8.531835206769551e-07,,,,,1.0,1.0,1.0,1.0,0.0,0.0,9.654680412487455e-08,0.01801372043559086,0.0
qam,8,0.1,0.3,1.0,0.0,1.0,0.0,0.0,0.0,0.71375,0.28625,0.28625,0.16225219077525968,3.2599767049153647e-06,1.3940301164231504e-06,,,,,1.0,1.0,1.0,1.0,0.0,0.0,1.5774935794316882e-07,0.018360563820057726,0.0
qam,8,0.1,0.3333333333333333,1.0,0.0,1.0,0.0,0.0,0.0,0.6816666666666666,0.31833333333333336,0.31833333333333336,0.16647703816545792,3.678003946940104e-06,1.3165570651197211e-06,,,,,1.0,1.0,1.0,1.0,0.0,0.0,1.489824568862734e-07,0.01883865030854887,0.0
qam,8,0.1,0.36666666666666664,1.0,0.0,1.0,0.0,0.0,0.0,0.6425,0.3575,0.3575,0.1692435955917666,3.6096572875976564e-06,1.1706188289413996e-06,,,,,1.0,1.0,1.0,1.0,0.0,0.0,1.3246799081752124e-07,0.019151715752811212,0.0
qam,8,0.1,0.4,1.0,0.0,1.0,0.0,0.0,0.0,0.6025,0.3975,0.3975,0.1708049504659597,3.1423568725585937e-06,8.321299737049942e-07,,,,,1.0,1.0,1.0,1.0,0.0,0.0,9.416437100658958e-08,0.019328399689566733,0.0
qam,8,0.1,0.43333333333333335,1.0,0.0,1.0,0.0,0.0,0.0,0.5770833333333333,0.42291666666666666,0.42291666666666666,0.1671927663685708,3.581841786702474e-06,1.6795944406667226e-06,,,,,1.0,1.0,1.0,1.0,0.0,0.0,1.9006400327987288e-07,0.018919642579212703,0.0
qam,8,0.1,0.4666666666666667,1.0,0.0,1.0,0.0,0.0,0.0,0.545,0.455,0.455,0.1715437481375629,3.7439664204915364e-06,1.674593091662185e-06,,,,,1.0,1.0,1.0,1.0,0.0,0.0,1.8949804736183303e-07,0.01941200251634378,0.0
qam,8,0.1,0.5,1.0,0.0,1.0,0.0,0.0,0.0,0.5045833333333334,0.49541666666666667,0.49541666666666667,0.1671427495225226,3.4467379252115886e-06,1.3086671954739613e-06,,,,,1.0,1.0,1.0,1.0,0.0,0.0,1.4808963408695873e-07,0.01891398264026483,0.0
qam,8,0.25,0.0,1.0,0.0,1.0,0.0,0.0,0.0,1.0,0.0,0.0,0.0,4.0038426717122395e-06,1.6919067320122734e-06,,,,,1.0,1.0,1.0,1.0,0.0,0.0,1.9145727020552108e-07,0.0,0.0
qam,8,0.25,0.03333333333333333,1.0,0.0,1.0,0.0,0.0,0.0,0.9620833333333333,0.03791666666666667,0.03791666666666667,0.06834945903754203,3.6835670471191405e-06,1.5290657475128935e-06,,,,,1.0,1.0,1.0,1.0,0.0,0.0,1.7303007810330025e-07,0.007734469400560876,0.0
qam,8,0.25,0.06666666666666667,0.9979166666666667,0.025980628020315213,0.9933333333333333,0.08151300584956363,0.0020833333333333333,0.02598062802031523,0.925,0.075,0.07291666666666667,0.08821573807264342,3.604888916015625e-06,1.988915495615939e-06,,,,,0.995,1.0,0.98325,1.0,0.002939984825923926,0.009224064950461415,2.2506697577069892e-07,0.009982550504108428,0.0029399848259239283
qam,8,0.25,0.1,0.9841666666666666,0.08829567359431494,0.96,0.1962865968262873,0.015833333333333335,0.08829567359431494,0.8883333333333333,0.11166666666666666,0.09583333333333334,0.1133045982983069,3.678003946940104e-06,1.5045711483913569e-06,,,,,0.9749791666666666,0.9925,0.94,0.98,0.009991596059919582,0.022211919425130608,1.7025825327758406e-07,0.01282162230427818,0.009991596059919582
qam,8,0.25,0.13333333333333333,0.97875,0.10333334457151022,0.95,0.21830909938949908,0.02125,0.10333334457151017,0.8516666666666667,0.14833333333333334,0.12708333333333333,0.12498257961109234,3.6795934041341146e-06,1.2778876019055275e-06,,,,,0.9695729166666667,0.9900104166666667,0.9266666666666666,0.9766666666666667,0.011693268723706652,0.024704000190618122,1.4460659518703134e-07,0.014143110292565686,0.011693268723706646
qam,8,0.25,0.16666666666666666,0.9645833333333333,0.12950023458697865,0.9166666666666666,0.2768471963423705,0.035416666666666666,0.12950023458697865,0.8195833333333333,0.18041666666666667,0.145,0.14607461327054902,3.7320454915364585e-06,1.6690978761569238e-06,,,,,0.9483333333333334,0.9775104166666667,0.89,0.95,0.014654331078586711,0.031328209453201514,1.888762051881944e-07,0.0165298985895303,0.014654331078586711
qam,8,0.25,0.2,0.9516666666666667,0.15148834261657873,0.8933333333333333,0.3092047555018715,0.04833333333333333,0.15148834261657873,0.7895833333333333,0.21041666666666667,0.16208333333333333,0.1604427706829977,3.6398569742838544e-06,1.5591330336477345e-06,,,,,0.9349791666666667,0.9654270833333334,0.8599166666666667,0.9266666666666666,0.01714251973619931,0.03498981196944871,1.764325118290756e-07,0.01815580866129819,0.01714251973619931
qam,8,0.25,0.23333333333333334,0.9366666666666666,0.17060698902615562,0.86,0.34756679298414617,0.06333333333333334,0.17060698902615562,0.7566666666666667,0.24333333333333335,0.18,0.16982924731667148,3.7566820780436196e-06,1.5196488569107108e-06,,,,,0.91496875,0.9554166666666667,0.82325,0.89,0.01930599824381696,0.03933088517219125,1.7196445661577676e-07,0.019217988484292153,0.01930599824381696
qam,8,0.25,0.26666666666666666,0.9216666666666666,0.1926463016706528,0.8366666666666667,0.37028718253185616,0.07833333333333334,0.19264630167065283,0.7233333333333334,0.27666666666666667,0.19833333333333333,0.17981704439161122,3.261566162109375e-06,1.4138877182654206e-06,,,,,0.8991041666666667,0.9408541666666667,0.7965833333333333,0.8833333333333333,0.021799981249075697,0.0419019392843981,1.5999645712991147e-07,0.020348214120938405,0.0217999812490757
qam,8,0.25,0.3,0.895,0.2171474384685317,0.7833333333333333,0.41266191376532885,0.105,0.21714743846853182,0.6954166666666667,0.3045833333333333,0.19958333333333333,0.19372965783095752,3.877480824788411e-06,1.6349339000360806e-06,,,,,0.8745833333333334,0.9166666666666666,0.7365833333333334,0.8333333333333334,0.024572545882514316,0.046697091531356864,1.8501018734944284e-07,0.02192257453934861,0.02457254588251433
qam,8,0.25,0.3333333333333333,0.86625,0.23597025385065198,0.7233333333333334,0.4480976760855455,0.13375,0.235970253850652,0.6625,0.3375,0.20375,0.20825486259062986,3.885428110758464e-06,1.428157025214281e-06,,,,,0.8449687499999999,0.8925416666666667,0.67,0.76675,0.026702547957957973,0.05070702552660214,1.6161118121869395e-07,0.023566256191442737,0.026702547957957977
qam,8,0.25,0.36666666666666664,0.8495833333333334,0.24690778556131332,0.6933333333333334,0.46188021535170076,0.15041666666666667,0.24690778556131332,0.6275,0.3725,0.22208333333333333,0.20901963323848965,3.426074981689453e-06,1.4624445599013946e-06,,,,,0.8254166666666667,0.8784270833333333,0.6399166666666667,0.7400833333333333,0.02794024618593237,0.05226666666666668,1.6549118102545888e-07,0.02365279813716713,0.02794024618593237
qam,8,0.25,0.4,0.8254166666666667,0.25780020599213554,0.6466666666666666,0.4788037862995706,0.17458333333333334,0.2578002059921355,0.59125,0.40875,0.23416666666666666,0.22365197571904505,3.6025047302246092e-06,1.556124654427581e-06,,,,,0.7978020833333334,0.8517187500000001,0.6033333333333334,0.6900833333333333,0.02917283959203328,0.054181749002177544,1.7609208167276994e-07,0.025308603563691728,0.029172839592033272
qam,8,0.25,0.43333333333333335,0.8083333333333333,0.2688024144527121,0.6166666666666667,0.48701076700570706,0.19166666666666668,0.26880241445271214,0.56125,0.43875,0.24708333333333332,0.22639809343556705,3.7018458048502606e-06,1.2915843811914416e-06,,,,,0.7765729166666666,0.8425416666666667,0.5598333333333334,0.67,0.030417856683246553,0.055110456296082244,1.4615653167175102e-07,0.02561935603705236,0.030417856683246557
qam,8,0.25,0.4666666666666667,0.77625,0.279767320008041,0.5633333333333334,0.49680136292375304,0.22375,0.279767320008041,0.5316666666666666,0.4683333333333333,0.24458333333333335,0.23295091791206962,3.363291422526042e-06,9.382585046887433e-07,,,,,0.7449895833333333,0.8059270833333333,0.5066666666666667,0.6133333333333333,0.03165865255335211,0.05621836652108914,1.061739448492943e-07,0.026360877932242743,0.03165865255335211
qam,8,0.25,0.5,0.7604166666666666,0.2832153707156224,0.5366666666666666,0.49948691623222674,0.23958333333333334,0.28321537071562247,0.5070833333333333,0.49291666666666667,0.25333333333333335,0.23533344071043302,3.669261932373047e-06,1.5792867490692383e-06,,,,,0.72790625,0.78625,0.49,0.5900833333333333,0.03204883622217563,0.05652226548650094,1.7871311942173577e-07,0.026630485767323908,0.032048836222175636
qam,8,0.5,0.0,1.0,0.0,1.0,0.0,0.0,0.0,1.0,0.0,0.0,0.0,3.6104520161946613e-06,1.3880748268183705e-06,,,,,1.0,1.0,1.0,1.0,0.0,0.0,1.5707545348411014e-07,0.0,0.0
qam,8,0.5,0.03333333333333333,0.995,0.04308349209349098,0.9833333333333333,0.12823299585640938,0.005,0.04308349209349098,0.9675,0.0325,0.0275,0.06525291674563449,3.4952163696289063e-06,1.1022999364713217e-06,,,,,0.9904062499999999,0.9995833333333334,0.97,0.9933333333333333,0.004875356088530001,0.014510929516631261,1.247369803496873e-07,0.00738406265350606,0.004875356088530001
qam,8,0.5,0.06666666666666667,0.9870833333333333,0.06850220113805162,0.96,0.19628659682628746,0.012916666666666667,0.06850220113805164,0.9366666666666666,0.06333333333333334,0.050416666666666665,0.08918195515896404,4.054705301920573e-06,1.2734405572086786e-06,,,,,0.9783125,0.9933333333333333,0.9366666666666666,0.98,0.0077517537963586545,0.02221191942513063,1.4410336470627786e-07,0.010091888260305463,0.007751753796358656
qam,8,0.5,0.1,0.97375,0.10716639532813178,0.9333333333333333,0.24986060773937227,0.02625,0.10716639532813178,0.9025,0.0975,0.07125,0.10612758539263437,3.498395284016927e-06,1.3851373345467445e-06,,,,,0.9641458333333333,0.9841875,0.9033333333333333,0.9566666666666667,0.012127019249392633,0.028274389471089168,1.5674304494117207e-07,0.012009466838996957,0.012127019249392633
qam,8,0.5,0.13333333333333333,0.94875,0.14540229339001814,0.8766666666666667,0.3293688434044333,0.05125,0.14540229339001814,0.8683333333333333,0.13166666666666665,0.08041666666666666,0.12579942251286688,3.626346588134766e-06,8.138216491783037e-07,,,,,0.9308124999999999,0.96375,0.84,0.9133333333333333,0.01645381843298512,0.037271593318836144,9.2092589052186e-08,0.014235544768533817,0.01645381843298512
qam,8,0.5,0.16666666666666666,0.9308333333333333,0.1701714821388511,0.8366666666666667,0.37028718253185616,0.06916666666666667,0.17017148213885117,0.8395833333333333,0.16041666666666668,0.09125,0.1396382839140046,3.4610430399576825e-06,1.2314648743642492e-06,,,,,0.9091666666666667,0.9479166666666666,0.7965833333333333,0.8734166666666666,0.019256716000167602,0.0419019392843981,1.3935336903550652e-07,0.015801559358157875,0.019256716000167606
qam,8,0.5,0.2,0.9041666666666667,0.19392781875010306,0.77,0.42153565411754634,0.09583333333333334,0.19392781875010306,0.80375,0.19625,0.10041666666666667,0.15290468446276506,3.833770751953125e-06,1.8186752766558463e-06,,,,,0.8833229166666666,0.9266875,0.7166666666666667,0.82,0.021944998558310874,0.04770124978204691,2.058024814669709e-07,0.01730279390404671,0.021944998558310874
qam,8,0.5,0.23333333333333334,0.8845833333333334,0.2094192712226367,0.7333333333333333,0.44295551414779255,0.11541666666666667,0.20941927122263673,0.7704166666666666,0.22958333333333333,0.11416666666666667,0.16448756615711066,3.227392832438151e-06,7.146703045872331e-07,,,,,0.8599791666666666,0.9108333333333334,0.68325,0.7800833333333334,0.02369802143232137,0.050125135125122386,8.087255817611308e-08,0.018613520357434226,0.023698021432321373
qam,8,0.5,0.26666666666666666,0.855,0.23248871659605672,0.68,0.46725556090572584,0.145,0.23248871659605674,0.7366666666666667,0.2633333333333333,0.11833333333333333,0.17635444950939413,3.883043924967448e-06,1.595453658810254e-06,,,,,0.8341562499999999,0.8829270833333334,0.6299166666666667,0.7268333333333333,0.026308574929615653,0.05287494427837699,1.8054257748115998e-07,0.019956384623819243,0.026308574929615653
qam,8,0.5,0.3,0.8254166666666667,0.2493508154242358,0.6166666666666667,0.4870107670057071,0.17458333333333334,0.24935081542423582,0.7008333333333333,0.2991666666666667,0.12458333333333334,0.191122567588693,3.7638346354166668e-06,1.6181116107512837e-06,,,,,0.7986666666666666,0.85303125,0.5633333333333334,0.6600833333333334,0.0282167010399357,0.05511045629608225,1.8310656611303804e-07,0.02162755450572669,0.028216701039935704
qam,8,0.5,0.3333333333333333,0.7958333333333333,0.2596050619360716,0.5566666666666666,0.49760855075870924,0.20416666666666666,0.25960506193607163,0.6666666666666666,0.3333333333333333,0.12916666666666668,0.19473454761719727,3.6597251892089843e-06,7.244004484635998e-07,,,,,0.7616458333333334,0.82296875,0.49325,0.6166666666666667,0.029377078268788954,0.05630970842339366,8.19736276086228e-08,0.02203628852351253,0.02937707826878896
qam,8,0.5,0.36666666666666664,0.7558333333333334,0.2700321525923678,0.48,0.5004345937369793,0.24416666666666667,0.27003215259236774,0.6341666666666667,0.36583333333333334,0.12166666666666667,0.20596592459888885,3.418127695719401e-06,1.3823215089672784e-06,,,,,0.7295208333333334,0.7858854166666668,0.42,0.5334166666666667,0.030557014653855297,0.05662950529154581,1.564244042805381e-07,0.02330723847416749,0.03055701465385529
qam,8,0.5,0.4,0.7233333333333334,0.2743518763603236,0.42,0.4943831669050471,0.27666666666666667,0.2743518763603236,0.595,0.405,0.12833333333333333,0.20264073243970776,4.019737243652344e-06,1.9565565131805457e-06,,,,,0.6937395833333333,0.7510104166666667,0.37,0.47350000000000003,0.0310458374151851,0.055944721881107926,2.214052121956227e-07,0.022930957558878248,0.0310458374151851
qam,8,0.5,0.43333333333333335,0.68375,0.2740072152578795,0.35333333333333333,0.47880378629957066,0.31625,0.2740072152578794,0.54875,0.45125,0.135,0.19903613896824018,3.372033437093099e-06,1.1850420179385885e-06,,,,,0.6512291666666666,0.7162604166666667,0.29991666666666666,0.41333333333333333,0.031006835339851147,0.05418174900217755,1.341001282993408e-07,0.022523059408708333,0.031006835339851133
qam,8,0.5,0.4666666666666667,0.6479166666666667,0.2734523058979241,0.3,0.45902324683737294,0.35208333333333336,0.2734523058979241,0.51375,0.48625,0.13416666666666666,0.20038459398677927,3.6827723185221355e-06,1.5104201760577578e-06,,,,,0.6195208333333334,0.6766979166666667,0.24325000000000002,0.35008333333333336,0.030944041434455304,0.05194337024466724,1.709201330663321e-07,0.02267565145882529,0.030944041434455304
qam,8,0.5,0.5,0.6229166666666667,0.2664838115061997,0.25666666666666665,0.43752368943667863,0.3770833333333333,0.26648381150619976,0.4825,0.5175,0.14041666666666666,0.20298213932553968,3.752708435058594e-06,1.1509324799748105e-06,,,,,0.5895729166666667,0.6538541666666667,0.20658333333333334,0.30341666666666667,0.03015548206032525,0.0495104662951285,1.302402707179779e-07,0.022969591384936143,0.030155482060325256
qam,8,0.75,0.0,1.0,0.0,1.0,0.0,0.0,0.0,1.0,0.0,0.0,0.0,3.3974647521972656e-06,1.1468394587997712e-06,,,,,1.0,1.0,1.0,1.0,0.0,0.0,1.2977710177004518e-07,0.0,0.0
qam,8,0.75,0.03333333333333333,0.9941666666666666,0.04174463162836851,0.9766666666666667,0.1512121222276315,0.005833333333333334,0.04174463162836849,0.965,0.035,0.029166666666666667,0.06370767443168734,3.7948290506998697e-06,1.3156564186595802e-06,,,,,0.9895833333333334,0.9979166666666667,0.9599166666666666,0.9900833333333333,0.0047238497643406225,0.017111262456680095,1.4888053914493683e-07,0.007209202024585626,0.004723849764340622
qam,8,0.75,0.06666666666666667,0.975,0.09644604431952064,0.92,0.27174648819470293,0.025,0.09644604431952065,0.9191666666666667,0.08083333333333333,0.05583333333333333,0.10175782232127138,3.962516784667969e-06,1.912160770671738e-06,,,,,0.965,0.985,0.89325,0.95,0.010913897331429362,0.03075100998966725,2.1638136099350934e-07,0.011514981597429882,0.010913897331429364
qam,8,0.75,0.1,0.9525,0.12985552816102958,0.8533333333333334,0.35436441131823404,0.0475,0.12985552816102958,0.89125,0.10875,0.06125,0.11360475769042278,3.410975138346354e-06,1.3427507057500431e-06,,,,,0.9387395833333333,0.9679166666666666,0.81,0.8966666666666666,0.014694536331348164,0.04010010810009791,1.5194654635819207e-07,0.012855588537022407,0.014694536331348164
qam,8,0.75,0.13333333333333333,0.935,0.15519164977709046,0.8166666666666667,0.38758607487931845,0.065,0.15519164977709052,0.8641666666666666,0.13583333333333333,0.07083333333333333,0.12721011595345655,3.7066141764322917e-06,1.1416970666808626e-06,,,,,0.9195625,0.95125,0.7733333333333333,0.85675,0.017561588391857917,0.04385949323448209,1.291951853211156e-07,0.014395179759116842,0.017561588391857924
qam,8,0.75,0.16666666666666666,0.9070833333333334,0.17988823096863688,0.7533333333333333,0.43179127043782384,0.09291666666666666,0.17988823096863682,0.83,0.17,0.07708333333333334,0.14182662783636102,3.922780354817708e-06,2.049301070471935e-06,,,,,0.8899895833333333,0.9279999999999999,0.70325,0.8000833333333334,0.02035626964046246,0.04886178201931758,2.3190024683876167e-07,0.01604919378487766,0.020356269640462454
qam,8,0.75,0.2,0.88625,0.1956586189016514,0.7033333333333334,0.4575515273966042,0.11375,0.19565861890165143,0.8041666666666667,0.19583333333333333,0.08208333333333333,0.14913993021601674,3.5842259724934896e-06,9.028487657829405e-07,,,,,0.8658333333333333,0.9058437500000001,0.65325,0.7534166666666666,0.022140857033259208,0.05177682951206855,1.021669556806112e-07,0.016876771855999294,0.02214085703325921
qam,8,0.75,0.23333333333333334,0.85125,0.21470915421334513,0.6266666666666667,0.4844976941199831,0.14875,0.2147091542133452,0.7754166666666666,0.22458333333333333,0.07583333333333334,0.15698392294254315,3.781318664550781e-06,9.214455885823282e-07,,,,,0.8295833333333333,0.8746458333333333,0.5666666666666667,0.6866666666666666,0.02429662804458013,0.054826075327897336,1.0427138428787366e-07,0.017764403193186867,0.024296628044580132
qam,8,0.75,0.26666666666666666,0.8216666666666667,0.22830015057242847,0.5733333333333334,0.4954193746157941,0.17833333333333334,0.22830015057242847,0.7416666666666667,0.25833333333333336,0.08,0.16877980351208666,3.3887227376302082e-06,1.6292349188847852e-06,,,,,0.7933125,0.8479583333333334,0.5265,0.63,0.025834594064248637,0.05606197982205221,1.8436528692228868e-07,0.019099232738329173,0.025834594064248637
qam,8,0.75,0.3,0.79875,0.24465118333050567,0.5366666666666666,0.4994869162322266,0.20125,0.2446511833305057,0.7225,0.2775,0.07625,0.17430134066569752,3.623167673746745e-06,1.2509537879987157e-06,,,,,0.772875,0.82375,0.48991666666666667,0.5933333333333334,0.02768488760447187,0.05652226548650092,1.4155874722398874e-07,0.01972405348687681,0.027684887604471874
qam,8,0.75,0.3333333333333333,0.7608333333333334,0.25779513830430045,0.47333333333333333,0.5001226159575232,0.23916666666666667,0.25779513830430034,0.6908333333333333,0.30916666666666665,0.07,0.18821907821653538,3.7741661071777344e-06,9.868207620937413e-07,,,,,0.7328958333333333,0.7933333333333333,0.41966666666666663,0.5200833333333333,0.02917226612916987,0.056594201682375576,1.116692815967997e-07,0.021298993753088226,0.029172266129169858
qam,8,0.75,0.36666666666666664,0.7454166666666666,0.2658634127448591,0.44666666666666666,0.49797807458237725,0.25458333333333333,0.26586341274485914,0.66,0.34,0.08541666666666667,0.19623822561587007,3.5937627156575523e-06,1.5208462409730587e-06,,,,,0.71875,0.7808645833333334,0.38666666666666666,0.5133333333333333,0.030085277331519722,0.05635152398049073,1.7209995337787786e-07,0.022206445707384947,0.03008527733151973
qam,8,0.75,0.4,0.6991666666666667,0.2754961572589299,0.37666666666666665,0.48535980056955547,0.30083333333333334,0.27549615725892995,0.6154166666666666,0.38458333333333333,0.08375,0.2006378311726352,3.840923309326172e-06,1.3919408668621827e-06,,,,,0.6704166666666667,0.7304375000000001,0.3165833333333333,0.4266666666666667,0.03117532498861352,0.054923631856480554,1.5751293709906873e-07,0.022704307944080147,0.03117532498861353
qam,8,0.75,0.43333333333333335,0.6425,0.27736140291339567,0.28,0.44974909393087026,0.3575,0.2773614029133956,0.5704166666666667,0.4295833333333333,0.07208333333333333,0.20153526888422377,3.3275286356608074e-06,8.504517528086762e-07,,,,,0.6087395833333333,0.6737604166666666,0.23333333333333334,0.33008333333333334,0.0313863974044328,0.05089390104796053,9.623767548970813e-08,0.022805862581335996,0.031386397404432796
qam,8,0.75,0.4666666666666667,0.6045833333333334,0.2631369349673962,0.21,0.4079887859958013,0.3954166666666667,0.2631369349673962,0.535,0.465,0.06958333333333333,0.19397766409938474,3.5969416300455728e-06,1.3618671941219654e-06,,,,,0.5791666666666667,0.6354375,0.17,0.2500833333333334,0.02977674732648321,0.0461682773425208,1.5410978066086005e-07,0.021950639090572696,0.02977674732648321
qam,8,0.75,0.5,0.5666666666666667,0.25544515977877424,0.16,0.3672185974698982,0.43333333333333335,0.25544515977877424,0.49166666666666664,0.5083333333333333,0.075,0.196648337297504,3.8941701253255206e-06,1.2463305709125575e-06,,,,,0.53790625,0.5933437500000001,0.12333333333333334,0.19666666666666666,0.028906341025246602,0.04155469619573378,1.410355809606625e-07,0.022252854212983623,0.028906341025246602
qam,8,1.0,0.0,1.0,0.0,1.0,0.0,0.0,0.0,1.0,0.0,0.0,0.0,3.460248311360677e-06,2.130739076139653e-06,,,,,1.0,1.0,1.0,1.0,0.0,0.0,2.411158247196883e-07,0.0,0.0
qam,8,1.0,0.03333333333333333,0.9866666666666667,0.0640838880263268,0.9533333333333334,0.21127631471468894,0.013333333333333334,0.06408388802632678,0.96125,0.03875,0.025416666666666667,0.06569853407920205,4.00543212890625e-06,1.8866034386756803e-06,,,,,0.9791666666666666,0.9933333333333333,0.9233333333333333,0.9733333333333334,0.00725177460053265,0.023908165686087876,2.134892766220016e-07,0.007434489001854256,0.007251774600532649
qam,8,1.0,0.06666666666666667,0.96625,0.10602905908871142,0.8966666666666666,0.3049023456071546,0.03375,0.10602905908871145,0.9258333333333333,0.07416666666666667,0.04041666666666666,0.09470642751999936,3.92913818359375e-06,1.404552245758301e-06,,,,,0.9545520833333333,0.9779166666666667,0.8565833333333334,0.9266666666666666,0.011998317538130892,0.03450294845731645,1.5894004896717187e-07,0.010717041158841244,0.011998317538130895
qam,8,1.0,0.1,0.9425,0.13687720004798679,0.83,0.37626042358254347,0.0575,0.13687720004798676,0.8895833333333333,0.11041666666666666,0.05291666666666667,0.1080083131426247,3.4968058268229165e-06,1.0542865556293483e-06,,,,,0.9262291666666667,0.9554479166666667,0.7899166666666667,0.86675,0.015489113305550974,0.042577875140793676,1.193037548323391e-07,0.012222291218851905,0.01548911330555097
qam,8,1.0,0.13333333333333333,0.9195833333333333,0.16113179255128868,0.77,0.4215356541175464,0.08041666666666666,0.16113179255128865,0.8608333333333333,0.13916666666666666,0.05875,0.11894401946246094,3.4459431966145833e-06,9.292758251159403e-07,,,,,0.9016666666666666,0.939625,0.7232500000000001,0.8068333333333334,0.018233778825680714,0.047701249782046914,1.0515745896529153e-07,0.01345978288440899,0.01823377882568071
qam,8,1.0,0.16666666666666666,0.8933333333333333,0.18480457604357195,0.7133333333333334,0.4529600404188833,0.10666666666666667,0.1848045760435719,0.8341666666666666,0.16583333333333333,0.059166666666666666,0.13616267158316347,3.7201245625813802e-06,1.0435140417970773e-06,,,,,0.8708229166666667,0.9162604166666667,0.6666666666666666,0.77,0.02091260645834126,0.05125725384852526,1.180847301352006e-07,0.015408256798055135,0.020912606458341254
qam,8,1.0,0.2,0.8658333333333333,0.20476997182226012,0.6566666666666666,0.4756149572016583,0.13416666666666666,0.20476997182226014,0.7991666666666667,0.20083333333333334,0.06666666666666667,0.15140552941249474,3.226598103841146e-06,7.598066011495678e-07,,,,,0.8395729166666667,0.8846458333333334,0.6133333333333333,0.71,0.023171903677292653,0.053820899019913986,8.598021095832848e-08,0.017133148539967922,0.023171903677292657
qam,8,1.0,0.23333333333333334,0.8383333333333334,0.21737193336215446,0.5933333333333334,0.4920323923679753,0.16166666666666665,0.21737193336215438,0.7679166666666667,0.23208333333333334,0.07041666666666667,0.15735133044517005,3.835360209147135e-06,1.5549255009511836e-06,,,,,0.8170729166666667,0.8608333333333333,0.5366666666666666,0.6466666666666666,0.024597949871218213,0.055678706699998554,1.7595638468261997e-07,0.017805979266013478,0.024597949871218203
qam,8,1.0,0.26666666666666666,0.8045833333333333,0.24017011053738696,0.5466666666666666,0.49864923451845544,0.19541666666666666,0.240170110537387,0.7341666666666666,0.2658333333333333,0.07041666666666667,0.1719509624880228,4.192193349202474e-06,2.1717428550934727e-06,,,,,0.78040625,0.8333645833333334,0.48333333333333334,0.5933333333333334,0.027177806482132257,0.056427472876964486,2.4575583911177705e-07,0.01945808315805554,0.027177806482132257
qam,8,1.0,0.3,0.7770833333333333,0.2405093043393573,0.47333333333333333,0.5001226159575232,0.22291666666666668,0.24050930433935733,0.7033333333333334,0.2966666666666667,0.07375,0.17833216770996138,4.051526387532552e-06,2.530106903480508e-06,,,,,0.7495625,0.80209375,0.41325,0.5234166666666666,0.027216189874175758,0.056594201682375576,2.863085487533883e-07,0.020180184506373072,0.02721618987417576
qam,8,1.0,0.3333333333333333,0.7141666666666666,0.2538732840810995,0.37,0.4836109993188816,0.28583333333333333,0.2538732840810995,0.6741666666666667,0.3258333333333333,0.04,0.18476686928836045,4.034042358398438e-06,1.6393398586647594e-06,,,,,0.6870625,0.7416770833333334,0.31666666666666665,0.4201666666666667,0.028728466545238314,0.05472573636540475,1.8550876850390281e-07,0.02090833953730802,0.028728466545238314
qam,8,1.0,0.36666666666666664,0.6841666666666667,0.25769781937232805,0.32,0.4672555609057258,0.31583333333333335,0.25769781937232805,0.6420833333333333,0.35791666666666666,0.042083333333333334,0.18641641555628014,4.059473673502604e-06,2.0424916392992108e-06,,,,,0.6536666666666667,0.7162604166666667,0.26983333333333337,0.36,0.029161253455301853,0.05287494427837698,2.31129687162324e-07,0.02109500326974556,0.029161253455301853
qam,8,1.0,0.4,0.6604166666666667,0.2525907427704613,0.27,0.4447012450223348,0.33958333333333335,0.2525907427704613,0.61,0.39,0.050416666666666665,0.1820482030020524,4.088083902994792e-06,1.5791770004216213e-06,,,,,0.6249375,0.6879270833333333,0.20991666666666667,0.3201666666666667,0.028583333333333332,0.05032268317043091,1.7870070019313177e-07,0.020600693485709625,0.028583333333333332
qam,8,1.0,0.43333333333333335,0.6083333333333333,0.2504872620521654,0.2,0.40066833797650675,0.39166666666666666,0.25048726205216537,0.5733333333333334,0.4266666666666667,0.035,0.18774092659405583,3.882249196370443e-06,1.5827466425085936e-06,,,,,0.5804166666666667,0.6370833333333333,0.14991666666666667,0.24675000000000002,0.028345302082180446,0.04533989066615324,1.791046432218173e-07,0.02124488580336963,0.02834530208218044
qam,8,1.0,0.4666666666666667,0.5766666666666667,0.24419971449085193,0.15666666666666668,0.3640935354604673,0.42333333333333334,0.24419971449085195,0.53,0.47,0.04666666666666667,0.18376102944321193,4.119873046875e-06,2.1955785712336816e-06,,,,,0.547875,0.6046041666666667,0.11991666666666666,0.19350000000000003,0.02763379909587533,0.04120106213882745,2.48453104309233e-07,0.020794518043857825,0.027633799095875333
qam,8,1.0,0.5,0.545,0.2257373647837942,0.09666666666666666,0.29599707733047426,0.455,0.22573736478379416,0.4920833333333333,0.5079166666666667,0.05291666666666667,0.17930628974102167,3.876686096191407e-06,1.7835069059818108e-06,,,,,0.5220729166666667,0.5758645833333333,0.06,0.12341666666666669,0.02554458755151974,0.03349522248611399,2.0182280568495036e-07,0.02029041679127689,0.025544587551519737
qam,12,0.1,0.0,1.0,0.0,1.0,0.0,0.0,0.0,1.0,0.0,0.0,0.0,3.816286722819011e-06,2.0509535491756533e-06,,,,,1.0,1.0,1.0,1.0,0.0,0.0,2.3208724240754838e-07,0.0,0.0
qam,12,0.1,0.03333333333333333,1.0,0.0,1.0,0.0,0.0,0.0,0.965,0.035,0.035,0.050792676139982666,3.7741661071777344e-06,1.874184563107472e-06,,,,,1.0,1.0,1.0,1.0,0.0,0.0,2.1208394855614344e-07,0.005747732387486972,0.0
qam,12,0.1,0.06666666666666667,1.0,0.0,1.0,0.0,0.0,0.0,0.9280555555555556,0.07194444444444444,0.07194444444444444,0.07362587758470306,3.666083017985026e-06,1.870433047262153e-06,,,,,1.0,1.0,1.0,1.0,0.0,0.0,2.1165942457424327e-07,0.008331552367598746,0.0
qam,12,0.1,0.1,1.0,0.0,1.0,0.0,0.0,0.0,0.8952777777777777,0.10472222222222222,0.10472222222222222,0.08797505572506234,3.934701283772787e-06,1.4484069644331928e-06,,,,,1.0,1.0,1.0,1.0,0.0,0.0,1.6390267755907997e-07,0.009955314732548064,0.0
qam,12,0.1,0.13333333333333333,1.0,0.0,1.0,0.0,0.0,0.0,0.8566666666666667,0.14333333333333334,0.14333333333333334,0.1018319744575589,3.771781921386719e-06,1.9888485845395384e-06,,,,,1.0,1.0,1.0,1.0,0.0,0.0,2.2505940406961646e-07,0.011523372701575812,0.0
qam,12,0.1,0.16666666666666666,1.0,0.0,1.0,0.0,0.0,0.0,0.8244444444444444,0.17555555555555555,0.17555555555555555,0.10932322238009158,3.414154052734375e-06,1.5680461526167395e-06,,,,,1.0,1.0,1.0,1.0,0.0,0.0,1.7744112618974617e-07,0.012371087206485346,0.0
qam,12,0.1,0.2,1.0,0.0,1.0,0.0,0.0,0.0,0.7975,0.2025,0.2025,0.11898184598073785,3.996690114339192e-06,1.4887445680549345e-06,,,,,1.0,1.0,1.0,1.0,0.0,0.0,1.6846730711573744e-07,0.013464063357908887,0.0
qam,12,0.1,0.23333333333333334,1.0,0.0,1.0,0.0,0.0,0.0,0.7575,0.2425,0.2425,0.12329946957438391,3.494421641031901e-06,1.6909204381893961e-06,,,,,1.0,1.0,1.0,1.0,0.0,0.0,1.9134566055271e-07,0.013952648462142888,0.0
qam,12,0.1,0.26666666666666666,1.0,0.0,1.0,0.0,0.0,0.0,0.7244444444444444,0.27555555555555555,0.27555555555555555,0.13371137413991283,3.848075866699219e-06,2.5740625824595925e-06,,,,,1.0,1.0,1.0,1.0,0.0,0.0,2.912826020792218e-07,0.015130866379265112,0.0
qam,12,0.1,0.3,1.0,0.0,1.0,0.0,0.0,0.0,0.6894444444444445,0.3105555555555556,0.3105555555555556,0.13052956009925565,3.6764144897460937e-06,1.4835562530408936e-06,,,,,1.0,1.0,1.0,1.0,0.0,0.0,1.6788019400201804e-07,0.0147708102254597,0.0
qam,12,0.1,0.3333333333333333,1.0,0.0,1.0,0.0,0.0,0.0,0.6513888888888889,0.3486111111111111,0.3486111111111111,0.1420601351601996,3.850460052490234e-06,1.2868259532226834e-06,,,,,1.0,1.0,1.0,1.0,0.0,0.0,1.4561806485668933e-07,0.01607561762606775,0.0
qam,12,0.1,0.36666666666666664,1.0,0.0,1.0,0.0,0.0,0.0,0.6255555555555555,0.3744444444444444,0.3744444444444444,0.1432056763025022,3.353754679361979e-06,1.5381409531294177e-06,,,,,1.0,1.0,1.0,1.0,0.0,0.0,1.740570342948079e-07,0.01620524780949548,0.0
qam,12,0.1,0.4,1.0,0.0,1.0,0.0,0.0,0.0,0.5938888888888889,0.4061111111111111,0.4061111111111111,0.1424087608665967,3.68038813273112e-06,1.3561351684014846e-06,,,,,1.0,1.0,1.0,1.0,0.0,0.0,1.5346114088868664e-07,0.016115068338572965,0.0
qam,12,0.1,0.43333333333333335,1.0,0.0,1.0,0.0,0.0,0.0,0.5552777777777778,0.4447222222222222,0.4447222222222222,0.14752043445885982,3.5619735717773436e-06,1.347494821710031e-06,,,,,1.0,1.0,1.0,1.0,0.0,0.0,1.5248339361699897e-07,0.016693508658975478,0.0
qam,12,0.1,0.4666666666666667,1.0,0.0,1.0,0.0,0.0,0.0,0.5269444444444444,0.4730555555555555,0.4730555555555555,0.148199013084608,3.901322682698568e-06,1.6670150374376313e-06,,,,,1.0,1.0,1.0,1.0,0.0,0.0,1.88640509799123e-07,0.016770297059214918,0.0
qam,12,0.1,0.5,1.0,0.0,1.0,0.0,0.0,0.0,0.4925,0.5075,0.5075,0.15091154343777746,3.475348154703776e-06,1.4258015768420799e-06,,,,,1.0,1.0,1.0,1.0,0.0,0.0,1.6134463714335045e-07,0.017077248764614052,0.0
qam,12,0.25,0.0,1.0,0.0,1.0,0.0,0.0,0.0,1.0,0.0,0.0,0.0,3.934701283772787e-06,1.5892244065393584e-06,,,,,1.0,1.0,1.0,1.0,0.0,0.0,1.7983767122797145e-07,0.0,0.0
qam,12,0.25,0.03333333333333333,1.0,0.0,1.0,0.0,0.0,0.0,0.9608333333333333,0.03916666666666667,0.03916666666666667,0.0538230892365759,4.115899403889974e-06,1.5309262797358291e-06,,,,,1.0,1.0,1.0,1.0,0.0,0.0,1.7324061714413083e-07,0.006090655911633451,0.0
qam,12,0.25,0.06666666666666667,0.9988888888888889,0.019245008972987525,0.9966666666666667,0.05773502691896259,0.0011111111111111111,0.019245008972987525,0.9277777777777777,0.07222222222222222,0.07111111111111111,0.07396421309343396,3.890196482340495e-06,1.8084459946100398e-06,,,,,0.9966666666666667,1.0,0.99,1.0,0.0021777777777777776,0.006533333333333334,2.0464492923338936e-07,0.008369838634619015,0.0021777777777777776
qam,12,0.25,0.1,0.9925,0.052917923026896005,0.9766666666666667,0.15121212222763158,0.0075,0.05291792302689599,0.8911111111111111,0.10888888888888888,0.10138888888888888,0.09356336453682608,4.078547159830729e-06,2.0111064867255232e-06,,,,,0.986388888888889,0.9975138888888889,0.9566666666666667,0.9933333333333333,0.005988226712488723,0.017111262456680106,2.2757812281007673e-07,0.010587691405518228,0.005988226712488721
qam,12,0.25,0.13333333333333333,0.9805555555555556,0.08934121719871935,0.95,0.21830909938949908,0.019444444444444445,0.08934121719871929,0.8630555555555556,0.13694444444444442,0.1175,0.10229732933827544,3.969669342041015e-06,1.512690575365851e-06,,,,,0.9702708333333332,0.9897222222222223,0.9266666666666666,0.97,0.01010991045668425,0.024704000190618122,1.7117705293406445e-07,0.011576032563643292,0.010109910456684242
qam,12,0.25,0.16666666666666666,0.9680555555555557,0.11615558011146869,0.9233333333333333,0.2665063620734805,0.03194444444444445,0.11615558011146866,0.8355555555555555,0.16444444444444442,0.1325,0.12024783184241593,3.693103790283203e-06,1.9475405503563526e-06,,,,,0.9566597222222222,0.9803055555555554,0.89,0.9533333333333334,0.013144241267265782,0.030158033897238874,2.2038495995716656e-07,0.013607323144402786,0.013144241267265778
qam,12,0.25,0.2,0.9477777777777777,0.15210851348997625,0.8833333333333333,0.32155905051085165,0.05222222222222222,0.15210851348997625,0.7947222222222222,0.20527777777777775,0.15305555555555556,0.13656519558298102,3.787676493326823e-06,1.4640177472007574e-06,,,,,0.9288888888888888,0.9633333333333334,0.84975,0.91675,0.017212698677056434,0.03638783205706893,1.6566920392717033e-07,0.015453806676626523,0.017212698677056434
qam,12,0.25,0.23333333333333334,0.93,0.17878985420266982,0.8533333333333334,0.3543644113182342,0.07,0.17878985420266988,0.7688888888888888,0.2311111111111111,0.1611111111111111,0.1529065198583318,3.871917724609375e-06,1.45415266484663e-06,,,,,0.9091319444444445,0.948625,0.8166666666666667,0.89,0.02023197660864793,0.04010010810009793,1.6455286476843463e-07,0.017303001598607117,0.020231976608647936
qam,12,0.25,0.26666666666666666,0.905,0.20276104195278546,0.8033333333333333,0.3981422858999376,0.095,0.2027610419527855,0.7325,0.2675,0.1725,0.16843611992600194,3.962516784667969e-06,1.4942562994285116e-06,,,,,0.8802361111111111,0.9241944444444444,0.7566666666666667,0.8466666666666667,0.022944571861911497,0.04505404096425997,1.6909101823581564e-07,0.019060341279384527,0.0229445718619115
qam,12,0.25,0.3,0.8730555555555556,0.2247483349695757,0.74,0.43936713379686204,0.12694444444444444,0.22474833496957583,0.7,0.3,0.17305555555555555,0.18078680557424157,3.692309061686198e-06,1.70119408552316e-06,,,,,0.8487916666666667,0.8933402777777778,0.6931666666666667,0.7833333333333333,0.02543266829214252,0.049719071662255754,1.9250823319123674e-07,0.020457952929387294,0.025432668292142534
qam,12,0.25,0.3333333333333333,0.8325,0.2468197007881231,0.66,0.4745002651972293,0.1675,0.24681970078812318,0.6688888888888889,0.3311111111111111,0.16361111111111112,0.19147794175859145,3.6517779032389322e-06,1.4342885369273892e-06,,,,,0.8063819444444444,0.8605902777777776,0.61,0.7100833333333333,0.027930278455499846,0.05369475974506515,1.6230502708656202e-07,0.021667768878766855,0.027930278455499856
qam,12,0.25,0.36666666666666664,0.8222222222222222,0.24942644475673814,0.63,0.4836109993188816,0.17777777777777778,0.2494264447567382,0.6530555555555555,0.34694444444444444,0.16916666666666666,0.19087860868964704,3.7185351053873696e-06,2.0379448199334007e-06,,,,,0.7894236111111111,0.8478194444444446,0.57325,0.68,0.02822525930456956,0.05472573636540475,2.3061516611490184e-07,0.021599947957463752,0.028225259304569563
qam,12,0.25,0.4,0.7927777777777778,0.25650885320988953,0.5666666666666667,0.49636358810271614,0.20722222222222222,0.25650885320988953,0.6252777777777778,0.37472222222222223,0.1675,0.19911138992140198,4.297892252604167e-06,2.4212075384955607e-06,,,,,0.7647013888888889,0.8230902777777779,0.5065833333333334,0.62675,0.029026709268249375,0.056168827636578204,2.739854255264151e-07,0.022531574855689022,0.029026709268249375
qam,12,0.25,0.43333333333333335,0.7522222222222222,0.26597015131832985,0.49,0.5007352453674271,0.24777777777777776,0.2659701513183299,0.5922222222222222,0.40777777777777774,0.16,0.20940804182782174,4.604657491048177e-06,2.4189592693601953e-06,,,,,0.7294166666666666,0.7797569444444444,0.43666666666666665,0.54,0.030097355938168473,0.05666352722630099,2.7373100992347445e-07,0.023696750706673996,0.03009735593816848
qam,12,0.25,0.4666666666666667,0.7241666666666666,0.27091832557144374,0.44333333333333336,0.4976085507587091,0.2758333333333333,0.2709183255714437,0.5577777777777778,0.4422222222222222,0.1663888888888889,0.2117746252187341,5.5686632792154945e-06,3.950979168952181e-06,,,,,0.6941041666666667,0.7580902777777778,0.3933333333333333,0.5,0.030657294566626834,0.05630970842339364,4.4709538180440046e-07,0.023964554828003373,0.030657294566626834
qam,12,0.25,0.5,0.6583333333333333,0.2676768075147865,0.32666666666666666,0.46977781223159715,0.3416666666666667,0.26767680751478656,0.5188888888888888,0.48111111111111116,0.13944444444444445,0.21873353134730417,4.257361094156901e-06,2.1627040470999275e-06,,,,,0.6321666666666667,0.6889027777777779,0.27325,0.38333333333333336,0.0302904822673984,0.05316036388484031,2.4473300169904467e-07,0.024752029188016045,0.030290482267398406
qam,12,0.5,0.0,1.0,0.0,1.0,0.0,0.0,0.0,1.0,0.0,0.0,0.0,4.611810048421224e-06,2.6136233472576165e-06,,,,,1.0,1.0,1.0,1.0,0.0,0.0,2.957593240474972e-07,0.0,0.0
qam,12,0.5,0.03333333333333333,0.9975,0.024916247670813334,0.9866666666666667,0.11488931224930926,0.0025,0.024916247670813334,0.9636111111111111,0.03638888888888889,0.033888888888888885,0.05374896114096934,4.374186197916667e-06,3.4527001655080144e-06,,,,,0.9941597222222222,1.0,0.97,1.0,0.0028195388507881347,0.013000949569413334,3.90709804517475e-07,0.0060822675279466705,0.0028195388507881347
qam,12,0.5,0.06666666666666667,0.9941666666666666,0.039012451680224124,0.9733333333333334,0.16137646493112864,0.005833333333333334,0.03901245168022411,0.9330555555555556,0.06694444444444445,0.06111111111111111,0.07476375940289855,4.679361979166666e-06,2.8893292435355246e-06,,,,,0.9897222222222223,0.9983333333333333,0.9565833333333333,0.99,0.004414674497947634,0.018261466111896035,3.2695838324040777e-07,0.00846031581691081,0.004414674497947632
qam,12,0.5,0.1,0.985,0.07054625740105688,0.95,0.21830909938949905,0.015,0.07054625740105687,0.9033333333333333,0.09666666666666666,0.08166666666666667,0.08699854985827826,4.42345937093099e-06,2.9156587137671102e-06,,,,,0.9780416666666667,0.9927847222222224,0.93,0.9734166666666667,0.00798306053736088,0.02470400019061812,3.299378432786697e-07,0.00984481269123767,0.007983060537360878
qam,12,0.5,0.13333333333333333,0.9666666666666667,0.10947324978813328,0.9066666666666666,0.29138503682901823,0.03333333333333333,0.10947324978813333,0.8669444444444444,0.13305555555555554,0.09972222222222221,0.10418998252621664,4.660288492838542e-06,2.4503419733900644e-06,,,,,0.9555555555555556,0.9772361111111112,0.8733333333333333,0.9334166666666667,0.01238806440591141,0.032973320972408286,2.772822971969049e-07,0.011790206433841221,0.012388064405911415
qam,12,0.5,0.16666666666666666,0.9475,0.1378291978285505,0.8633333333333333,0.3440690345808725,0.0525,0.13782919782855052,0.8355555555555555,0.16444444444444442,0.11194444444444443,0.11662651270561898,4.325707753499349e-06,2.2478766982249115e-06,,,,,0.9302708333333334,0.9641736111111111,0.82325,0.9000833333333333,0.015596841995826744,0.038935076548075945,2.5437119449774696e-07,0.013197532307026338,0.015596841995826748
qam,12,0.5,0.2,0.923888888888889,0.16609060609774282,0.81,0.39295637890109825,0.0761111111111111,0.16609060609774273,0.8016666666666666,0.19833333333333333,0.12222222222222222,0.13687691724473092,4.069010416666667e-06,2.147081020874344e-06,,,,,0.907763888888889,0.9419444444444446,0.7599166666666667,0.84675,0.01879492140351838,0.044467200343112606,2.429650898532528e-07,0.015489081303349937,0.01879492140351837
qam,12,0.5,0.23333333333333334,0.8869444444444444,0.1956915071876738,0.73,0.4447012450223348,0.11305555555555555,0.19569150718767375,0.7638888888888888,0.2361111111111111,0.12305555555555554,0.15231069439765366,4.2390823364257815e-06,2.0861303296904077e-06,,,,,0.8666666666666667,0.9097430555555557,0.6799166666666667,0.7801666666666667,0.0221445786931737,0.05032268317043091,2.360678698526343e-07,0.017235577600545057,0.022144578693173694
qam,12,0.5,0.26666666666666666,0.8627777777777778,0.20965559579170118,0.6766666666666666,0.4685302810952915,0.13722222222222222,0.20965559579170115,0.7333333333333333,0.26666666666666666,0.12944444444444442,0.15765393363169028,4.049936930338542e-06,2.313360359184728e-06,,,,,0.8402499999999999,0.8866805555555556,0.6266666666666667,0.72675,0.023724764074820208,0.05301919244711608,2.617813683171507e-07,0.017840222040127713,0.023724764074820204
qam,12,0.5,0.3,0.8172222222222222,0.23086299139905644,0.5866666666666667,0.4932543851982259,0.1827777777777778,0.2308629913990564,0.6969444444444445,0.3030555555555556,0.12027777777777779,0.16847104830263798,4.291534423828125e-06,2.947624137523167e-06,,,,,0.7908263888888889,0.8427777777777778,0.5366666666666666,0.64,0.026124606805112825,0.05581698820633917,3.335550714966924e-07,0.01906429379728455,0.02612460680511282
qam,12,0.5,0.3333333333333333,0.7688888888888888,0.24367637177367618,0.4866666666666667,0.5006573159847486,0.2311111111111111,0.24367637177367618,0.6530555555555555,0.34694444444444444,0.11583333333333333,0.18002294023684842,4.127820332845052e-06,2.176710690223747e-06,,,,,0.7433263888888888,0.7947500000000001,0.43666666666666665,0.5466666666666666,0.027574577292381917,0.05665470868648782,2.463180025779288e-07,0.020371513429186257,0.027574577292381917
qam,12,0.5,0.36666666666666664,0.7277777777777779,0.2493333114739755,0.41,0.492655082284081,0.27222222222222225,0.24933331147397547,0.6241666666666666,0.37583333333333335,0.10361111111111111,0.18833729602550306,4.282792409261068e-06,2.6448943413379094e-06,,,,,0.7024861111111111,0.7550069444444445,0.35658333333333336,0.4666666666666667,0.028214720281498348,0.05574917069737287,2.9929797015011375e-07,0.021312371357519,0.028214720281498344
qam,12,0.5,0.4,0.6925,0.24996144258592332,0.35,0.47776654295295456,0.3075,0.24996144258592332,0.5941666666666666,0.4058333333333333,0.09833333333333333,0.1931495878458563,4.19775644938151e-06,2.3972108723899767e-06,,,,,0.6657986111111112,0.7155972222222223,0.30666666666666664,0.40008333333333335,0.02828580000814596,0.0540643738680023,2.712699471258155e-07,0.021856933441187398,0.02828580000814596
qam,12,0.5,0.43333333333333335,0.6391666666666667,0.24040148584427512,0.25,0.43373619897468024,0.36083333333333334,0.24040148584427523,0.5569444444444445,0.44305555555555554,0.08222222222222222,0.18312967979941464,4.173119862874349e-06,2.4896974890305243e-06,,,,,0.6138888888888889,0.6650347222222223,0.20666666666666667,0.30333333333333334,0.027203989062892533,0.04908187140212207,2.8173579303653165e-07,0.02072307410604519,0.027203989062892547
qam,12,0.5,0.4666666666666667,0.6161111111111112,0.24132990157105538,0.22333333333333333,0.4171758315991676,0.3838888888888889,0.24132990157105536,0.5244444444444445,0.4755555555555555,0.09166666666666666,0.18433394719285906,4.158814748128255e-06,1.6788698741946513e-06,,,,,0.593875,0.6438958333333333,0.18325,0.26675000000000004,0.027309049192568723,0.04720788941994433,1.8998201086492445e-07,0.020859349790386353,0.02730904919256872
qam,12,0.5,0.5,0.5827777777777778,0.22768213634082146,0.17,0.3762604235825435,0.4172222222222222,0.22768213634082143,0.49166666666666664,0.5083333333333333,0.0911111111111111,0.18182123630644875,4.029273986816406e-06,2.2142250122078564e-06,,,,,0.5574722222222223,0.60675,0.12333333333333334,0.21,0.025764659170384296,0.04257787514079368,2.505631477415432e-07,0.02057500978628007,0.025764659170384292
qam,12,0.75,0.0,1.0,0.0,1.0,0.0,0.0,0.0,1.0,0.0,0.0,0.0,4.293918609619141e-06,2.213107271540609e-06,,,,,1.0,1.0,1.0,1.0,0.0,0.0,2.5043666347801974e-07,0.0,0.0
qam,12,0.75,0.03333333333333333,0.996388888888889,0.030645790884673035,0.9833333333333333,0.12823299585640943,0.003611111111111111,0.03064579088467303,0.9680555555555557,0.03194444444444444,0.028333333333333332,0.04898638128949172,3.978411356608073e-06,2.2324188303674204e-06,,,,,0.9927777777777779,0.9994444444444446,0.9666666666666667,0.99675,0.0034678977008918113,0.014510929516631266,2.526219720806974e-07,0.005543330883126282,0.0034678977008918105
qam,12,0.75,0.06666666666666667,0.9883333333333333,0.06359273287468047,0.96,0.1962865968262874,0.011666666666666667,0.06359273287468042,0.9347222222222222,0.06527777777777777,0.05361111111111111,0.07416647355496177,4.264513651529948e-06,2.475190849871617e-06,,,,,0.9802638888888888,0.9947291666666666,0.9366666666666666,0.98,0.0071961951629653425,0.022211919425130622,2.80094212279939e-07,0.008392726560473277,0.007196195162965337
qam,12,0.75,0.1,0.9691666666666666,0.10557767864547868,0.91,0.28665992577177274,0.030833333333333334,0.10557767864547866,0.8955555555555557,0.10444444444444444,0.07361111111111111,0.09528515685721776,4.255771636962891e-06,2.2343640204133035e-06,,,,,0.9571875000000001,0.9786180555555556,0.8766666666666667,0.94,0.011947239032531051,0.03243862432080138,2.528420910560341e-07,0.010782530548412916,0.01194723903253105
qam,12,0.75,0.13333333333333333,0.9552777777777777,0.12273559037845092,0.8666666666666667,0.3405026123034995,0.04472222222222222,0.12273559037845089,0.8677777777777778,0.1322222222222222,0.0875,0.10495106006749155,4.078547159830729e-06,1.9841738935457133e-06,,,,,0.9435902777777779,0.9694513888888888,0.8266666666666667,0.9,0.013888839524252669,0.03853149787514645,2.245304129852985e-07,0.011876330465213754,0.013888839524252666
qam,12,0.75,0.16666666666666666,0.9433333333333334,0.14322946120877791,0.8466666666666667,0.36091052943411095,0.056666666666666664,0.1432294612087779,0.8388888888888889,0.1611111111111111,0.10444444444444444,0.12007161659961643,4.260540008544922e-06,1.9453409884174897e-06,,,,,0.9277083333333332,0.9608402777777778,0.8,0.8800833333333333,0.0162079393250155,0.040840871099142244,2.2013605609237625e-07,0.013587382512501127,0.0162079393250155
qam,12,0.75,0.2,0.9169444444444443,0.17818325472831784,0.8,0.4006683379765066,0.08305555555555556,0.17818325472831786,0.7997222222222222,0.20027777777777778,0.11722222222222221,0.13685315968491132,4.402796427408854e-06,3.278863715504769e-06,,,,,0.8933125,0.9377916666666666,0.76,0.83675,0.02016333341616568,0.04533989066615322,3.710383583614238e-07,0.015486392882372739,0.020163333416165684
qam,12,0.75,0.23333333333333334,0.8769444444444444,0.20519297971619568,0.7066666666666667,0.45605061425764065,0.12305555555555554,0.2051929797161957,0.7722222222222221,0.22777777777777777,0.10472222222222222,0.1511166065901288,4.0396054585774735e-06,2.180963875278833e-06,,,,,0.8538888888888889,0.9005763888888888,0.6533333333333333,0.76675,0.02321977152669353,0.051606985201525624,2.4679929577507633e-07,0.01710045384479139,0.023219771526693533
qam,12,0.75,0.26666666666666666,0.8305555555555555,0.22541028834639912,0.5966666666666667,0.49138622654113595,0.16944444444444445,0.22541028834639915,0.7369444444444445,0.2630555555555556,0.0936111111111111,0.162320468434928,4.201730092366537e-06,1.8872299519455622e-06,,,,,0.8057986111111111,0.8527777777777779,0.54,0.6433333333333333,0.025507575368361318,0.05560558615324145,2.1356017327258498e-07,0.0183682901645948,0.02550757536836132
qam,12,0.75,0.3,0.7986111111111112,0.2395588442559905,0.5366666666666666,0.4994869162322266,0.20138888888888887,0.23955884425599044,0.7036111111111112,0.2963888888888889,0.095,0.1732345786768614,4.069805145263672e-06,1.8191691285128085e-06,,,,,0.7727291666666666,0.823951388888889,0.48333333333333334,0.59675,0.02710863519071854,0.05652226548650092,2.0585836606547204e-07,0.019603338003879315,0.027108635190718534
qam,12,0.75,0.3333333333333333,0.7591666666666667,0.24936606731034364,0.46,0.499230176602706,0.24083333333333334,0.24936606731034366,0.6727777777777778,0.32722222222222225,0.08638888888888888,0.1813870457725315,4.192193349202474e-06,2.3578427876672866e-06,,,,,0.7330347222222222,0.7842222222222223,0.4033333333333333,0.52,0.0282184269533235,0.05649321266243472,2.66815028960639e-07,0.020525876502039277,0.028218426953323505
qam,12,0.75,0.36666666666666664,0.6958333333333333,0.24772515742893053,0.3466666666666667,0.47670365722489927,0.30416666666666664,0.24772515742893053,0.6338888888888888,0.3661111111111111,0.06194444444444444,0.1787194755341906,4.4806798299153645e-06,3.191675797019215e-06,,,,,0.6680555555555556,0.7244999999999999,0.29658333333333337,0.40008333333333335,0.028032740520020548,0.05394409702520503,3.6117211659271114e-07,0.020224012512582358,0.028032740520020548
qam,12,0.75,0.4,0.6461111111111112,0.24984883327655713,0.2733333333333333,0.44641517737511843,0.3538888888888889,0.2498488332765571,0.6005555555555555,0.39944444444444444,0.04555555555555555,0.1849218367792859,4.871686299641927e-06,3.450654565544802e-06,,,,,0.6136041666666666,0.6803125,0.23,0.33,0.028273057065191096,0.050516632874260385,3.9047832309034966e-07,0.020925875759737905,0.028273057065191093
qam,12,0.75,0.43333333333333335,0.6111111111111112,0.24567357612832497,0.22,0.41493844488487486,0.3888888888888889,0.24567357612832497,0.5719444444444445,0.4280555555555555,0.03916666666666667,0.18330609405425802,4.25259272257487e-06,2.162007730079882e-06,,,,,0.5866388888888889,0.641173611111111,0.17991666666666667,0.2633333333333333,0.02780058224085142,0.046954705278875804,2.4465420601052763e-07,0.020743037258279643,0.02780058224085142
qam,12,0.75,0.4666666666666667,0.5736111111111112,0.23495794643107124,0.16666666666666666,0.37330068339472067,0.42638888888888893,0.23495794643107124,0.5397222222222222,0.4602777777777778,0.033888888888888885,0.17365415668513953,4.487832387288412e-06,2.5714584319506454e-06,,,,,0.5499861111111112,0.6014513888888888,0.13325,0.21008333333333334,0.026587994589563242,0.042242949009136194,2.90987914707741e-07,0.0196508177251803,0.026587994589563242
qam,12,0.75,0.5,0.5408333333333334,0.21973906437012158,0.11333333333333333,0.3175294822993921,0.45916666666666667,0.21973906437012164,0.5011111111111112,0.4988888888888889,0.03972222222222222,0.1732826137811314,3.913243611653646e-06,1.8178736795493124e-06,,,,,0.5169305555555556,0.5669583333333332,0.08,0.15008333333333335,0.02486581596125097,0.03593184348791452,2.0571177221514404e-07,0.01960877368763396,0.024865815961250978
qam,12,1.0,0.0,1.0,0.0,1.0,0.0,0.0,0.0,1.0,0.0,0.0,0.0,4.192988077799479e-06,3.0988816715051723e-06,,,,,1.0,1.0,1.0,1.0,0.0,0.0,3.5067147277714044e-07,0.0,0.0
qam,12,1.0,0.03333333333333333,0.9933333333333333,0.04419056062619963,0.9766666666666667,0.15121212222763145,0.006666666666666667,0.044190560626199624,0.9638888888888889,0.03611111111111111,0.02944444444444444,0.0579411619531624,4.182656606038411e-06,1.830571782730346e-06,,,,,0.9885694444444443,0.9975,0.9599166666666666,0.9933333333333333,0.005000632686342659,0.017111262456680088,2.0714869785993843e-07,0.00655665970836033,0.005000632686342658
qam,12,1.0,0.06666666666666667,0.9777777777777777,0.08921114013308491,0.9366666666666666,0.2439684903901178,0.02222222222222222,0.0892111401330849,0.9302777777777778,0.06972222222222221,0.0475,0.08114890589241626,4.4314066569010415e-06,2.542278828347497e-06,,,,,0.967777777777778,0.9880694444444443,0.9065833333333333,0.9633333333333334,0.010095190851027799,0.027607633625702142,2.8768593171669667e-07,0.009182863161640306,0.010095190851027797
qam,12,1.0,0.1,0.9666666666666667,0.1084072725979985,0.9066666666666666,0.29138503682901834,0.03333333333333333,0.10840727259799852,0.903888888888889,0.0961111111111111,0.06277777777777778,0.09635529498319952,4.181067148844401e-06,1.9562881532636567e-06,,,,,0.9547152777777776,0.9783402777777779,0.8733333333333333,0.9366666666666666,0.012267437731247244,0.03297332097240829,2.2137484441225258e-07,0.010903628077293621,0.012267437731247248
qam,12,1.0,0.13333333333333333,0.9527777777777777,0.1324793816883431,0.8766666666666667,0.3293688434044334,0.04722222222222222,0.13247938168834314,0.8691666666666666,0.13083333333333333,0.08361111111111111,0.10808507127938431,7.080237070719401e-06,3.672298311220705e-05,,,,,0.9386111111111113,0.9683402777777779,0.8366666666666667,0.9133333333333333,0.014991453309248655,0.03727159331883616,4.155596740314648e-06,0.012230977219712353,0.014991453309248658
qam,12,1.0,0.16666666666666666,0.9255555555555556,0.16204479640249098,0.81,0.39295637890109836,0.07444444444444444,0.16204479640249095,0.8380555555555556,0.16194444444444442,0.0875,0.12771121414254474,5.660057067871093e-06,4.433978487069339e-06,,,,,0.9049861111111112,0.9411875000000002,0.7699166666666667,0.8566666666666667,0.018337094937456225,0.04446720034311262,5.017518999257364e-07,0.014451884357291498,0.018337094937456222
qam,12,1.0,0.2,0.8872222222222222,0.1960300588462449,0.73,0.44470124502233493,0.11277777777777778,0.19603005884624494,0.8022222222222222,0.19777777777777777,0.085,0.14181168392452792,7.134278615315755e-06,2.398183978169166e-05,,,,,0.8669097222222222,0.9091666666666667,0.6866666666666666,0.78,0.022182889419850978,0.050322683170430926,2.7138006441099427e-06,0.01604750272205982,0.022182889419850985
qam,12,1.0,0.23333333333333334,0.8525,0.21537055516299153,0.6533333333333333,0.47670365722489905,0.1475,0.21537055516299153,0.7772222222222221,0.22277777777777777,0.07527777777777778,0.1525666593067447,6.589889526367188e-06,1.3506634847032925e-05,,,,,0.8280069444444446,0.8730833333333332,0.5999166666666667,0.7033333333333334,0.02437147260777897,0.05394409702520501,1.528419615896966e-06,0.01726454275674175,0.02437147260777897
qam,12,1.0,0.26666666666666666,0.7955555555555556,0.23972505825436793,0.54,0.4992301766027061,0.20444444444444446,0.23972505825436796,0.7358333333333333,0.26416666666666666,0.05972222222222221,0.17045013488582603,4.8009554545084636e-06,2.873137400570546e-06,,,,,0.7697152777777778,0.8214097222222223,0.4866666666666667,0.5934166666666667,0.027127444075272972,0.05649321266243472,3.251261037210845e-07,0.019288248526908976,0.027127444075272976
qam,12,1.0,0.3,0.7511111111111112,0.23931779874206582,0.43666666666666665,0.496801362923753,0.2488888888888889,0.23931779874206582,0.6991666666666667,0.30083333333333334,0.05194444444444444,0.16918640610258723,4.358291625976563e-06,2.5145991097550774e-06,,,,,0.7212986111111112,0.7777777777777777,0.38325000000000004,0.49341666666666667,0.027081358323017675,0.056218366521089136,2.8455367669253306e-07,0.019145244152884596,0.027081358323017675
qam,12,1.0,0.3333333333333333,0.6994444444444444,0.24524399658709106,0.35333333333333333,0.4788037862995708,0.3005555555555556,0.24524399658709112,0.6566666666666666,0.3433333333333333,0.042777777777777776,0.17395883052664055,4.394054412841797e-06,2.4307579930327222e-06,,,,,0.6772083333333333,0.7270486111111112,0.30333333333333334,0.4066666666666667,0.02775197073955255,0.054181749002177565,2.750661611960062e-07,0.019685294815963806,0.027751970739552555
qam,12,1.0,0.36666666666666664,0.6452777777777778,0.22754183109987686,0.23666666666666666,0.42574611535281864,0.3547222222222222,0.22754183109987683,0.6161111111111112,0.3838888888888889,0.029166666666666667,0.17162699371640036,4.549026489257812e-06,2.6523406833079717e-06,,,,,0.6238819444444443,0.6738958333333335,0.18666666666666668,0.29,0.025748782137733194,0.04817770832385591,3.001406030681289e-07,0.01942142264038451,0.02574878213773319
qam,12,1.0,0.4,0.61,0.22549338942274041,0.19666666666666666,0.39814228589993744,0.39,0.2254933894227404,0.5766666666666667,0.42333333333333334,0.03333333333333333,0.16399757999138995,4.437764485677083e-06,2.337119832497608e-06,,,,,0.5858125,0.6336249999999999,0.14991666666666667,0.2434166666666667,0.025516979140405256,0.04505404096425995,2.644700058264978e-07,0.018558073203077327,0.025516979140405252
qam,12,1.0,0.43333333333333335,0.5838888888888889,0.21237641315506403,0.15,0.3576680324053049,0.4161111111111111,0.21237641315506403,0.5522222222222222,0.44777777777777783,0.03166666666666667,0.15901323831405675,4.440148671468099e-06,2.430011224937211e-06,,,,,0.5608194444444444,0.6072291666666668,0.11333333333333333,0.18683333333333338,0.02403265354370226,0.040473948018786406,2.7498165643085693e-07,0.017994041845285615,0.02403265354370226
qam,12,1.0,0.4666666666666667,0.5508333333333333,0.20386057071642852,0.11333333333333333,0.31752948229939215,0.44916666666666666,0.20386057071642852,0.5227777777777778,0.4772222222222222,0.028055555555555552,0.15368904944477002,4.627704620361328e-06,3.028696288278379e-06,,,,,0.5280555555555556,0.5766736111111112,0.07333333333333333,0.1501666666666667,0.023068995254535023,0.035931843487914526,3.427292489969039e-07,0.01739155315741339,0.023068995254535023
qam,12,1.0,0.5,0.5175,0.19562819849798224,0.09,0.28665992577177285,0.4825,0.19562819849798227,0.4925,0.5075,0.025,0.1526277936810299,4.714330037434896e-06,3.0209032848647993e-06,,,,,0.4969374999999999,0.5386388888888888,0.05658333333333333,0.12,0.02213741464052275,0.03243862432080139,3.418473876436532e-07,0.017271460762442008,0.022137414640522754
qam,16,0.1,0.0,1.0,0.0,1.0,0.0,0.0,0.0,1.0,0.0,0.0,0.0,4.432201385498047e-06,3.896269154351439e-06,,,,,1.0,1.0,1.0,1.0,0.0,0.0,4.409043608396075e-07,0.0,0.0
qam,16,0.1,0.03333333333333333,1.0,0.0,1.0,0.0,0.0,0.0,0.9672916666666667,0.03270833333333333,0.03270833333333333,0.04860575234571038,4.2859713236490885e-06,2.53958868791228e-06,,,,,1.0,1.0,1.0,1.0,0.0,0.0,2.873815136690283e-07,0.0055002586633881925,0.0
qam,16,0.1,0.06666666666666667,1.0,0.0,1.0,0.0,0.0,0.0,0.9341666666666667,0.06583333333333333,0.06583333333333333,0.061673746919461946,4.353523254394532e-06,2.3635928595340214e-06,,,,,1.0,1.0,1.0,1.0,0.0,0.0,2.674657108465023e-07,0.006979041459633304,0.0
qam,16,0.1,0.1,1.0,0.0,1.0,0.0,0.0,0.0,0.8979166666666667,0.10208333333333333,0.10208333333333333,0.07849861888026596,4.301071166992187e-06,2.4485247571000247e-06,,,,,1.0,1.0,1.0,1.0,0.0,0.0,2.770766598153158e-07,0.008882954953340936,0.0
qam,16,0.1,0.13333333333333333,1.0,0.0,1.0,0.0,0.0,0.0,0.8608333333333333,0.13916666666666666,0.13916666666666666,0.08341411914737618,4.3058395385742184e-06,2.4574916784038173e-06,,,,,1.0,1.0,1.0,1.0,0.0,0.0,2.7809136248331095e-07,0.009439196172214816,0.0
qam,16,0.1,0.16666666666666666,1.0,0.0,1.0,0.0,0.0,0.0,0.8266666666666667,0.17333333333333334,0.17333333333333334,0.09076466624012433,4.414717356363932e-06,2.4403350823040435e-06,,,,,1.0,1.0,1.0,1.0,0.0,0.0,2.7614991086950085e-07,0.010270988879381894,0.0
qam,16,0.1,0.2,1.0,0.0,1.0,0.0,0.0,0.0,0.7964583333333334,0.20354166666666668,0.20354166666666668,0.0950293605248474,4.5188268025716145e-06,3.1426393654059072e-06,,,,,1.0,1.0,1.0,1.0,0.0,0.0,3.5562312198227097e-07,0.010753584468467973,0.0
qam,16,0.1,0.23333333333333334,1.0,0.0,1.0,0.0,0.0,0.0,0.7691666666666667,0.23083333333333333,0.23083333333333333,0.10866192341796578,4.320939381917318e-06,2.485090282473165e-06,,,,,1.0,1.0,1.0,1.0,0.0,0.0,2.8121443853509535e-07,0.012296254184260906,0.0
qam,16,0.1,0.26666666666666666,1.0,0.0,1.0,0.0,0.0,0.0,0.73375,0.26625,0.26625,0.11243959731108191,4.477500915527344e-06,3.087903336581284e-06,,,,,1.0,1.0,1.0,1.0,0.0,0.0,3.4942915723092255e-07,0.012723738227924745,0.0
qam,16,0.1,0.3,1.0,0.0,1.0,0.0,0.0,0.0,0.69875,0.30125,0.30125,0.12108630728826868,4.647572835286458e-06,2.84646639505587e-06,,,,,1.0,1.0,1.0,1.0,0.0,0.0,3.221079953272471e-07,0.013702205573179693,0.0
qam,16,0.1,0.3333333333333333,1.0,0.0,1.0,0.0,0.0,0.0,0.659375,0.340625,0.340625,0.11578998781960474,4.311402638753255e-06,2.213190881869233e-06,,,,,1.0,1.0,1.0,1.0,0.0,0.0,2.5044612487738446e-07,0.013102870604874008,0.0
qam,16,0.1,0.36666666666666664,1.0,0.0,1.0,0.0,0.0,0.0,0.6177083333333333,0.38229166666666664,0.38229166666666664,0.11639018291714803,4.583994547526042e-06,2.6769730189291766e-06,,,,,1.0,1.0,1.0,1.0,0.0,0.0,3.0292801424605653e-07,0.013170789073896056,0.0
qam,16,0.1,0.4,1.0,0.0,1.0,0.0,0.0,0.0,0.5839583333333334,0.41604166666666664,0.41604166666666664,0.12180472239839765,4.425843556722005e-06,2.412318922913071e-06,,,,,1.0,1.0,1.0,1.0,0.0,0.0,2.729795839849575e-07,0.013783501895995373,0.0
qam,16,0.1,0.43333333333333335,1.0,0.0,1.0,0.0,0.0,0.0,0.55875,0.44125,0.44125,0.12262160369326315,4.182656606038411e-06,1.4886321883528001e-06,,,,,1.0,1.0,1.0,1.0,0.0,0.0,1.6845459015528682e-07,0.01387594071655074,0.0
qam,16,0.1,0.4666666666666667,1.0,0.0,1.0,0.0,0.0,0.0,0.5295833333333333,0.47041666666666665,0.47041666666666665,0.12608158048931853,4.362265268961589e-06,3.0477818910193013e-06,,,,,1.0,1.0,1.0,1.0,0.0,0.0,3.4488898826140696e-07,0.014267473949330856,0.0
qam,16,0.1,0.5,1.0,0.0,1.0,0.0,0.0,0.0,0.4952083333333333,0.5047916666666666,0.5047916666666666,0.12887172109848294,4.289150238037109e-06,1.9296925950657986e-06,,,,,1.0,1.0,1.0,1.0,0.0,0.0,2.1836527368603538e-07,0.014583208081959339,0.0
qam,16,0.25,0.0,1.0,0.0,1.0,0.0,0.0,0.0,1.0,0.0,0.0,0.0,4.750887552897135e-06,3.1265988965316246e-06,,,,,1.0,1.0,1.0,1.0,0.0,0.0,3.5380797205386194e-07,0.0,0.0
qam,16,0.25,0.03333333333333333,1.0,0.0,1.0,0.0,0.0,0.0,0.9727083333333333,0.027291666666666665,0.027291666666666665,0.04180873911168876,4.924138387044271e-06,3.4270008006925493e-06,,,,,1.0,1.0,1.0,1.0,0.0,0.0,3.8780164761940964e-07,0.0047311042090000185,0.0
qam,16,0.25,0.06666666666666667,1.0,0.0,1.0,0.0,0.0,0.0,0.9379166666666666,0.06208333333333333,0.06208333333333333,0.06260303658386408,4.832744598388672e-06,2.3398019830025527e-06,,,,,1.0,1.0,1.0,1.0,0.0,0.0,2.64773519728441e-07,0.007084200484661255,0.0
qam,16,0.25,0.1,0.9960416666666667,0.039560957120835835,0.99,0.09966499068325334,0.003958333333333334,0.03956095712083583,0.9041666666666667,0.09583333333333334,0.091875,0.07842063628696325,4.909038543701172e-06,3.0041794637690777e-06,,,,,0.9908281250000001,1.0,0.9799166666666667,1.0,0.004476743731650306,0.011278155403152539,3.399549091318004e-07,0.008874130392178792,0.0044767437316503055
qam,16,0.25,0.13333333333333333,0.990625,0.06115291602855899,0.9766666666666667,0.1512121222276315,0.009375,0.061152916028559,0.8697916666666666,0.13020833333333334,0.12083333333333333,0.09033760845050866,4.59591547648112e-06,2.4927896510988707e-06,,,,,0.9824791666666667,0.9962708333333333,0.96,0.9900833333333333,0.006920103896040545,0.017111262456680095,2.8208570411462906e-07,0.010222662741142243,0.006920103896040546
qam,16,0.25,0.16666666666666666,0.9779166666666667,0.09218996522316508,0.9433333333333334,0.23159088211286497,0.022083333333333333,0.09218996522316508,0.8302083333333333,0.16979166666666667,0.14770833333333333,0.10155283859800897,4.986127217610677e-06,3.126883449370702e-06,,,,,0.9672708333333333,0.9885416666666667,0.9166666666666666,0.9733333333333334,0.010432276642682611,0.026206975393426188,3.53840172238877e-07,0.011491785505500094,0.010432276642682611
qam,16,0.25,0.2,0.959375,0.12258590684436846,0.8933333333333333,0.30920475550187154,0.040625,0.12258590684436846,0.795,0.205,0.164375,0.12203474973195323,4.558563232421875e-06,2.4819227819908984e-06,,,,,0.945828125,0.9718958333333334,0.8533333333333334,0.9233333333333333,0.0138719012378283,0.03498981196944872,2.8085600211290075e-07,0.013809531939213433,0.0138719012378283
qam,16,0.25,0.23333333333333334,0.9329166666666666,0.16454315407840317,0.8466666666666667,0.3609105294341107,0.06708333333333333,0.16454315407840317,0.763125,0.236875,0.16979166666666667,0.1428934541117338,4.451274871826172e-06,3.1774421047331063e-06,,,,,0.9149114583333333,0.9516822916666666,0.8065833333333333,0.8900833333333333,0.018619810722893322,0.040840871099142216,3.595614226824135e-07,0.016169916542581608,0.018619810722893322
qam,16,0.25,0.26666666666666666,0.9120833333333334,0.18671052672928576,0.8033333333333333,0.39814228589993766,0.08791666666666667,0.1867105267292858,0.7283333333333334,0.27166666666666667,0.18375,0.1528762013628799,4.614194234212239e-06,3.0003793764020525e-06,,,,,0.8922447916666667,0.9300104166666667,0.7533333333333333,0.84675,0.021128285082067228,0.045054040964259974,3.3952488876479834e-07,0.017299570737871046,0.02112828508206723
qam,16,0.25,0.3,0.8785416666666667,0.21426319052339915,0.7366666666666667,0.4411776072733298,0.12145833333333333,0.21426319052339918,0.7008333333333333,0.2991666666666667,0.17770833333333333,0.16719159426997923,4.278818766276041e-06,1.918536379150343e-06,,,,,0.8551770833333333,0.904375,0.6865833333333333,0.7766666666666666,0.02424616250231806,0.049923946022659614,2.1710282901069792e-07,0.01891950994377098,0.024246162502318064
qam,16,0.25,0.3333333333333333,0.8402083333333333,0.23290296276368527,0.6566666666666666,0.4756149572016583,0.15979166666666667,0.23290296276368527,0.668125,0.331875,0.17208333333333334,0.1818672695530208,4.644393920898438e-06,2.8104360593113205e-06,,,,,0.8149947916666667,0.8631458333333334,0.6032500000000001,0.71,0.026355451296348312,0.053820899019913986,3.1803077901518986e-07,0.02058021893851088,0.026355451296348312
qam,16,0.25,0.36666666666666664,0.796875,0.2507370510532958,0.5733333333333334,0.4954193746157941,0.203125,0.2507370510532958,0.6377083333333333,0.3622916666666667,0.15916666666666668,0.19566084459915092,4.604657491048177e-06,3.9682567626846045e-06,,,,,0.7689322916666667,0.8262916666666668,0.5199166666666667,0.6200833333333333,0.02837356836860092,0.05606197982205221,4.4905052558930376e-07,0.022141108894641104,0.02837356836860092
qam,16,0.25,0.4,0.7295833333333334,0.2603417673783724,0.44333333333333336,0.49760855075870913,0.2704166666666667,0.2603417673783724,0.6025,0.3975,0.12708333333333333,0.20336537637936786,4.544258117675781e-06,2.486867656462775e-06,,,,,0.6972760416666667,0.7571197916666667,0.38658333333333333,0.5001666666666668,0.02946044433753242,0.056309708423393647,2.814155673359603e-07,0.023012958740109606,0.02946044433753242
qam,16,0.25,0.43333333333333335,0.69,0.2541338822359869,0.36,0.4808020055718081,0.31,0.2541338822359869,0.563125,0.436875,0.126875,0.19162580298478915,4.7516822814941406e-06,2.9077382020281935e-06,,,,,0.6624947916666667,0.7156666666666667,0.30666666666666664,0.4166666666666667,0.028757956002553726,0.05440786879938388,3.290415530000914e-07,0.021684500951641456,0.028757956002553726
qam,16,0.25,0.4666666666666667,0.6552083333333333,0.2549396166238257,0.30666666666666664,0.4618802153517005,0.34479166666666666,0.2549396166238257,0.5389583333333333,0.4610416666666667,0.11625,0.1994230285458058,4.662672678629558e-06,2.7022583164897243e-06,,,,,0.6241458333333333,0.6823020833333333,0.25333333333333335,0.35333333333333333,0.028849133431833686,0.05226666666666665,3.0578931502326846e-07,0.02256684008585215,0.028849133431833686
qam,16,0.25,0.5,0.643125,0.2526451307307145,0.29,0.45452021821096344,0.356875,0.2526451307307145,0.5166666666666667,0.48333333333333334,0.12645833333333334,0.20140201090657697,4.399617513020833e-06,2.276262737765818e-06,,,,,0.6207552083333333,0.6659635416666667,0.24666666666666667,0.3434166666666667,0.028589487910417932,0.05143380458590052,2.575833772615003e-07,0.022790783021599852,0.028589487910417932
qam,16,0.5,0.0,1.0,0.0,1.0,0.0,0.0,0.0,1.0,0.0,0.0,0.0,4.131793975830078e-06,1.443103271404433e-06,,,,,1.0,1.0,1.0,1.0,0.0,0.0,1.6330250819390064e-07,0.0,0.0
qam,16,0.5,0.03333333333333333,0.9995833333333334,0.007216878364870305,0.9966666666666667,0.05773502691896258,0.0004166666666666667,0.007216878364870323,0.9679166666666666,0.03208333333333333,0.03166666666666667,0.04499783222822726,4.0888786315917965e-06,2.45405952227887e-06,,,,,0.9987395833333333,1.0,0.99,1.0,0.0008166666666666647,0.006533333333333333,2.7770297745583375e-07,0.005091984067783658,0.0008166666666666666
qam,16,0.5,0.06666666666666667,0.9972916666666667,0.028099246539290138,0.99,0.09966499068325332,0.0027083333333333334,0.028099246539290128,0.9379166666666666,0.06208333333333333,0.059375,0.061152916028559,3.942648569742838e-06,1.8716604618957344e-06,,,,,0.9937343750000001,1.0,0.98,1.0,0.0031797290804830244,0.011278155403152537,2.1179831961538796e-07,0.006920103896040546,0.0031797290804830235
qam,16,0.5,0.1,0.9897916666666666,0.06080441062725616,0.97,0.17087224588772662,0.010208333333333333,0.06080441062725617,0.9083333333333333,0.09166666666666666,0.08145833333333333,0.07864244748040279,4.163583119710287e-06,1.680486134008341e-06,,,,,0.98290625,0.9958333333333333,0.9466666666666667,0.9866666666666667,0.006880666797338324,0.019336014883421716,1.9016490788047322e-07,0.008899230691618144,0.006880666797338325
qam,16,0.5,0.13333333333333333,0.9789583333333334,0.0912248174655759,0.9433333333333334,0.23159088211286505,0.021041666666666667,0.09122481746557594,0.8729166666666667,0.12708333333333333,0.10604166666666667,0.09748326722323825,4.030068715413411e-06,1.710847211342252e-06,,,,,0.968125,0.9897968749999999,0.92,0.96675,0.010323059892422843,0.0262069753934262,1.9360058721011086e-07,0.011031270152272881,0.010323059892422848
qam,16,0.5,0.16666666666666666,0.9658333333333333,0.11305526908751486,0.91,0.2866599257717728,0.034166666666666665,0.11305526908751481,0.83625,0.16375,0.12958333333333333,0.10773217778045685,3.970464070638021e-06,1.6295616118510513e-06,,,,,0.9541614583333334,0.9777135416666666,0.87,0.9400833333333333,0.012793408048032525,0.032438624320801385,1.8440225571160382e-07,0.01219104356101855,0.01279340804803252
qam,16,0.5,0.2,0.9397916666666667,0.15027656476292428,0.85,0.35766803240530487,0.060208333333333336,0.15027656476292423,0.799375,0.200625,0.14041666666666666,0.1250912431758775,3.911654154459635e-06,1.643411481328697e-06,,,,,0.9222812499999999,0.955625,0.8065,0.8900833333333333,0.017005394163278245,0.0404739480187864,1.8596951598235115e-07,0.01415540673248813,0.017005394163278238
qam,16,0.5,0.23333333333333334,0.9097916666666667,0.17699961953331617,0.7766666666666666,0.4171758315991679,0.09020833333333333,0.17699961953331617,0.769375,0.230625,0.14041666666666666,0.14136899837385244,3.9569536844889325e-06,1.5184574146918773e-06,,,,,0.8883020833333333,0.92925,0.7331666666666666,0.8166666666666667,0.020029392484868198,0.04720788941994437,1.7182963223656636e-07,0.015997408136177445,0.020029392484868198
qam,16,0.5,0.26666666666666666,0.87625,0.20163032209788706,0.7033333333333334,0.45755152739660415,0.12375,0.20163032209788714,0.7404166666666666,0.25958333333333333,0.13583333333333333,0.1595691226561069,4.161198933919271e-06,1.7338146363233912e-06,,,,,0.8564479166666666,0.8960677083333333,0.6499166666666667,0.7566666666666667,0.02281661886504118,0.051776829512068544,1.9619959601321968e-07,0.018056946080291722,0.022816618865041192
qam,16,0.5,0.3,0.8322916666666667,0.2241820377521907,0.6166666666666667,0.48701076700570717,0.16770833333333332,0.22418203775219064,0.7022916666666666,0.29770833333333335,0.13,0.17053550322302916,3.923575083414714e-06,1.420136845002647e-06,,,,,0.8058177083333333,0.8533385416666667,0.56,0.6734166666666667,0.025368585729366403,0.05511045629608226,1.6070361239068328e-07,0.019297908863672015,0.025368585729366396
qam,16,0.5,0.3333333333333333,0.7658333333333334,0.24823653399851162,0.5,0.5008354224706333,0.23416666666666666,0.24823653399851156,0.663125,0.336875,0.10270833333333333,0.18644619790419972,3.7598609924316405e-06,1.948621839166893e-06,,,,,0.7393489583333334,0.79375,0.4465,0.5566666666666666,0.02809060822644111,0.056674863332691526,2.205073193047907e-07,0.0210983734596769,0.0280906082264411
qam,16,0.5,0.36666666666666664,0.725625,0.2489886000432651,0.42,0.49438316690504686,0.274375,0.24898860004326506,0.6270833333333333,0.3729166666666667,0.09854166666666667,0.18667028888675818,3.996690114339192e-06,1.3929530145220049e-06,,,,,0.7033020833333333,0.7525052083333332,0.37325,0.4734166666666667,0.028175712510984923,0.0559447218811079,1.576274723889449e-07,0.021123731741541106,0.02817571251098492
qam,16,0.5,0.4,0.665625,0.24536490171097974,0.31333333333333335,0.4646236534587969,0.334375,0.24536490171097983,0.5877083333333334,0.41229166666666667,0.07791666666666666,0.1824410420793676,3.9927164713541665e-06,1.7386543858651328e-06,,,,,0.6386927083333334,0.6943958333333333,0.26325,0.37675000000000003,0.02776565244229396,0.05257711591367554,1.9674726523056373e-07,0.02064514741212871,0.02776565244229397
qam,16,0.5,0.43333333333333335,0.6170833333333333,0.2287472091075003,0.22,0.41493844488487475,0.3829166666666667,0.22874720910750027,0.551875,0.448125,0.06520833333333333,0.18225082159062297,4.0618578592936195e-06,1.5912328458685378e-06,,,,,0.5926510416666666,0.6423020833333334,0.17325000000000002,0.26008333333333333,0.025885183499899815,0.0469547052788758,1.800649475334926e-07,0.020623621937453818,0.02588518349989981
qam,16,0.5,0.4666666666666667,0.5802083333333333,0.21538460760819791,0.16333333333333333,0.3702871825318562,0.4197916666666667,0.21538460760819786,0.525,0.475,0.05520833333333333,0.18461820613727858,3.990332285563151e-06,1.682724597977163e-06,,,,,0.5559791666666667,0.6052968750000001,0.11991666666666666,0.21,0.024373062791651415,0.04190193928439811,1.904182139243675e-07,0.020891516718090065,0.02437306279165141
qam,16,0.5,0.5,0.54375,0.19177130462504535,0.10666666666666667,0.3092047555018715,0.45625,0.19177130462504538,0.4972916666666667,0.5027083333333333,0.04645833333333333,0.16842168400386542,3.8051605224609377e-06,1.562352027328261e-06,,,,,0.52540625,0.5620885416666667,0.07666666666666666,0.14666666666666667,0.021700966012230666,0.03498981196944871,1.7679677525519808e-07,0.01905870770101235,0.02170096601223067
qam,16,0.75,0.0,1.0,0.0,1.0,0.0,0.0,0.0,1.0,0.0,0.0,0.0,4.23590342203776e-06,1.8053289985821863e-06,,,,,1.0,1.0,1.0,1.0,0.0,0.0,2.042922079282235e-07,0.0,0.0
qam,16,0.75,0.03333333333333333,1.0,0.0,1.0,0.0,0.0,0.0,0.9654166666666667,0.034583333333333334,0.034583333333333334,0.04487572645620491,4.169146219889323e-06,2.180567657582123e-06,,,,,1.0,1.0,1.0,1.0,0.0,0.0,2.467544595218812e-07,0.005078166498915702,0.0
qam,16,0.75,0.06666666666666667,0.9922916666666667,0.051172072793685325,0.9766666666666667,0.1512121222276315,0.0077083333333333335,0.051172072793685325,0.9354166666666667,0.06458333333333334,0.056875,0.06390253245252613,4.124641418457031e-06,1.7172139194980054e-06,,,,,0.985828125,0.997296875,0.9566666666666667,0.9933333333333333,0.005790665160475368,0.017111262456680095,1.9432104806095575e-07,0.007231252285419491,0.005790665160475368
qam,16,0.75,0.1,0.989375,0.06263885078040862,0.97,0.17087224588772662,0.010625,0.06263885078040864,0.9029166666666667,0.09708333333333333,0.08645833333333333,0.07485673561395892,4.107157389322917e-06,1.7470448958154755e-06,,,,,0.979375,0.9958333333333333,0.9499166666666666,0.98675,0.007088253242520352,0.019336014883421716,1.9769674081354358e-07,0.008470837065645661,0.007088253242520354
qam,16,0.75,0.13333333333333333,0.9685416666666666,0.10873463800569556,0.9166666666666666,0.2768471963423705,0.03145833333333333,0.10873463800569556,0.8695833333333334,0.13041666666666665,0.09895833333333333,0.09865026785763686,3.870328267415365e-06,1.5306449842054437e-06,,,,,0.9551614583333333,0.9791718749999999,0.8866666666666667,0.9433333333333334,0.012304482614473668,0.031328209453201514,1.732087855582936e-07,0.011163328705834124,0.012304482614473668
qam,16,0.75,0.16666666666666666,0.9491666666666667,0.13579758405437697,0.8666666666666667,0.3405026123034995,0.050833333333333335,0.13579758405437695,0.839375,0.160625,0.10979166666666666,0.11275963320335905,4.2390823364257815e-06,1.8410850004724248e-06,,,,,0.9347916666666667,0.9621145833333333,0.8299166666666666,0.91,0.015366943254982692,0.03853149787514645,2.0833838044225236e-07,0.01275995369840183,0.015366943254982689
qam,16,0.75,0.2,0.9114583333333334,0.1726231878412935,0.7733333333333333,0.4193747004212346,0.08854166666666667,0.17262318784129352,0.8022916666666666,0.19770833333333335,0.10916666666666666,0.13215055094831055,3.903706868489584e-06,1.453987055031676e-06,,,,,0.890390625,0.928546875,0.73,0.8200833333333333,0.019534152617834255,0.04745671485118561,1.6453412425367076e-07,0.014954242608058629,0.01953415261783426
qam,16,0.75,0.23333333333333334,0.8689583333333334,0.20383155243923387,0.68,0.4672555609057257,0.13104166666666667,0.2038315524392339,0.769375,0.230625,0.09958333333333333,0.14816616380224984,4.355907440185547e-06,2.380799676635079e-06,,,,,0.847703125,0.8895885416666666,0.6266666666666667,0.7368333333333333,0.023065711527345673,0.05287494427837697,2.6941284550159997e-07,0.01676657981298053,0.023065711527345677
qam,16,0.75,0.26666666666666666,0.8397916666666667,0.2143777900969338,0.61,0.48856489044334017,0.16020833333333334,0.21437779009693378,0.7420833333333333,0.2579166666666667,0.09770833333333333,0.1575425910365954,3.7288665771484376e-06,1.114972497135326e-06,,,,,0.813921875,0.86271875,0.56,0.6666666666666666,0.024259130664865396,0.05528632191875624,1.2617101558658149e-07,0.017827622439386657,0.024259130664865392
qam,16,0.75,0.3,0.7929166666666667,0.23398055343734236,0.5266666666666666,0.5001226159575232,0.20708333333333334,0.23398055343734236,0.705,0.295,0.08791666666666667,0.1701638047796274,4.324913024902344e-06,1.6225568055613195e-06,,,,,0.7695572916666666,0.8157395833333334,0.46658333333333335,0.5734166666666667,0.026477392160388694,0.056594201682375576,1.8360958725939224e-07,0.019255847225186362,0.026477392160388694
qam,16,0.75,0.3333333333333333,0.7658333333333334,0.2339861369036619,0.45666666666666667,0.4989509619494919,0.23416666666666666,0.23398613690366193,0.6708333333333333,0.32916666666666666,0.095,0.17140660941897304,4.158814748128255e-06,2.610945188078252e-06,,,,,0.737234375,0.7939739583333333,0.3999166666666667,0.5133333333333333,0.026478023989082083,0.05646161655001652,2.9545626180656205e-07,0.019396483809429325,0.026478023989082087
qam,16,0.75,0.36666666666666664,0.7164583333333333,0.24194260305797816,0.37333333333333335,0.4844976941199834,0.2835416666666667,0.2419426030579782,0.6370833333333333,0.36291666666666667,0.079375,0.17525997471601493,5.0290425618489584e-06,4.4787650717146496e-06,,,,,0.6883229166666667,0.7437604166666667,0.3199166666666667,0.43333333333333335,0.02737838289277664,0.054826075327897364,5.068199790791431e-07,0.01983253314176981,0.027378382892776644
qam,16,0.75,0.4,0.6541666666666667,0.24080787708831605,0.27666666666666667,0.44809767608554546,0.3458333333333333,0.24080787708831597,0.6022916666666667,0.39770833333333333,0.051875,0.1735821835803483,4.849433898925781e-06,2.667537109185237e-06,,,,,0.6318437499999999,0.6793802083333332,0.22649999999999998,0.32666666666666666,0.02724997656134463,0.05070702552660213,3.018602405400368e-07,0.019642673201660875,0.02724997656134462
qam,16,0.75,0.43333333333333335,0.6102083333333334,0.23740747699049464,0.22,0.41493844488487464,0.38979166666666665,0.2374074769904946,0.5683333333333334,0.43166666666666664,0.041875,0.17597413121780006,4.389286041259766e-06,2.4518243191683247e-06,,,,,0.586015625,0.6367135416666667,0.17325000000000002,0.26008333333333333,0.02686518506662602,0.04695470527887578,2.774500404127906e-07,0.019913347557685448,0.026865185066626017
qam,16,0.75,0.4666666666666667,0.5675,0.22081058863539973,0.15333333333333332,0.36091052943411106,0.4325,0.22081058863539973,0.5352083333333333,0.46479166666666666,0.03229166666666667,0.17178867422659347,4.163583119710287e-06,2.126704589800973e-06,,,,,0.54184375,0.5902708333333333,0.10991666666666666,0.19333333333333333,0.024987070346559274,0.04084087109914225,2.4065927961204723e-07,0.01943971851245672,0.024987070346559274
qam,16,0.75,0.5,0.5347916666666667,0.20586726760250798,0.11,0.31341254721080325,0.46520833333333333,0.20586726760250798,0.49666666666666665,0.5033333333333333,0.038125,0.16290669778211775,4.211266835530599e-06,1.6705238759141167e-06,,,,,0.5147864583333334,0.557734375,0.07333333333333333,0.14008333333333337,0.023296074384057577,0.03546596842591445,1.890375722515556e-07,0.01843462826019054,0.023296074384057577
qam,16,1.0,0.0,1.0,0.0,1.0,0.0,0.0,0.0,1.0,0.0,0.0,0.0,3.993511199951172e-06,1.7110724025963805e-06,,,,,1.0,1.0,1.0,1.0,0.0,0.0,1.9362606999942413e-07,0.0,0.0
qam,16,1.0,0.03333333333333333,0.9983333333333333,0.020378251462390903,0.9933333333333333,0.0815130058495636,0.0016666666666666668,0.0203782514623909,0.9679166666666666,0.03208333333333333,0.030416666666666668,0.048351085618531076,4.117488861083984e-06,1.8821204270536818e-06,,,,,0.9958333333333333,1.0,0.9833333333333333,1.0,0.0023060162376153533,0.009224064950461412,2.1298197610052035e-07,0.005471440410304033,0.002306016237615353
qam,16,1.0,0.06666666666666667,0.9933333333333333,0.046087896490277676,0.9766666666666667,0.15121212222763147,0.006666666666666667,0.0460878964902777,0.9260416666666667,0.07395833333333333,0.06729166666666667,0.06735304153912275,4.1000048319498695e-06,1.7468713208054416e-06,,,,,0.987703125,0.9975052083333333,0.9599166666666666,0.99,0.0052153364512289024,0.01711126245668009,1.976770989521051e-07,0.007621714146017102,0.005215336451228905
qam,16,1.0,0.1,0.9822916666666667,0.07876860037629008,0.9466666666666667,0.22507276167731277,0.017708333333333333,0.07876860037629012,0.8954166666666666,0.10458333333333333,0.086875,0.08012143923497385,4.046758015950521e-06,2.2345995527634404e-06,,,,,0.9720572916666667,0.9904375,0.92,0.96675,0.00891350623566446,0.025469380630163206,2.528687440505219e-07,0.009066594363993789,0.008913506235664465
qam,16,1.0,0.13333333333333333,0.9710416666666667,0.09902565846285619,0.9133333333333333,0.2818160567729818,0.028958333333333332,0.09902565846285616,0.8654166666666666,0.13458333333333333,0.105625,0.08928322082041448,4.235108693440755e-06,2.0107098903644797e-06,,,,,0.9599791666666666,0.9808385416666666,0.88325,0.9433333333333334,0.011205808151761152,0.03189048894300862,2.2753324370697834e-07,0.010103347548657486,0.011205808151761148
qam,16,1.0,0.16666666666666666,0.936875,0.15003178662646044,0.8333333333333334,0.3733006833947205,0.063125,0.15003178662646044,0.830625,0.169375,0.10625,0.115380260508677,4.071394602457683e-06,1.6462345692115576e-06,,,,,0.9180989583333333,0.9554322916666667,0.7965833333333333,0.8733333333333333,0.016977694909574334,0.04224294900913617,1.8628897844997782e-07,0.013056505594915347,0.016977694909574334
qam,16,1.0,0.2,0.8989583333333333,0.18560626259081878,0.7466666666666667,0.4356468556430323,0.10104166666666667,0.1856062625908188,0.7972916666666666,0.20270833333333332,0.10166666666666667,0.13379327720644643,4.150072733561198e-06,1.9450701037012216e-06,,,,,0.8768697916666667,0.9200781250000001,0.70325,0.7966666666666666,0.021003325831337558,0.04929808255791527,2.2010540260106032e-07,0.015140134583737195,0.021003325831337558
qam,16,1.0,0.23333333333333334,0.8529166666666667,0.20959387322757636,0.64,0.48080200557180797,0.14708333333333334,0.20959387322757636,0.765625,0.234375,0.08729166666666667,0.14636573663289226,3.835360209147135e-06,1.8268973837614794e-06,,,,,0.8289114583333334,0.8754739583333333,0.5866666666666667,0.6934166666666667,0.02371777950917375,0.05440786879938386,2.0673290047411656e-07,0.01656284229924709,0.02371777950917375
qam,16,1.0,0.26666666666666666,0.81,0.22966867585479808,0.5566666666666666,0.4976085507587092,0.19,0.22966867585479805,0.736875,0.263125,0.073125,0.16382475507765662,4.2883555094401045e-06,1.6268761186566718e-06,,,,,0.7837239583333333,0.8369322916666667,0.51325,0.6066666666666667,0.02598945727852174,0.05630970842339365,1.8409836354874217e-07,0.01853851622302587,0.02598945727852174
qam,16,1.0,0.3,0.761875,0.23685580871507791,0.4533333333333333,0.4986492345184556,0.238125,0.2368558087150779,0.7027083333333334,0.2972916666666667,0.059166666666666666,0.17210133192509056,4.1985511779785155e-06,1.7074642940247571e-06,,,,,0.7353385416666667,0.7856510416666667,0.4063333333333333,0.5133333333333333,0.02680275792447224,0.05642747287696451,1.9321777407822606e-07,0.019475099061709453,0.026802757924472235
qam,16,1.0,0.3333333333333333,0.703125,0.23834260185960046,0.3466666666666667,0.47670365722489905,0.296875,0.2383426018596005,0.6654166666666667,0.33458333333333334,0.03770833333333334,0.1733361488521226,3.953774770100911e-06,1.8838260389147982e-06,,,,,0.6772239583333333,0.7275572916666667,0.29333333333333333,0.39666666666666667,0.026971004407227238,0.05394409702520501,2.1317498425208147e-07,0.01961483175121294,0.02697100440722724
qam,16,1.0,0.36666666666666664,0.6558333333333334,0.22971038670775637,0.2633333333333333,0.4411776072733295,0.3441666666666667,0.2297103867077564,0.6335416666666667,0.36645833333333333,0.022291666666666668,0.16747266266375493,4.266103108723959e-06,2.0920957608941154e-06,,,,,0.6335416666666667,0.68315625,0.21658333333333335,0.30675,0.025994177305869726,0.049923946022659586,2.3674292194164771e-07,0.018951315826681168,0.02599417730586973
qam,16,1.0,0.4,0.6370833333333333,0.2253407706829715,0.23,0.42153565411754623,0.36291666666666667,0.22534077068297143,0.6004166666666667,0.39958333333333335,0.03666666666666667,0.1656651906916837,4.3058395385742184e-06,2.405260074576894e-06,,,,,0.6097864583333333,0.6625208333333333,0.18,0.2834166666666667,0.025499708704189418,0.047701249782046894,2.721808000994937e-07,0.018746781118474075,0.025499708704189408
qam,16,1.0,0.43333333333333335,0.5966666666666667,0.2128043102722712,0.16666666666666666,0.3733006833947206,0.4033333333333333,0.21280431027227117,0.5675,0.4325,0.029166666666666667,0.15873511482282346,3.8909912109375e-06,1.3676852430937799e-06,,,,,0.5760364583333334,0.6216927083333333,0.12325,0.20666666666666667,0.024081074660800048,0.04224294900913619,1.54768154880307e-07,0.01796256920946944,0.024081074660800044
qam,16,1.0,0.4666666666666667,0.5570833333333334,0.19503889001328492,0.11,0.31341254721080314,0.4429166666666667,0.19503889001328492,0.536875,0.463125,0.02020833333333333,0.15023482988616624,4.087289174397787e-06,1.4111660873997196e-06,,,,,0.5389479166666666,0.5806510416666666,0.07333333333333333,0.14666666666666667,0.022070728107716705,0.035465968425914436,1.5968847560457379e-07,0.0170006714173814,0.022070728107716705
qam,16,1.0,0.5,0.53375,0.18182320559721057,0.08333333333333333,0.2768471963423705,0.46625,0.18182320559721057,0.5014583333333333,0.49854166666666666,0.03229166666666667,0.14561044641177479,3.922780354817708e-06,1.8248461982055336e-06,,,,,0.5151510416666667,0.5527135416666666,0.056666666666666664,0.11666666666666667,0.020575232632508156,0.031328209453201514,2.0650078697767147e-07,0.01647737316480131,0.020575232632508156
qam,24,0.1,0.0,1.0,0.0,1.0,0.0,0.0,0.0,1.0,0.0,0.0,0.0,4.413127899169922e-06,2.2446662344839154e-06,,,,,1.0,1.0,1.0,1.0,0.0,0.0,2.5400789632514977e-07,0.0,0.0
qam,24,0.1,0.03333333333333333,1.0,0.0,1.0,0.0,0.0,0.0,0.9688888888888889,0.031111111111111107,0.031111111111111107,0.03644437873302575,4.088083902994792e-06,1.731686131058721e-06,,,,,1.0,1.0,1.0,1.0,0.0,0.0,1.9595873296806405e-07,0.004124069686904373,0.0
qam,24,0.1,0.06666666666666667,1.0,0.0,1.0,0.0,0.0,0.0,0.93375,0.06625,0.06625,0.053479475949433974,4.316965738932291e-06,2.0350691150473874e-06,,,,,1.0,1.0,1.0,1.0,0.0,0.0,2.3028974947285206e-07,0.006051772407763061,0.0
qam,24,0.1,0.1,1.0,0.0,1.0,0.0,0.0,0.0,0.899861111111111,0.10013888888888887,0.10013888888888887,0.06591147773576335,4.750887552897135e-06,3.5966705025267738e-06,,,,,1.0,1.0,1.0,1.0,0.0,0.0,4.070015818327629e-07,0.007458585845032083,0.0
qam,24,0.1,0.13333333333333333,1.0,0.0,1.0,0.0,0.0,0.0,0.863611111111111,0.1363888888888889,0.1363888888888889,0.07283297341588177,4.794597625732422e-06,3.732971052670793e-06,,,,,1.0,1.0,1.0,1.0,0.0,0.0,4.224254410587663e-07,0.008241826814277878,0.0
qam,24,0.1,0.16666666666666666,1.0,0.0,1.0,0.0,0.0,0.0,0.8319444444444445,0.16805555555555554,0.16805555555555554,0.07739677477579751,4.432201385498047e-06,2.6922684969467454e-06,,,,,1.0,1.0,1.0,1.0,0.0,0.0,3.0465886052281867e-07,0.008758269555238243,0.0
qam,24,0.1,0.2,0.9970833333333333,0.036026417131414065,0.9933333333333333,0.08151300584956361,0.002916666666666667,0.03602641713141406,0.8013888888888888,0.19861111111111113,0.19569444444444445,0.08296310829543688,4.978179931640625e-06,3.025025461377185e-06,,,,,0.9933124999999999,1.0,0.98325,1.0,0.004076772879236892,0.009224064950461413,3.423138558285915e-07,0.009388159489806995,0.004076772879236891
qam,24,0.1,0.23333333333333334,0.9904166666666666,0.0682031858739703,0.98,0.1402339182917774,0.009583333333333333,0.06820318587397033,0.7702777777777778,0.22972222222222224,0.2201388888888889,0.09568801287000911,4.593531290690104e-06,3.0197728129402188e-06,,,,,0.9824965277777779,0.9968194444444445,0.96325,0.9933333333333333,0.007717917033889658,0.015868961733153636,3.417194627027395e-07,0.010828117997789145,0.007717917033889661
qam,24,0.1,0.26666666666666666,0.9840277777777777,0.08385139506061182,0.9633333333333334,0.18825609351281197,0.015972222222222224,0.08385139506061182,0.7351388888888889,0.2648611111111111,0.2488888888888889,0.10710831552591957,4.882017771402995e-06,2.6849240414247106e-06,,,,,0.9744409722222221,0.9930694444444444,0.94,0.9833333333333333,0.009488678599993297,0.021303182428177032,3.0382775714176987e-07,0.012120446901062058,0.009488678599993297
qam,24,0.1,0.3,0.97375,0.10640515645728188,0.94,0.23788364542889825,0.02625,0.10640515645728185,0.7004166666666667,0.2995833333333333,0.2733333333333333,0.11621188634103505,4.882017771402995e-06,5.446681570362007e-06,,,,,0.9609409722222223,0.9841701388888888,0.9165833333333333,0.9666666666666667,0.012040876961860082,0.02691906859794004,6.163500418843809e-07,0.013150612916958031,0.012040876961860078
qam,24,0.1,0.3333333333333333,0.9344444444444444,0.1650455345958457,0.8566666666666667,0.35099794026335723,0.06555555555555556,0.16504553459584567,0.66625,0.33375,0.2681944444444444,0.1497434606905137,4.618962605794271e-06,2.4417863910558923e-06,,,,,0.9163506944444445,0.9536111111111111,0.8166666666666667,0.8966666666666666,0.01867666043018161,0.03971915603802648,2.7631414191521804e-07,0.016945067758454627,0.01867666043018161
qam,24,0.1,0.36666666666666664,0.91625,0.1835917467839431,0.82,0.3848293719103959,0.08375,0.1835917467839431,0.6368055555555555,0.36319444444444443,0.27944444444444444,0.16071065314544578,4.29232915242513e-06,2.7630269026196626e-06,,,,,0.8974826388888889,0.9357187500000002,0.7733333333333333,0.8634166666666666,0.020775361907633818,0.04354754292705016,3.1266592789710546e-07,0.018186122415612082,0.020775361907633818
qam,24,0.1,0.4,0.8945833333333333,0.20461750328252148,0.78,0.41493844488487475,0.10541666666666667,0.2046175032825215,0.6086111111111111,0.3913888888888889,0.28597222222222224,0.17298161609904478,4.3217341105143226e-06,2.330441671839675e-06,,,,,0.8728993055555556,0.9171250000000001,0.7365,0.8266666666666667,0.023154650237810288,0.0469547052788758,2.6371430080720213e-07,0.019574712593449436,0.02315465023781029
qam,24,0.1,0.43333333333333335,0.8608333333333333,0.2232445246810643,0.7066666666666667,0.4560506142576408,0.13916666666666666,0.22324452468106426,0.575,0.425,0.28583333333333333,0.18524705550131246,4.999637603759765e-06,2.9236867357523274e-06,,,,,0.8395729166666667,0.8826527777777778,0.6599166666666667,0.7566666666666667,0.025262496138265613,0.051606985201525644,3.308462994868979e-07,0.020962677722612583,0.02526249613826561
qam,24,0.1,0.4666666666666667,0.805,0.2501309578962685,0.6033333333333334,0.49002309230504254,0.195,0.25013095789626844,0.5369444444444444,0.4630555555555555,0.26805555555555555,0.208258998258193,4.858175913492838e-06,2.8001879948364325e-06,,,,,0.77675,0.8286180555555557,0.55325,0.6601666666666667,0.02830498247131763,0.05545133299328403,3.16871101349673e-07,0.023566724186283784,0.028304982471317623
qam,24,0.1,0.5,0.7561111111111112,0.2581533099259821,0.5066666666666667,0.5007909017876289,0.2438888888888889,0.2581533099259821,0.5022222222222222,0.4977777777777778,0.2538888888888889,0.21116232338603325,4.645188649495443e-06,4.265962168421749e-06,,,,,0.7267534722222222,0.7821111111111111,0.4533333333333333,0.5635,0.029212797063679897,0.056669825343141376,4.82739063633047e-07,0.023895266352928084,0.029212797063679897
qam,24,0.25,0.0,1.0,0.0,1.0,0.0,0.0,0.0,1.0,0.0,0.0,0.0,4.44650650024414e-06,2.0798679560074382e-06,,,,,1.0,1.0,1.0,1.0,0.0,0.0,2.3535921555883514e-07,0.0,0.0
qam,24,0.25,0.03333333333333333,1.0,0.0,1.0,0.0,0.0,0.0,0.9665277777777778,0.03347222222222222,0.03347222222222222,0.036015670836038155,4.991690317789714e-06,2.7293407429703013e-06,,,,,1.0,1.0,1.0,1.0,0.0,0.0,3.088539800821668e-07,0.00407555682143739,0.0
qam,24,0.25,0.06666666666666667,1.0,0.0,1.0,0.0,0.0,0.0,0.9336111111111111,0.06638888888888889,0.06638888888888889,0.04624929485804989,5.307992299397786e-06,3.858900363120548e-06,,,,,1.0,1.0,1.0,1.0,0.0,0.0,4.366756840310242e-07,0.005233600395880593,0.0
qam,24,0.25,0.1,1.0,0.0,1.0,0.0,0.0,0.0,0.898888888888889,0.10111111111111111,0.10111111111111111,0.05810127969197974,4.839102427164714e-06,4.399562825829397e-06,,,,,1.0,1.0,1.0,1.0,0.0,0.0,4.978574012346175e-07,0.006574778736203543,0.0
qam,24,0.25,0.13333333333333333,0.997361111111111,0.03231052256925178,0.9933333333333333,0.08151300584956361,0.002638888888888889,0.032310522569251786,0.863611111111111,0.1363888888888889,0.13375,0.07155349039780315,4.572073618570963e-06,3.133682215837667e-06,,,,,0.9922222222222221,1.0,0.9833333333333333,1.0,0.0036562798249909385,0.009224064950461413,3.5460952509024945e-07,0.008097039680755272,0.0036562798249909394
qam,24,0.25,0.16666666666666666,0.9908333333333333,0.06103019033472555,0.9766666666666667,0.15121212222763153,0.009166666666666667,0.06103019033472555,0.8326388888888888,0.16736111111111113,0.15819444444444444,0.08044740398162414,4.337628682454427e-06,2.0991808238053858e-06,,,,,0.9838819444444443,0.9972256944444443,0.96,0.9933333333333333,0.006906216176415786,0.0171112624566801,2.3754467228554095e-07,0.009103480747501865,0.006906216176415786
qam,24,0.25,0.2,0.9765277777777777,0.1012566396181789,0.9466666666666667,0.22507276167731263,0.023472222222222224,0.10125663961817893,0.8006944444444445,0.19930555555555554,0.17583333333333334,0.09732939890644629,4.729429880777995e-06,2.7372420947189063e-06,,,,,0.9654131944444445,0.9868159722222221,0.9265833333333333,0.97,0.011458267435595332,0.02546938063016319,3.0974810220373453e-07,0.01101385831310544,0.011458267435595335
qam,24,0.25,0.23333333333333334,0.9531944444444443,0.14133832750881917,0.8966666666666666,0.30490234560715457,0.04680555555555555,0.14133832750881914,0.77125,0.22875,0.18194444444444446,0.12095524610168586,4.685719807942708e-06,3.8078621908402663e-06,,,,,0.936920138888889,0.9688888888888888,0.8633333333333333,0.93,0.01599393740106953,0.03450294845731644,4.309001711400506e-07,0.013687374603754328,0.015993937401069528
qam,24,0.25,0.26666666666666666,0.9313888888888889,0.16467854531632695,0.8466666666666667,0.36091052943411067,0.06861111111111111,0.16467854531632695,0.7401388888888889,0.2598611111111111,0.19125,0.13447830056252594,4.610220591227213e-06,2.938224786787527e-06,,,,,0.9123576388888889,0.95153125,0.8033333333333333,0.8834166666666666,0.01863513168375492,0.04084087109914221,3.3249143483191626e-07,0.015217652273867796,0.01863513168375492
qam,24,0.25,0.3,0.8933333333333333,0.19995586655386013,0.77,0.42153565411754623,0.10666666666666667,0.19995586655386008,0.7047222222222221,0.29527777777777775,0.18861111111111112,0.15680825887301528,4.568894704182943e-06,2.971487921327608e-06,,,,,0.867329861111111,0.9140277777777779,0.7265833333333334,0.8100833333333334,0.02262713638265954,0.047701249782046894,3.3625551284935434e-07,0.01774452493241241,0.02262713638265953
qam,24,0.25,0.3333333333333333,0.8431944444444445,0.2243197097616227,0.66,0.4745002651972291,0.15680555555555556,0.2243197097616228,0.6681944444444444,0.3318055555555556,0.175,0.1718805423754204,4.685719807942708e-06,2.5111744723632432e-06,,,,,0.8240208333333332,0.8690381944444444,0.6165,0.71,0.02538416478382067,0.05369475974506512,2.841661424898028e-07,0.019450114372145933,0.02538416478382068
qam,24,0.25,0.36666666666666664,0.7869444444444444,0.24130343414590735,0.5433333333333333,0.4989509619494918,0.21305555555555555,0.24130343414590733,0.6369444444444444,0.3630555555555556,0.15,0.1905906249656218,4.769961039225261e-06,3.071374843829361e-06,,,,,0.7628402777777779,0.8137638888888887,0.48658333333333337,0.6034166666666667,0.027306054121462062,0.056461616550016504,3.4755878220195674e-07,0.021567359531268464,0.02730605412146206
qam,24,0.25,0.4,0.7290277777777778,0.2445404026250899,0.4266666666666667,0.49541937461579405,0.2709722222222222,0.24454040262508994,0.6029166666666667,0.39708333333333334,0.12611111111111112,0.18988536965970132,4.296302795410156e-06,2.010600367455427e-06,,,,,0.6970416666666667,0.7572986111111112,0.36975,0.48675,0.02767235158753368,0.0560619798220522,2.2752085002309764e-07,0.02148755238048723,0.027672351587533686
qam,24,0.25,0.43333333333333335,0.6701388888888888,0.23979202009455633,0.32,0.4672555609057257,0.3298611111111111,0.23979202009455639,0.5669444444444445,0.4330555555555555,0.10319444444444444,0.18768705315157838,4.432996114095052e-06,2.0686007834408353e-06,,,,,0.6453958333333332,0.6991909722222223,0.26658333333333334,0.37333333333333335,0.027135021520818783,0.05287494427837697,2.3408421495642561e-07,0.021238789449452386,0.02713502152081879
qam,24,0.25,0.4666666666666667,0.6261111111111112,0.22650394732071286,0.24,0.4277967197686489,0.3738888888888889,0.22650394732071283,0.52875,0.47125,0.0973611111111111,0.1776122366866508,4.227161407470703e-06,2.078445196819629e-06,,,,,0.6002743055555555,0.6536249999999999,0.19325,0.28675,0.025631334531792765,0.04840975605810619,2.3519821520042067e-07,0.020098716641832232,0.025631334531792765
qam,24,0.25,0.5,0.5780555555555555,0.20419790029485116,0.16333333333333333,0.3702871825318563,0.42194444444444446,0.20419790029485108,0.4905555555555555,0.5094444444444445,0.0875,0.16692774979887898,4.337628682454427e-06,3.182477639165914e-06,,,,,0.5538784722222223,0.6018298611111111,0.12666666666666668,0.21,0.023107167689824976,0.041901939284398115,3.601312470458314e-07,0.01888965313119385,0.02310716768982497
qam,24,0.5,0.0,1.0,0.0,1.0,0.0,0.0,0.0,1.0,0.0,0.0,0.0,4.791418711344401e-06,4.862534120186848e-06,,,,,1.0,1.0,1.0,1.0,0.0,0.0,5.502475351137889e-07,0.0,0.0
qam,24,0.5,0.03333333333333333,0.9990277777777777,0.016839382851364087,0.9966666666666667,0.057735026918962595,0.0009722222222222223,0.016839382851364083,0.9690277777777777,0.03097222222222222,0.03,0.03594170307688397,4.418690999348959e-06,2.149116574679471e-06,,,,,0.9970833333333333,1.0,0.99,1.0,0.0019055555555555557,0.006533333333333335,2.431954344505714e-07,0.004067186581528222,0.0019055555555555553
qam,24,0.5,0.06666666666666667,0.9990277777777777,0.016839382851364097,0.9966666666666667,0.05773502691896258,0.0009722222222222223,0.01683938285136408,0.9333333333333333,0.06666666666666667,0.06569444444444444,0.050501288350975594,4.670619964599609e-06,2.352824440245081e-06,,,,,0.9970833333333333,1.0,0.99,1.0,0.0019055555555555568,0.006533333333333333,2.6624714949055985e-07,0.005714758755076299,0.0019055555555555549
qam,24,0.5,0.1,0.9988888888888889,0.019245008972987518,0.9966666666666667,0.05773502691896258,0.0011111111111111111,0.01924500897298753,0.9006944444444444,0.09930555555555555,0.09819444444444445,0.0636090136760104,4.457632700602213e-06,2.0096317361351785e-06,,,,,0.9966666666666667,1.0,0.99,1.0,0.0021777777777777767,0.006533333333333333,2.274112390706134e-07,0.007198037509071313,0.002177777777777778
qam,24,0.5,0.13333333333333333,0.9965277777777777,0.035652712534413995,0.99,0.09966499068325334,0.0034722222222222216,0.035652712534413995,0.8627777777777778,0.13722222222222222,0.13375,0.07315844213176485,4.467169443766276e-06,2.2852587767316666e-06,,,,,0.9923611111111112,1.0,0.9766666666666667,1.0,0.004034484223100515,0.011278155403152539,2.586013749031406e-07,0.008278657066620546,0.004034484223100515
qam,24,0.5,0.16666666666666666,0.976111111111111,0.09702786220895947,0.94,0.23788364542889837,0.02388888888888889,0.09702786220895948,0.8266666666666667,0.17333333333333334,0.14944444444444446,0.09507408104687089,4.376570383707682e-06,2.0087536535009485e-06,,,,,0.9626354166666665,0.9856979166666667,0.9165833333333333,0.9666666666666667,0.010979736223586386,0.026919068597940052,2.273118746665457e-07,0.01075864507193197,0.010979736223586388
qam,24,0.5,0.2,0.9519444444444444,0.1363728817025849,0.8833333333333333,0.3215590505108515,0.04805555555555555,0.1363728817025849,0.7965277777777778,0.20347222222222222,0.15541666666666668,0.11453119062903565,4.763603210449219e-06,3.1538873080569737e-06,,,,,0.938173611111111,0.9643055555555554,0.8433333333333334,0.9233333333333333,0.015432044312385868,0.03638783205706891,3.568959465148858e-07,0.012960424293095286,0.015432044312385868
qam,24,0.5,0.23333333333333334,0.9391666666666667,0.152333057675592,0.8533333333333334,0.35436441131823415,0.060833333333333336,0.15233305767559202,0.7641666666666667,0.23583333333333334,0.175,0.12446466563427952,4.942417144775391e-06,2.592937989407537e-06,,,,,0.9244201388888891,0.9569513888888889,0.8199166666666666,0.8966666666666666,0.017238108243674433,0.040100108100097925,2.934185554505839e-07,0.014084502808875415,0.017238108243674437
qam,24,0.5,0.26666666666666666,0.9040277777777778,0.1827426106042582,0.77,0.4215356541175463,0.09597222222222222,0.1827426106042582,0.7343055555555555,0.26569444444444446,0.16972222222222222,0.14125511295773538,4.584789276123047e-06,2.821651197198123e-06,,,,,0.8805451388888887,0.9218125000000001,0.73,0.8166666666666667,0.02067927310325755,0.0477012497820469,3.1929989133926696e-07,0.015984520788149662,0.02067927310325755
qam,24,0.5,0.3,0.83625,0.22288283508471335,0.6266666666666667,0.4844976941199831,0.16375,0.2228828350847133,0.7022222222222222,0.29777777777777775,0.13402777777777777,0.17176085770501956,4.163583119710287e-06,1.4913218647800993e-06,,,,,0.8118020833333334,0.8616875,0.5665,0.6800833333333334,0.025221567107445615,0.054826075327897336,1.687589556955163e-07,0.01943657077671787,0.02522156710744561
qam,24,0.5,0.3333333333333333,0.7836111111111111,0.23358386905365716,0.51,0.500735245367427,0.2163888888888889,0.2335838690536572,0.6651388888888888,0.3348611111111111,0.11847222222222221,0.1749879997124214,4.269282023111979e-06,3.063298925075322e-06,,,,,0.7613715277777778,0.8097604166666666,0.4533333333333333,0.56675,0.026432503096590714,0.056663527226300976,3.466449059641036e-07,0.019801756272828448,0.026432503096590718
qam,24,0.5,0.36666666666666664,0.7197222222222222,0.2417534666451673,0.39666666666666667,0.4900230923050426,0.28027777777777774,0.24175346664516742,0.6304166666666666,0.3695833333333333,0.08930555555555555,0.18632087229625993,4.3845176696777345e-06,2.3686406965569008e-06,,,,,0.6941215277777778,0.7477777777777778,0.34,0.44666666666666666,0.02735698009284206,0.05545133299328404,2.680369273790433e-07,0.021084191532074744,0.027356980092842074
qam,24,0.5,0.4,0.6670833333333334,0.23445454954965936,0.2966666666666667,0.457551527396604,0.3329166666666667,0.2344545495496593,0.5965277777777778,0.40347222222222223,0.07055555555555557,0.18436208442670848,4.204909006754557e-06,2.0634021596623517e-06,,,,,0.6379131944444445,0.6916666666666667,0.2531666666666667,0.3466666666666667,0.02653102986986474,0.05177682951206852,2.3349593529619272e-07,0.020862533818135645,0.026531029869864733
qam,24,0.5,0.43333333333333335,0.6109722222222221,0.21510721956982648,0.19666666666666666,0.3981422858999375,0.38902777777777775,0.21510721956982656,0.5631944444444444,0.4368055555555555,0.04777777777777777,0.16904563761945082,5.173683166503906e-06,6.043043897767664e-06,,,,,0.5840173611111111,0.6344722222222221,0.15,0.23350000000000004,0.024341673380161164,0.04505404096425996,6.838347921357736e-07,0.01912931469944468,0.02434167338016117
qam,24,0.5,0.4666666666666667,0.5791666666666667,0.19698760258051737,0.14,0.34756679298414606,0.42083333333333334,0.19698760258051748,0.5330555555555555,0.4669444444444445,0.04611111111111111,0.1589742840531584,5.0179163614908855e-06,2.8217258713543325e-06,,,,,0.5602534722222222,0.598923611111111,0.09991666666666667,0.1801666666666667,0.02229124569386862,0.039330885172191236,3.1930834151552795e-07,0.01798963375569453,0.022291245693868634
qam,24,0.5,0.5,0.5395833333333333,0.17113997549212623,0.07666666666666666,0.2665063620734804,0.46041666666666664,0.1711399754921262,0.49541666666666667,0.5045833333333334,0.04416666666666667,0.1413893278468552,5.07354736328125e-06,5.320787104469985e-06,,,,,0.5229131944444445,0.5604340277777777,0.05,0.10008333333333336,0.019366311340219065,0.03015803389723886,6.021037419450213e-07,0.01599970863261273,0.019366311340219062
qam,24,0.75,0.0,1.0,0.0,1.0,0.0,0.0,0.0,1.0,0.0,0.0,0.0,4.963080088297526e-06,2.388126275669099e-06,,,,,1.0,1.0,1.0,1.0,0.0,0.0,2.7024192823080904e-07,0.0,0.0
qam,24,0.75,0.03333333333333333,1.0,0.0,1.0,0.0,0.0,0.0,0.9684722222222223,0.03152777777777777,0.03152777777777777,0.03435217154100391,5.314350128173828e-06,3.0523685619433745e-06,,,,,1.0,1.0,1.0,1.0,0.0,0.0,3.4540801893717576e-07,0.0038873141553435737,0.0
qam,24,0.75,0.06666666666666667,1.0,0.0,1.0,0.0,0.0,0.0,0.9331944444444443,0.06680555555555555,0.06680555555555555,0.04948855073933463,5.185604095458984e-06,6.3854584034428696e-06,,,,,1.0,1.0,1.0,1.0,0.0,0.0,7.22582641112872e-07,0.0056001567058672225,0.0
qam,24,0.75,0.1,0.9991666666666666,0.014433756729740647,0.9966666666666667,0.05773502691896258,0.0008333333333333334,0.014433756729740649,0.9005555555555557,0.09944444444444445,0.09861111111111111,0.05861269835346686,5.023479461669922e-06,2.4837547270012104e-06,,,,,0.9975,1.0,0.99,1.0,0.0016333333333333334,0.006533333333333333,2.810633062060902e-07,0.006632651205771666,0.0016333333333333336
qam,24,0.75,0.13333333333333333,0.9881944444444444,0.0669914688564274,0.9666666666666667,0.17980541941701308,0.011805555555555555,0.06699146885642741,0.8605555555555556,0.13944444444444445,0.12763888888888889,0.07702565585474648,5.025863647460937e-06,2.378041186067318e-06,,,,,0.9798402777777777,0.9952916666666668,0.9466666666666667,0.9866666666666667,0.0075807983452226895,0.020346898631224547,2.6910069290831664e-07,0.008716273495880089,0.007580798345222691
qam,24,0.75,0.16666666666666666,0.96875,0.11199668574554285,0.9233333333333333,0.2665063620734804,0.03125,0.11199668574554286,0.8252777777777778,0.17472222222222222,0.14347222222222222,0.10503502789710785,5.162556966145833e-06,2.6785832101889205e-06,,,,,0.9569374999999999,0.9816666666666665,0.8966666666666666,0.95,0.012673618066052876,0.03015803389723886,3.0311022454007947e-07,0.011885832319624071,0.012673618066052876
qam,24,0.75,0.2,0.94375,0.1458233791793111,0.86,0.34756679298414606,0.05625,0.14582337917931104,0.7918055555555555,0.20819444444444446,0.15194444444444447,0.11737093003019365,5.178451538085937e-06,5.174645269068802e-06,,,,,0.9278576388888888,0.9611215277777777,0.8265833333333333,0.8933333333333333,0.01650146877576996,0.039330885172191236,5.855662364553083e-07,0.01328177105740193,0.016501468775769954
qam,24,0.75,0.23333333333333334,0.8947222222222223,0.1888274677719331,0.7466666666666667,0.4356468556430323,0.10527777777777778,0.18882746777193304,0.7565277777777778,0.24347222222222223,0.13819444444444445,0.14379178311749774,9.506543477376302e-06,8.529088264921257e-05,,,,,0.8734687500000001,0.9141770833333334,0.7099166666666666,0.7934166666666667,0.021367839512310104,0.04929808255791527,9.651571955160955e-06,0.016271572039268146,0.0213678395123101
qam,24,0.75,0.26666666666666666,0.8509722222222222,0.21519142128607155,0.6566666666666666,0.47561495720165836,0.14902777777777776,0.21519142128607158,0.7251388888888889,0.2748611111111111,0.12583333333333332,0.16704736342620827,4.936854044596354e-06,2.5113349646250656e-06,,,,,0.8230208333333333,0.8716666666666667,0.6065833333333334,0.7069166666666667,0.024351201701335066,0.05382089901991399,2.8418430389891375e-07,0.018903188687341563,0.02435120170133507
qam,24,0.75,0.3,0.7958333333333333,0.23583771086064897,0.55,0.49832495341626687,0.20416666666666666,0.23583771086064906,0.6944444444444445,0.3055555555555556,0.10138888888888889,0.17571697547148596,5.064010620117187e-06,2.7803707705998265e-06,,,,,0.7713125000000001,0.8230868055555557,0.49333333333333335,0.5966666666666667,0.026687549306690317,0.056390777015762714,3.1462857131914424e-07,0.019884247645571257,0.026687549306690327
qam,24,0.75,0.3333333333333333,0.7481944444444445,0.24137909920755343,0.4533333333333333,0.49864923451845555,0.25180555555555556,0.2413790992075535,0.6633333333333333,0.33666666666666667,0.08486111111111112,0.17832348498699377,5.315939585367839e-06,4.453121580388352e-06,,,,,0.7206909722222222,0.7757361111111111,0.4,0.5034166666666666,0.02731461642922915,0.0564274728769645,5.039181448615839e-07,0.020179201963774315,0.027314616429229156
qam,24,0.75,0.36666666666666664,0.6879166666666666,0.23730996328295118,0.3333333333333333,0.47219216464988567,0.3120833333333333,0.2373099632829512,0.6276388888888889,0.3723611111111111,0.06027777777777777,0.18173499238439275,5.317529042561849e-06,3.438560257697753e-06,,,,,0.6613854166666667,0.7133611111111111,0.2833333333333333,0.38333333333333336,0.02685415035182724,0.053433573580489335,3.8910972331968307e-07,0.02056525036776353,0.026854150351827245
qam,24,0.75,0.4,0.6411111111111112,0.22595675163801018,0.25,0.4337361989746801,0.3588888888888889,0.22595675163801018,0.6011111111111112,0.3988888888888889,0.04,0.1729501166421273,6.187756856282552e-06,6.354076829080433e-06,,,,,0.6160590277777778,0.6618402777777778,0.2,0.30008333333333337,0.025569413511150038,0.04908187140212206,7.190314816733457e-07,0.019571148094343037,0.025569413511150038
qam,24,0.75,0.43333333333333335,0.5981944444444445,0.21030058729936194,0.18,0.384829371910396,0.4018055555555556,0.21030058729936196,0.5659722222222222,0.4340277777777778,0.03222222222222223,0.1559133155699199,6.706714630126953e-06,9.118971147951342e-06,,,,,0.5744409722222222,0.6245868055555556,0.13666666666666666,0.22333333333333333,0.023797751734852504,0.043547542927050174,1.031908727612419e-06,0.017643252564049906,0.023797751734852508
qam,24,0.75,0.4666666666666667,0.5544444444444445,0.17960811077099395,0.10666666666666667,0.30920475550187143,0.44555555555555554,0.17960811077099398,0.5276388888888889,0.4723611111111111,0.026805555555555558,0.13998436887398338,5.005200703938802e-06,4.566797425139552e-06,,,,,0.53846875,0.5750277777777777,0.07658333333333332,0.14008333333333337,0.0203245710560456,0.034989811969448704,5.167817776568068e-07,0.015840722558139897,0.020324571056045602
qam,24,0.75,0.5,0.5263888888888889,0.15844526544818444,0.07,0.2555733275451653,0.47361111111111115,0.15844526544818446,0.4995833333333333,0.5004166666666666,0.026805555555555558,0.12933393228818468,4.665056864420573e-06,2.4773988318854818e-06,,,,,0.5066631944444445,0.5426423611111112,0.04,0.10008333333333336,0.017929769665032874,0.028920844573354355,2.803440689659129e-07,0.014635512201899504,0.017929769665032878
qam,24,1.0,0.0,1.0,0.0,1.0,0.0,0.0,0.0,1.0,0.0,0.0,0.0,4.556179046630859e-06,1.8531214802492173e-06,,,,,1.0,1.0,1.0,1.0,0.0,0.0,2.097004363507408e-07,0.0,0.0
qam,24,1.0,0.03333333333333333,1.0,0.0,1.0,0.0,0.0,0.0,0.9654166666666667,0.034583333333333334,0.034583333333333334,0.03609082770826141,7.1001052856445315e-06,3.0417789876076974e-05,,,,,1.0,1.0,1.0,1.0,0.0,0.0,3.4420969579288766e-06,0.00408406162215766,0.0
qam,24,1.0,0.06666666666666667,0.9994444444444444,0.009622504486493766,0.9966666666666667,0.05773502691896259,0.0005555555555555556,0.00962250448649376,0.9302777777777778,0.06972222222222221,0.06916666666666667,0.04863187696820635,5.048116048177083e-06,3.6524937528680173e-06,,,,,0.9983194444444444,1.0,0.99,1.0,0.0010888888888888892,0.006533333333333334,4.133185772806281e-07,0.005503214942722976,0.0010888888888888886
qam,24,1.0,0.1,0.9966666666666667,0.035909378488028824,0.99,0.09966499068325334,0.0033333333333333335,0.03590937848802882,0.8951388888888889,0.10486111111111111,0.10152777777777777,0.06676921576715412,4.785855611165365e-06,2.6033013353869242e-06,,,,,0.9927777777777778,1.0,0.98,1.0,0.004063528709953137,0.011278155403152539,2.9459127844640116e-07,0.007555648040562341,0.0040635287099531365
qam,24,1.0,0.13333333333333333,0.97625,0.10003744421596335,0.94,0.2378836454288982,0.02375,0.10003744421596335,0.8598611111111111,0.14013888888888887,0.11638888888888888,0.09109565063559245,4.898707071940104e-06,2.4951645454633637e-06,,,,,0.9656874999999999,0.9868090277777776,0.9165833333333333,0.9666666666666667,0.011320302488037207,0.02691906859794003,2.8235444871115385e-07,0.010308443289626826,0.011320302488037207
qam,24,1.0,0.16666666666666666,0.9531944444444443,0.13636202405403225,0.8866666666666667,0.31752948229939215,0.04680555555555555,0.13636202405403228,0.82375,0.17625,0.12944444444444445,0.11179785911684147,5.20626703898112e-06,4.5720191029061775e-06,,,,,0.9370555555555556,0.9664097222222223,0.85,0.9200833333333334,0.015430815653788196,0.035931843487914526,5.173726661213866e-07,0.012651118714962724,0.0154308156537882
qam,24,1.0,0.2,0.9190277777777777,0.1697395899521566,0.8033333333333333,0.3981422858999378,0.08097222222222222,0.16973958995215652,0.7909722222222222,0.20902777777777778,0.12805555555555556,0.13128448359328213,5.357265472412109e-06,3.039603678120642e-06,,,,,0.9029166666666667,0.9381979166666667,0.7665833333333334,0.84,0.0192078427983988,0.04505404096425999,3.439635363513749e-07,0.014856237860828478,0.01920784279839879
qam,24,1.0,0.23333333333333334,0.8851388888888889,0.19091384111516038,0.72,0.4497490939308702,0.11486111111111112,0.1909138411151604,0.7581944444444445,0.24180555555555558,0.12694444444444444,0.14548646171142712,5.292097727457682e-06,3.176516572948574e-06,,,,,0.8651284722222221,0.9065520833333335,0.66325,0.7633333333333333,0.021603934881733202,0.05089390104796052,3.594566889015246e-07,0.01646334297517757,0.021603934881733206
qam,24,1.0,0.26666666666666666,0.83125,0.21825922410626622,0.61,0.4885648904433401,0.16875,0.21825922410626625,0.7273611111111111,0.27263888888888893,0.10388888888888889,0.16018229426967834,5.249182383219401e-06,2.9611668761000204e-06,,,,,0.8079965277777778,0.8543055555555557,0.5466666666666666,0.6666666666666666,0.02469835627101084,0.05528632191875623,3.350875766342229e-07,0.018126332980338083,0.024698356271010843
qam,24,1.0,0.3,0.7866666666666666,0.22691236929054664,0.51,0.500735245367427,0.21333333333333335,0.2269123692905467,0.6952777777777778,0.3047222222222222,0.0913888888888889,0.16782600311982662,5.097389221191406e-06,2.018659190580967e-06,,,,,0.76146875,0.8093090277777778,0.45983333333333337,0.5666666666666667,0.02567755182850116,0.056663527226300976,2.2843279170847053e-07,0.018991300063337168,0.025677551828501167
qam,24,1.0,0.3333333333333333,0.7208333333333333,0.23168964380010923,0.38,0.48619744946494803,0.2791666666666667,0.23168964380010917,0.6602777777777779,0.33972222222222226,0.06055555555555556,0.17470090878778258,5.644162495930989e-06,3.766802253264916e-06,,,,,0.6951319444444445,0.7429305555555555,0.33,0.44333333333333336,0.026218151330422546,0.05501842075226785,4.2625380180169124e-07,0.01976926887639451,0.02621815133042254
qam,24,1.0,0.36666666666666664,0.6645833333333333,0.21469184595988922,0.25666666666666665,0.4375236894366786,0.33541666666666664,0.21469184595988924,0.6284722222222222,0.37152777777777773,0.036111111111111115,0.16118829760877526,5.348523457845052e-06,3.2232226992396106e-06,,,,,0.6402604166666668,0.6865590277777779,0.21,0.31333333333333335,0.0242946694313209,0.0495104662951285,3.647419846405638e-07,0.018240172974870204,0.0242946694313209
qam,24,1.0,0.4,0.6170833333333333,0.19847304153530893,0.17666666666666667,0.3820235974197239,0.3829166666666667,0.1984730415353089,0.5988888888888888,0.4011111111111111,0.018194444444444447,0.15247167486965338,5.3985913594563805e-06,3.056509672372061e-06,,,,,0.5942847222222223,0.6368229166666667,0.13666666666666666,0.22008333333333335,0.022459338935629698,0.04323003965418509,3.45876629696442e-07,0.017253794255838343,0.022459338935629694
qam,24,1.0,0.43333333333333335,0.5779166666666666,0.18455320946476608,0.12333333333333334,0.32936884340443334,0.4220833333333333,0.18455320946476617,0.5672222222222222,0.4327777777777778,0.010694444444444447,0.14347485030705032,5.498727162679036e-06,3.531418008591285e-06,,,,,0.5613784722222223,0.5975138888888889,0.08666666666666667,0.16008333333333336,0.020884161652201246,0.03727159331883615,3.99617567024729e-07,0.016235707715556484,0.020884161652201257
qam,24,1.0,0.4666666666666667,0.55125,0.16327246863827335,0.08,0.2717464881947031,0.44875,0.16327246863827335,0.5359722222222222,0.4640277777777778,0.015277777777777779,0.12912792660558062,5.597273508707682e-06,3.8039382230052228e-06,,,,,0.5331770833333334,0.5716701388888888,0.05658333333333333,0.11333333333333333,0.018476019129034123,0.030751009989667264,4.3045613237842325e-07,0.014612200464383518,0.018476019129034123
qam,24,1.0,0.5,0.5172222222222221,0.13027130119970431,0.03333333333333333,0.17980541941701317,0.4827777777777778,0.13027130119970431,0.5011111111111112,0.4988888888888889,0.01611111111111111,0.11134405162504392,5.4931640625e-06,2.6765800269187653e-06,,,,,0.5030520833333334,0.5345868055555555,0.016666666666666666,0.05341666666666669,0.014741585479805091,0.020346898631224557,3.0288354301362845e-07,0.012599765562963007,0.014741585479805091
qam,32,0.1,0.0,1.0,0.0,1.0,0.0,0.0,0.0,1.0,0.0,0.0,0.0,5.505084991455078e-06,2.95260455059719e-06,,,,,1.0,1.0,1.0,1.0,0.0,0.0,3.341186582911691e-07,0.0,0.0
qam,32,0.1,0.03333333333333333,1.0,0.0,1.0,0.0,0.0,0.0,0.9657291666666666,0.034270833333333334,0.034270833333333334,0.03131247239355075,5.479653676350912e-06,3.3284752488410067e-06,,,,,1.0,1.0,1.0,1.0,0.0,0.0,3.7665243185823486e-07,0.0035433398156202124,0.0
qam,32,0.1,0.06666666666666667,1.0,0.0,1.0,0.0,0.0,0.0,0.9322916666666666,0.06770833333333333,0.06770833333333333,0.043285679085990306,5.709330240885416e-06,3.2416162138693657e-06,,,,,1.0,1.0,1.0,1.0,0.0,0.0,3.66823406762639e-07,0.004898235700581042,0.0
qam,32,0.1,0.1,1.0,0.0,1.0,0.0,0.0,0.0,0.8965625,0.1034375,0.1034375,0.049696310692089435,5.935033162434896e-06,3.633592389006555e-06,,,,,1.0,1.0,1.0,1.0,0.0,0.0,4.111796866079887e-07,0.005623666957738585,0.0
qam,32,0.1,0.13333333333333333,1.0,0.0,1.0,0.0,0.0,0.0,0.8675,0.1325,0.1325,0.055957759989210036,6.206035614013672e-06,3.913556323455278e-06,,,,,1.0,1.0,1.0,1.0,0.0,0.0,4.4286058817979063e-07,0.006332216647431701,0.0
qam,32,0.1,0.16666666666666666,1.0,0.0,1.0,0.0,0.0,0.0,0.8340625,0.1659375,0.1659375,0.06064798895234045,6.136894226074218e-06,7.717590522681333e-06,,,,,1.0,1.0,1.0,1.0,0.0,0.0,8.733275812900128e-07,0.006862966018498868,0.0
qam,32,0.1,0.2,0.9930208333333334,0.05451849682409402,0.9833333333333333,0.12823299585640943,0.0069791666666666665,0.054518496824094036,0.7990625,0.2009375,0.19395833333333334,0.0764010602276035,5.895296732584635e-06,3.5467219987091705e-06,,,,,0.985625,0.9985416666666667,0.9699166666666666,0.9966666666666667,0.00616934868817207,0.014510929516631266,4.013493765363194e-07,0.008645593847000818,0.006169348688172071
qam,32,0.1,0.23333333333333334,0.9886458333333333,0.0700730819479528,0.9733333333333334,0.16137646493112856,0.011354166666666667,0.0700730819479528,0.7664583333333334,0.23354166666666668,0.2221875,0.08624446355406877,7.105668385823568e-06,1.0663984382757183e-05,,,,,0.9803776041666667,0.9954192708333333,0.9566666666666667,0.99,0.00792951569421706,0.018261466111896024,1.2067434337876895e-06,0.009759479792815069,0.00792951569421706
qam,32,0.1,0.26666666666666666,0.9741666666666666,0.10772368874088016,0.9433333333333334,0.231590882112865,0.025833333333333333,0.10772368874088017,0.7307291666666667,0.26927083333333335,0.2434375,0.10197301745910886,6.348292032877604e-06,4.191133793421977e-06,,,,,0.9620807291666666,0.9864739583333333,0.9166666666666666,0.97,0.012190082935758736,0.02620697539342619,4.7427143587301546e-07,0.011539333219698602,0.012190082935758738
qam,32,0.1,0.3,0.958125,0.1352811044296988,0.91,0.28665992577177263,0.041875,0.1352811044296988,0.6988541666666667,0.30114583333333333,0.25927083333333334,0.12292642396981046,6.233056386311849e-06,3.831674635827606e-06,,,,,0.9410364583333334,0.9702239583333333,0.8766666666666667,0.9366666666666666,0.015308498083516265,0.032438624320801364,4.3359480295865734e-07,0.013910434378019674,0.015308498083516265
qam,32,0.1,0.3333333333333333,0.9309375,0.16737925329481085,0.85,0.35766803240530476,0.0690625,0.16737925329481085,0.6675,0.3325,0.2634375,0.14616860300270557,5.470911661783854e-06,3.092199749871825e-06,,,,,0.9122604166666666,0.9479296875,0.8033333333333333,0.88675,0.018940745561517446,0.040473948018786385,3.499153421634119e-07,0.016540534528973985,0.018940745561517446
qam,32,0.1,0.36666666666666664,0.8791666666666667,0.21362598431872168,0.75,0.43373619897468013,0.12083333333333333,0.21362598431872168,0.6353125,0.3646875,0.24385416666666668,0.17913872291550537,5.431969960530599e-06,4.13028854972195e-06,,,,,0.8568697916666668,0.9047135416666666,0.69,0.8066666666666666,0.024174055832253294,0.049081871402122064,4.673861483785081e-07,0.020271454819920345,0.024174055832253294
qam,32,0.1,0.4,0.8326041666666667,0.2385195607853363,0.66,0.47450026519722904,0.16739583333333333,0.23851956078533623,0.6009375,0.3990625,0.23166666666666666,0.2001118869028565,5.489190419514974e-06,3.831029575565388e-06,,,,,0.8055130208333333,0.8599140625,0.61325,0.7068333333333334,0.026991029194775418,0.053694759745065115,4.335218075183145e-07,0.022644791747195993,0.026991029194775414
qam,32,0.1,0.43333333333333335,0.7823958333333333,0.2557003027773732,0.5666666666666667,0.4963635881027162,0.21760416666666665,0.2557003027773732,0.57125,0.42875,0.21114583333333334,0.20996014259672321,5.26269276936849e-06,2.92191937287693e-06,,,,,0.7542369791666667,0.808546875,0.5198333333333334,0.61675,0.028935213173515505,0.05616882763657821,3.306463035502521e-07,0.023759226790072828,0.028935213173515505
qam,32,0.1,0.4666666666666667,0.71125,0.2606851180432645,0.43333333333333335,0.4963635881027161,0.28875,0.2606851180432645,0.5345833333333333,0.46541666666666665,0.17666666666666667,0.2155989201506414,5.542437235514323e-06,3.2292356028421165e-06,,,,,0.6866640625,0.7415026041666667,0.38325000000000004,0.4868333333333334,0.02949929812289759,0.0561688276365782,3.654224087372133e-07,0.024397314538849222,0.02949929812289759
qam,32,0.1,0.5,0.6605208333333333,0.2519999738366742,0.3333333333333333,0.47219216464988567,0.33947916666666667,0.2519999738366743,0.5017708333333334,0.49822916666666667,0.15875,0.2041141179843646,5.829334259033203e-06,3.851702158177184e-06,,,,,0.6342421875,0.6895078125,0.26666666666666666,0.38666666666666666,0.02851648153515497,0.053433573580489335,4.3586113046092453e-07,0.02309768682888048,0.028516481535154972
qam,32,0.25,0.0,1.0,0.0,1.0,0.0,0.0,0.0,1.0,0.0,0.0,0.0,4.917780558268229e-06,2.8565070633440512e-06,,,,,1.0,1.0,1.0,1.0,0.0,0.0,3.2324420390489597e-07,0.0,0.0
qam,32,0.25,0.03333333333333333,1.0,0.0,1.0,0.0,0.0,0.0,0.9657291666666666,0.034270833333333334,0.034270833333333334,0.032136092676000455,5.726814270019531e-06,3.855146536978779e-06,,,,,1.0,1.0,1.0,1.0,0.0,0.0,4.362508986144696e-07,0.003636541224409558,0.0
qam,32,0.25,0.06666666666666667,1.0,0.0,1.0,0.0,0.0,0.0,0.9341666666666667,0.06583333333333333,0.06583333333333333,0.04384495587950577,4.769166310628255e-06,2.327495266860866e-06,,,,,1.0,1.0,1.0,1.0,0.0,0.0,2.633808836965013e-07,0.0049615238276094235,0.0
qam,32,0.25,0.1,0.9983333333333333,0.028867513459481294,0.9966666666666667,0.05773502691896258,0.0016666666666666668,0.028867513459481294,0.9001041666666667,0.09989583333333334,0.09822916666666667,0.056714816633086626,5.5686632792154945e-06,2.967257200721882e-06,,,,,0.995,1.0,0.99,1.0,0.003266666666666667,0.006533333333333333,3.357767617439602e-07,0.006417885671429954,0.003266666666666667
qam,32,0.25,0.13333333333333333,0.9983333333333333,0.028867513459481294,0.9966666666666667,0.05773502691896258,0.0016666666666666668,0.028867513459481298,0.8692708333333333,0.13072916666666667,0.1290625,0.06165635671332303,5.14984130859375e-06,3.14562193225655e-06,,,,,0.995,1.0,0.99,1.0,0.003266666666666667,0.006533333333333333,3.559606311939935e-07,0.0069770735725549725,0.0032666666666666673
qam,32,0.25,0.16666666666666666,0.9938541666666667,0.053653755936179215,0.9866666666666667,0.11488931224930929,0.006145833333333333,0.053653755936179194,0.8330208333333333,0.16697916666666668,0.16083333333333333,0.07645148781319909,5.273818969726563e-06,3.2545670177088584e-06,,,,,0.9875937499999999,0.99875,0.9733333333333334,0.99675,0.006071494044826359,0.013000949569413337,3.682889281788978e-07,0.008651300265503986,0.006071494044826356
qam,32,0.25,0.2,0.99125,0.06198786832435837,0.98,0.14023391829177728,0.00875,0.06198786832435837,0.8004166666666667,0.19958333333333333,0.19083333333333333,0.07853855148345484,5.315144856770833e-06,2.8726341435265234e-06,,,,,0.9849791666666666,0.9966770833333334,0.96,0.9933333333333333,0.007014587642857638,0.015868961733153622,3.2506915482547626e-07,0.008887473752784243,0.007014587642857638
qam,32,0.25,0.23333333333333334,0.9772916666666667,0.10116616400599478,0.95,0.21830909938949908,0.022708333333333334,0.1011661640059948,0.7666666666666667,0.23333333333333334,0.210625,0.1027698289909841,5.7880083719889324e-06,3.4226179948311023e-06,,,,,0.9645781250000001,0.9876354166666667,0.92325,0.9733333333333334,0.01144802915626161,0.024704000190618122,3.873056864472028e-07,0.011629500932773228,0.011448029156261613
qam,32,0.25,0.26666666666666666,0.9595833333333333,0.13405471311838704,0.9133333333333333,0.2818160567729819,0.04041666666666666,0.13405471311838707,0.7319791666666666,0.2680208333333333,0.22760416666666666,0.1217023832604624,5.011558532714844e-06,2.8255815379586807e-06,,,,,0.9457239583333333,0.9739036458333333,0.88,0.9433333333333334,0.015169718842187607,0.031890488943008624,3.197446512653055e-07,0.013771921132343606,0.01516971884218761
qam,32,0.25,0.3,0.91125,0.19098899879014722,0.8166666666666667,0.38758607487931857,0.08875,0.19098899879014722,0.7005208333333334,0.2994791666666667,0.21072916666666666,0.15954138581236108,5.296866099039713e-06,2.675990312283109e-06,,,,,0.8861119791666666,0.9299661458333334,0.77,0.8566666666666667,0.021612439773294724,0.04385949323448209,3.028168105205148e-07,0.01805380736094791,0.021612439773294724
qam,32,0.25,0.3333333333333333,0.8627083333333333,0.21935078352873777,0.71,0.4545202182109634,0.13729166666666667,0.2193507835287377,0.6682291666666667,0.33177083333333335,0.19447916666666668,0.18108483301147799,4.7739346822102865e-06,2.4233678213053545e-06,,,,,0.8393489583333333,0.8884661458333333,0.6665833333333333,0.7666666666666667,0.024821877847785324,0.051433804585900515,2.742298845393201e-07,0.020491677908725706,0.024821877847785317
qam,32,0.25,0.36666666666666664,0.8040625,0.24400425434654627,0.5966666666666667,0.4913862265411359,0.1959375,0.2440042543465463,0.6348958333333333,0.3651041666666667,0.16916666666666666,0.20275481339144635,5.1657358805338544e-06,2.5409294379118183e-06,,,,,0.7771770833333334,0.8347213541666667,0.5333333333333333,0.65,0.027611680698356907,0.055605586153241446,2.875332338141656e-07,0.0229438670338446,0.02761168069835691
qam,32,0.25,0.4,0.7295833333333334,0.25087343936898737,0.44666666666666666,0.4979780745823771,0.2704166666666667,0.25087343936898737,0.6045833333333334,0.3954166666666667,0.125,0.20765112661532897,4.950364430745442e-06,2.4782631398577977e-06,,,,,0.7028333333333333,0.7603151041666666,0.39316666666666666,0.49341666666666667,0.028389002159433574,0.05635152398049072,2.8044187462024677e-07,0.02349793703438229,0.028389002159433574
qam,32,0.25,0.43333333333333335,0.659375,0.23278270428961848,0.2966666666666667,0.4575515273966042,0.340625,0.23278270428961845,0.5675,0.4325,0.091875,0.19335648893787166,4.833539326985677e-06,2.942963367402983e-06,,,,,0.6343541666666667,0.6832447916666666,0.24991666666666668,0.34675,0.02634184276892285,0.05177682951206855,3.330276557075226e-07,0.02188034650381685,0.026341842768922846
qam,32,0.25,0.4666666666666667,0.5985416666666666,0.20735952031703117,0.18666666666666668,0.3902947461236545,0.4014583333333333,0.2073595203170312,0.5335416666666667,0.4664583333333333,0.065,0.17082024720795624,5.191167195638021e-06,2.7784510099548605e-06,,,,,0.5763385416666666,0.6203671875000001,0.14,0.22666666666666666,0.023464938675317643,0.044166008240606555,3.144113299514147e-07,0.019330130678876182,0.023464938675317647
qam,32,0.25,0.5,0.5559375,0.17356760068854798,0.10666666666666667,0.30920475550187154,0.4440625,0.17356760068854804,0.49895833333333334,0.5010416666666667,0.056979166666666664,0.14441640494659136,5.3493181864420575e-06,3.616842843237291e-06,,,,,0.536859375,0.5751171875,0.07666666666666666,0.1434166666666667,0.019641022992105604,0.03498981196944872,4.0928429707528576e-07,0.016342254653177252,0.01964102299210561
qam,32,0.5,0.0,1.0,0.0,1.0,0.0,0.0,0.0,1.0,0.0,0.0,0.0,5.567868550618489e-06,3.0190134722969134e-06,,,,,1.0,1.0,1.0,1.0,0.0,0.0,3.4163353521987496e-07,0.0,0.0
qam,32,0.5,0.03333333333333333,1.0,0.0,1.0,0.0,0.0,0.0,0.9664583333333333,0.033541666666666664,0.033541666666666664,0.031113133950734433,5.340576171875e-06,2.6738966696047367e-06,,,,,1.0,1.0,1.0,1.0,0.0,0.0,3.025798925483815e-07,0.0035207825473107237,0.0
qam,32,0.5,0.06666666666666667,1.0,0.0,1.0,0.0,0.0,0.0,0.9314583333333334,0.06854166666666667,0.06854166666666667,0.04422323290213653,5.621910095214843e-06,3.174711109696585e-06,,,,,1.0,1.0,1.0,1.0,0.0,0.0,3.592523815013932e-07,0.005004329902414871,0.0
qam,32,0.5,0.1,1.0,0.0,1.0,0.0,0.0,0.0,0.9005208333333333,0.09947916666666666,0.09947916666666666,0.05711879767465537,5.553563435872396e-06,3.0674789927230425e-06,,,,,1.0,1.0,1.0,1.0,0.0,0.0,3.4711792514770544e-07,0.006463600429797009,0.0
qam,32,0.5,0.13333333333333333,0.9960416666666667,0.04149508288420989,0.99,0.09966499068325335,0.003958333333333334,0.041495082884209875,0.8663541666666666,0.13364583333333332,0.1296875,0.06825150875186829,5.2531560262044275e-06,2.9156430648344223e-06,,,,,0.99165625,1.0,0.9766666666666667,1.0,0.004695610665555904,0.01127815540315254,3.2993607243523173e-07,0.007723385282295894,0.004695610665555902
qam,32,0.5,0.16666666666666666,0.9848958333333333,0.07924915849002319,0.9633333333333334,0.18825609351281192,0.015104166666666667,0.07924915849002319,0.83375,0.16625,0.15114583333333334,0.0883698082927528,5.60760498046875e-06,4.236311844784096e-06,,,,,0.9778098958333333,0.992828125,0.9433333333333334,0.9834166666666666,0.008967886505504175,0.021303182428177025,4.793838136556302e-07,0.009999985190787064,0.008967886505504175
qam,32,0.5,0.2,0.9811458333333334,0.09017712146153917,0.9566666666666667,0.20394656873443767,0.01885416666666667,0.09017712146153917,0.8022916666666666,0.19770833333333335,0.17885416666666668,0.09039850796212376,5.024274190266927e-06,2.1739070490364505e-06,,,,,0.9718541666666667,0.9893828125,0.9365833333333333,0.9766666666666667,0.010204501928710781,0.023078726846389105,2.460007407110662e-07,0.010229554169629444,0.010204501928710781
qam,32,0.5,0.23333333333333334,0.9565625,0.13306656669749486,0.9,0.30050125348237994,0.0434375,0.1330665666974949,0.7689583333333333,0.23104166666666667,0.18760416666666666,0.11799726036006294,5.414485931396485e-06,2.898906155913303e-06,,,,,0.9412291666666667,0.9701328124999999,0.8665833333333334,0.9333333333333333,0.015057899548175836,0.034004917999614914,3.2804211289651365e-07,0.013352647006374056,0.015057899548175838
qam,32,0.5,0.26666666666666666,0.9173958333333333,0.1765810820447438,0.8133333333333334,0.3902947461236547,0.08260416666666667,0.1765810820447438,0.7357291666666667,0.26427083333333334,0.18166666666666667,0.13951504386182917,5.570252736409505e-06,3.6488591248413463e-06,,,,,0.8992447916666667,0.9365625,0.77325,0.8534166666666667,0.01998203050945633,0.04416600824060658,4.1290728040058596e-07,0.015787613433407382,0.01998203050945633
qam,32,0.5,0.3,0.8678125,0.21014590022972426,0.7066666666666667,0.45605061425764054,0.1321875,0.21014590022972424,0.7035416666666666,0.2964583333333333,0.16427083333333334,0.16471862912324062,5.2865346272786455e-06,2.5757189015451864e-06,,,,,0.8433125,0.8906276041666666,0.64325,0.75,0.023780247245078594,0.05160698520152561,2.9147003222812843e-07,0.01863966759351042,0.023780247245078594
qam,32,0.5,0.3333333333333333,0.7929166666666667,0.2359128523102817,0.55,0.4983249534162667,0.20708333333333334,0.23591285231028175,0.6691666666666667,0.3308333333333333,0.12375,0.18443991190541956,5.5082639058430986e-06,2.6401892844049637e-06,,,,,0.76665625,0.8194817708333333,0.5,0.6033333333333334,0.026696052362180176,0.05639077701576269,2.9876554283630315e-07,0.020871340826429347,0.026696052362180183
qam,32,0.5,0.36666666666666664,0.7461458333333333,0.24190243882055,0.46,0.4992301766027063,0.25385416666666666,0.2419024388205501,0.641875,0.358125,0.10427083333333333,0.18934602561366645,4.923343658447265e-06,2.2272053786224886e-06,,,,,0.7188359375,0.7771875,0.38666666666666666,0.5166666666666667,0.027373837881451615,0.05649321266243474,2.520320144781021e-07,0.021426519856175073,0.027373837881451625
qam,32,0.5,0.4,0.6904166666666667,0.2400384352352546,0.35333333333333333,0.47880378629957066,0.3095833333333333,0.2400384352352546,0.608125,0.391875,0.08229166666666667,0.18509524895173268,5.156199137369791e-06,2.749410779998835e-06,,,,,0.66384375,0.7158697916666666,0.3,0.4066666666666667,0.02716290601899043,0.05418174900217755,3.1112511857325647e-07,0.020945499194368715,0.02716290601899043
qam,32,0.5,0.43333333333333335,0.6194791666666667,0.22046506262239352,0.22666666666666666,0.41937470042123454,0.3805208333333333,0.22046506262239352,0.569375,0.430625,0.050104166666666665,0.17317223536499704,5.5082639058430986e-06,2.8544301584871863e-06,,,,,0.5947161458333334,0.6437864583333334,0.18333333333333332,0.27666666666666667,0.02494797039738153,0.047456714851185605,3.2300917999557036e-07,0.01959628319401345,0.02494797039738153
qam,32,0.5,0.4666666666666667,0.573125,0.19460580762025517,0.14666666666666667,0.3543644113182341,0.426875,0.19460580762025517,0.5372916666666666,0.46270833333333333,0.035833333333333335,0.15368448427839182,5.346139272054036e-06,2.96162652416551e-06,,,,,0.5516380208333334,0.5949192708333333,0.10325,0.1801666666666667,0.02202172022142209,0.04010010810009792,3.351395907093542e-07,0.01739103656020607,0.02202172022142209
qam,32,0.5,0.5,0.5360416666666666,0.1622987509061851,0.08333333333333333,0.27684719634237037,0.4639583333333333,0.16229875090618512,0.49916666666666665,0.5008333333333334,0.036875,0.13405585009545856,5.346139272054036e-06,2.653457056245574e-06,,,,,0.5193671875,0.5536510416666666,0.05658333333333333,0.11666666666666667,0.01836583259486589,0.0313282094532015,3.002669325584728e-07,0.015169847503255193,0.01836583259486589
qam,32,0.75,0.0,1.0,0.0,1.0,0.0,0.0,0.0,1.0,0.0,0.0,0.0,5.575815836588542e-06,2.9972920304936967e-06,,,,,1.0,1.0,1.0,1.0,0.0,0.0,3.391755226865093e-07,0.0,0.0
qam,32,0.75,0.03333333333333333,1.0,0.0,1.0,0.0,0.0,0.0,0.9654166666666667,0.034583333333333334,0.034583333333333334,0.033644986092821856,5.496342976888021e-06,3.02368863389549e-06,,,,,1.0,1.0,1.0,1.0,0.0,0.0,3.4216257955813386e-07,0.0038072885884040944,0.0
qam,32,0.75,0.06666666666666667,1.0,0.0,1.0,0.0,0.0,0.0,0.9340625,0.0659375,0.0659375,0.04519422561396704,5.749861399332682e-06,3.1425053676745263e-06,,,,,1.0,1.0,1.0,1.0,0.0,0.0,3.5560795871151937e-07,0.005114208071511947,0.0
qam,32,0.75,0.1,1.0,0.0,1.0,0.0,0.0,0.0,0.9010416666666666,0.09895833333333333,0.09895833333333333,0.05267914503508618,5.32388687133789e-06,2.2505600370412982e-06,,,,,1.0,1.0,1.0,1.0,0.0,0.0,2.546748428697887e-07,0.005961206439070522,0.0
qam,32,0.75,0.13333333333333333,0.9969791666666666,0.03713400808099524,0.9933333333333333,0.08151300584956361,0.0030208333333333333,0.03713400808099525,0.868125,0.131875,0.12885416666666666,0.061616791170530226,5.799134572347005e-06,3.124690568088745e-06,,,,,0.9926041666666666,1.0,0.9833333333333333,1.0,0.004202108594083858,0.009224064950461413,3.53592024361583e-07,0.006972596309905689,0.004202108594083859
qam,32,0.75,0.16666666666666666,0.9907291666666667,0.06103521469130426,0.9766666666666667,0.15121212222763145,0.009270833333333334,0.061035214691304226,0.8328125,0.1671875,0.15791666666666668,0.0726307301728432,5.268255869547526e-06,2.629163612434976e-06,,,,,0.9842604166666666,0.9969791666666666,0.96,0.9900833333333333,0.006906784735885938,0.017111262456680088,2.975178705990488e-07,0.008218940836879098,0.006906784735885934
qam,32,0.75,0.2,0.9778125,0.09865197841351012,0.95,0.21830909938949908,0.0221875,0.0986519784135101,0.7985416666666667,0.20145833333333332,0.17927083333333332,0.09162154385642243,5.784829457600911e-06,3.1357611982936174e-06,,,,,0.9670807291666667,0.9871927083333333,0.9233333333333333,0.97,0.011163522273453325,0.024704000190618122,3.5484478410204387e-07,0.010367953709778619,0.011163522273453323
qam,32,0.75,0.23333333333333334,0.953125,0.13807316310407755,0.8933333333333333,0.30920475550187143,0.046875,0.13807316310407758,0.763125,0.236875,0.19,0.12026026506920337,5.988279978434245e-06,2.9329117543277035e-06,,,,,0.9373880208333333,0.9671953125,0.8566666666666667,0.93,0.015624449265656447,0.034989811969448704,3.318902086106213e-07,0.01360873009646198,0.015624449265656449
qam,32,0.75,0.26666666666666666,0.8902083333333334,0.1949212985780502,0.75,0.43373619897468013,0.10979166666666666,0.19492129857805018,0.7309375,0.2690625,0.15927083333333333,0.15870970172733667,6.402333577473958e-06,3.763003959698769e-06,,,,,0.8645807291666667,0.9061588541666666,0.7065833333333333,0.79675,0.022057421384146424,0.049081871402122064,4.258239844223675e-07,0.017959693446995474,0.02205742138414642
qam,32,0.75,0.3,0.83875,0.22120959563425108,0.64,0.480802005571808,0.16125,0.2212095956342511,0.7011458333333334,0.29885416666666664,0.13760416666666667,0.17760796972735893,6.1639149983723954e-06,3.8346184533685665e-06,,,,,0.8149895833333333,0.8630729166666667,0.5899166666666666,0.6935,0.02503222223900557,0.05440786879938387,4.339279272732022e-07,0.02009823378993346,0.025032222239005572
qam,32,0.75,0.3333333333333333,0.7595833333333334,0.23680827654106615,0.47,0.4999331058930714,0.24041666666666667,0.23680827654106623,0.665625,0.334375,0.09395833333333334,0.1868018169789694,6.052652994791667e-06,3.3018733298598657e-06,,,,,0.7352994791666667,0.7836640625000001,0.4066666666666667,0.5234166666666666,0.026797379152633912,0.0565727565997774,3.736421413416293e-07,0.021138615546312158,0.02679737915263392
qam,32,0.75,0.36666666666666664,0.701875,0.24250981559626641,0.37333333333333335,0.48449769411998317,0.298125,0.24250981559626636,0.6307291666666667,0.3692708333333333,0.07114583333333334,0.1858205571400134,6.0971577962239585e-06,4.0293210905395724e-06,,,,,0.6746510416666667,0.72896875,0.3233333333333333,0.4400833333333334,0.02744256903386366,0.05482607532789734,4.559606047897939e-07,0.021027575542407577,0.02744256903386365
qam,32,0.75,0.4,0.6305208333333333,0.21527820576460968,0.22666666666666666,0.41937470042123465,0.3694791666666667,0.2152782057646096,0.5961458333333334,0.4038541666666667,0.034375,0.1667657087966072,6.347497304280599e-06,3.71548906506153e-06,,,,,0.6054973958333333,0.6522526041666667,0.17991666666666667,0.2733333333333333,0.024361022289575977,0.04745671485118562,4.2044716792933943e-07,0.0188713164656027,0.024361022289575967
qam,32,0.75,0.43333333333333335,0.5738541666666667,0.17719556947181364,0.12,0.32550449652428015,0.42614583333333333,0.1771955694718136,0.5613541666666667,0.43864583333333335,0.0125,0.14478190408046127,6.989638010660807e-06,7.231921065907395e-06,,,,,0.5516484374999999,0.5936588541666666,0.08666666666666667,0.15333333333333332,0.020051566307817084,0.03683430130338244,8.183689085353128e-07,0.016383614773749614,0.02005156630781708
qam,32,0.75,0.4666666666666667,0.5319791666666667,0.13733596396294379,0.05333333333333334,0.22507276167731274,0.46802083333333333,0.1373359639629438,0.5259375,0.4740625,0.0060416666666666665,0.11802203083788725,7.190704345703125e-06,4.8421632848948405e-06,,,,,0.5160286458333333,0.5476223958333334,0.03,0.07666666666666666,0.015541027329630776,0.025469380630163203,5.479423580948551e-07,0.01335545004981386,0.01554102732963078
qam,32,0.75,0.5,0.5169791666666667,0.12977447227074124,0.04,0.1962865968262874,0.48302083333333334,0.12977447227074124,0.49541666666666667,0.5045833333333334,0.0215625,0.11321092377928849,7.335344950358073e-06,5.731866367976914e-06,,,,,0.5034114583333333,0.5304505208333333,0.02,0.06,0.014685363993892997,0.022211919425130622,6.48621739740045e-07,0.012811022034558967,0.014685363993892997
qam,32,1.0,0.0,1.0,0.0,1.0,0.0,0.0,0.0,1.0,0.0,0.0,0.0,7.3329607645670575e-06,4.44954769657545e-06,,,,,1.0,1.0,1.0,1.0,0.0,0.0,5.035137218364234e-07,0.0,0.0
qam,32,1.0,0.03333333333333333,1.0,0.0,1.0,0.0,0.0,0.0,0.9669791666666666,0.03302083333333333,0.03302083333333333,0.03130412675903996,6.915728251139323e-06,3.9978361478768096e-06,,,,,1.0,1.0,1.0,1.0,0.0,0.0,4.523977481259277e-07,0.0035423954181712652,0.0
qam,32,1.0,0.06666666666666667,1.0,0.0,1.0,0.0,0.0,0.0,0.9369791666666667,0.06302083333333333,0.06302083333333333,0.04474197419824113,6.7059199015299476e-06,3.3284829595965743e-06,,,,,1.0,1.0,1.0,1.0,0.0,0.0,3.766533044123682e-07,0.0050630310060962415,0.0
qam,32,1.0,0.1,0.9990625,0.016237976320958223,0.9966666666666667,0.05773502691896258,0.0009375,0.016237976320958223,0.9039583333333333,0.09604166666666666,0.09510416666666667,0.05282680755348747,6.831487019856771e-06,2.96113573814107e-06,,,,,0.99625,1.0,0.99,1.0,0.0018374999999999995,0.006533333333333333,3.350840530424625e-07,0.00597791602604117,0.0018374999999999995
qam,32,1.0,0.13333333333333333,0.998125,0.022925532895189768,0.9933333333333333,0.08151300584956361,0.001875,0.022925532895189768,0.8728125,0.1271875,0.1253125,0.05886619700003978,6.603399912516276e-06,4.037098863723461e-06,,,,,0.9953125,1.0,0.9833333333333333,1.0,0.0025942682673172723,0.009224064950461413,4.568407426803109e-07,0.006661337278091931,0.0025942682673172723
qam,32,1.0,0.16666666666666666,0.9844791666666667,0.07779501100174371,0.96,0.19628659682628732,0.015520833333333333,0.07779501100174371,0.8360416666666667,0.16395833333333334,0.1484375,0.07944125299663636,6.378491719563802e-06,3.5900402630086037e-06,,,,,0.9764557291666667,0.9917109375000001,0.9366666666666666,0.98,0.008803334226519459,0.02221191942513061,4.0625129960092395e-07,0.008989624045264356,0.008803334226519459
qam,32,1.0,0.2,0.9644791666666667,0.11778116303350025,0.9133333333333333,0.2818160567729817,0.035520833333333335,0.11778116303350025,0.8036458333333333,0.19635416666666666,0.16083333333333333,0.10193740565232162,6.288687388102213e-06,2.5629718784741056e-06,,,,,0.9496875,0.9772942708333333,0.8865833333333334,0.9433333333333334,0.01332819329184028,0.0318904889430086,2.900275707766432e-07,0.011535303364396551,0.01332819329184028
qam,32,1.0,0.23333333333333334,0.93875,0.15067955044755388,0.8533333333333334,0.3543644113182341,0.06125,0.15067955044755388,0.7716666666666666,0.22833333333333333,0.16708333333333333,0.12489474386741785,6.989638010660807e-06,5.70132478193141e-06,,,,,0.9211223958333333,0.9535729166666667,0.8199166666666666,0.8866666666666667,0.017050996286404337,0.04010010810009792,6.451656339267744e-07,0.014133170742475717,0.017050996286404337
qam,32,1.0,0.26666666666666666,0.8809375,0.20324893312093759,0.7333333333333333,0.44295551414779266,0.1190625,0.20324893312093747,0.7305208333333333,0.26947916666666666,0.15041666666666667,0.16121447177156328,6.167888641357422e-06,3.1461637027827075e-06,,,,,0.8573567708333334,0.9069895833333333,0.68325,0.7734166666666666,0.022999781944976,0.0501251351251224,3.5602193830038025e-07,0.018243134860216774,0.022999781944975987
qam,32,1.0,0.3,0.8164583333333333,0.22594898889461143,0.5866666666666667,0.4932543851982259,0.18354166666666666,0.22594898889461137,0.6977083333333334,0.3022916666666667,0.11875,0.17881575199219757,5.956490834554037e-06,2.3253673250354332e-06,,,,,0.7910130208333334,0.8384583333333333,0.5199166666666667,0.64,0.025568535074039823,0.05581698820633917,2.631400844104976e-07,0.02023490721941596,0.025568535074039816
qam,32,1.0,0.3333333333333333,0.7433333333333333,0.23978630949164081,0.44666666666666666,0.4979780745823771,0.25666666666666665,0.23978630949164081,0.6661458333333333,0.3338541666666667,0.0771875,0.18573874931042622,6.0455004374186195e-06,3.208240985513742e-06,,,,,0.7139583333333334,0.7670234375,0.39,0.50675,0.0271343753052652,0.05635152398049072,3.6304664413586357e-07,0.02101831811501052,0.0271343753052652
qam,32,1.0,0.36666666666666664,0.6889583333333333,0.23123662921964827,0.3333333333333333,0.4721921646498856,0.31104166666666666,0.2312366292196483,0.6333333333333333,0.36666666666666664,0.055625,0.17954014151823536,5.883375803629557e-06,2.859748064917716e-06,,,,,0.6624687499999999,0.7130520833333334,0.2699166666666667,0.39666666666666667,0.026166887904787255,0.05343357358048933,3.2361095775857185e-07,0.02031687961103575,0.02616688790478726
qam,32,1.0,0.4,0.6255208333333333,0.2100665172348578,0.21666666666666667,0.41266191376532896,0.37447916666666664,0.2100665172348578,0.6001041666666667,0.39989583333333334,0.025416666666666667,0.163107730743569,5.908012390136719e-06,3.435741708576444e-06,,,,,0.6038880208333334,0.6495885416666666,0.17325000000000002,0.2633333333333333,0.02377126421356137,0.04669709153135688,3.887907744612764e-07,0.018457377281334873,0.02377126421356137
qam,32,1.0,0.43333333333333335,0.5840625,0.19309660634863882,0.15333333333333332,0.36091052943411095,0.4159375,0.19309660634863884,0.5691666666666667,0.43083333333333335,0.014895833333333334,0.15301667840644262,6.035963694254557e-06,3.319037601241461e-06,,,,,0.5643151041666666,0.6085859375,0.11333333333333333,0.19,0.021850938020378,0.040840871099142244,3.755844614953404e-07,0.01731546721181856,0.021850938020378005
qam,32,1.0,0.4666666666666667,0.5303125,0.15666468800266778,0.07333333333333333,0.2611184245913959,0.4696875,0.1566646880026678,0.5351041666666667,0.46489583333333334,-0.004791666666666666,0.12995693400588365,6.130536397298177e-06,3.2157138156031694e-06,,,,,0.5157265625,0.5490885416666667,0.04666666666666667,0.10666666666666667,0.017728278359006398,0.029548331374729824,3.638922744667565e-07,0.014706011482945647,0.0177282783590064
qam,32,1.0,0.5,0.49895833333333334,0.10869978914925515,0.02,0.14023391829177742,0.5010416666666667,0.10869978914925514,0.49916666666666665,0.5008333333333334,-0.00020833333333333335,0.10528572534025511,5.8348973592122394e-06,2.5330656822156073e-06,,,,,0.4880182291666667,0.5113567708333333,0.006666666666666667,0.04,0.012300539095130892,0.01586896173315364,2.86643366086428e-07,0.011914201405936171,0.01230053909513089
qam,48,0.1,0.0,1.0,0.0,1.0,0.0,0.0,0.0,1.0,0.0,0.0,0.0,5.431175231933594e-06,2.9391461199765037e-06,,,,,1.0,1.0,1.0,1.0,0.0,0.0,3.3259569349699133e-07,0.0,0.0
qam,48,0.1,0.03333333333333333,1.0,0.0,1.0,0.0,0.0,0.0,0.9689583333333334,0.031041666666666665,0.031041666666666665,0.027020551536081003,5.586942036946615e-06,3.6405725786815703e-06,,,,,1.0,1.0,1.0,1.0,0.0,0.0,4.1196956942801017e-07,0.0030576632497896702,0.0
qam,48,0.1,0.06666666666666667,1.0,0.0,1.0,0.0,0.0,0.0,0.936111111111111,0.0638888888888889,0.0638888888888889,0.038378223275720644,5.24600346883138e-06,2.7633021113787288e-06,,,,,1.0,1.0,1.0,1.0,0.0,0.0,3.12697070699927e-07,0.004342904797694347,0.0
qam,48,0.1,0.1,1.0,0.0,1.0,0.0,0.0,0.0,0.903125,0.096875,0.096875,0.045405197328548676,5.808671315511068e-06,3.294444745027701e-06,,,,,1.0,1.0,1.0,1.0,0.0,0.0,3.7280151783292985e-07,0.005138081768448148,0.0
qam,48,0.1,0.13333333333333333,1.0,0.0,1.0,0.0,0.0,0.0,0.8715277777777777,0.1284722222222222,0.1284722222222222,0.049171925598486065,5.1323572794596356e-06,2.713097310758343e-06,,,,,1.0,1.0,1.0,1.0,0.0,0.0,3.070158626899799e-07,0.0055643271982482026,0.0
qam,48,0.1,0.16666666666666666,1.0,0.0,1.0,0.0,0.0,0.0,0.8380555555555556,0.16194444444444445,0.16194444444444445,0.05246981283096063,4.960695902506511e-06,3.1545173569504805e-06,,,,,1.0,1.0,1.0,1.0,0.0,0.0,3.569672432589465e-07,0.005937518270207742,0.0
qam,48,0.1,0.2,1.0,0.0,1.0,0.0,0.0,0.0,0.8034027777777778,0.1965972222222222,0.1965972222222222,0.05832881246748652,4.9106280008951825e-06,2.8422291721500244e-06,,,,,1.0,1.0,1.0,1.0,0.0,0.0,3.2162850841732703e-07,0.00660052649360445,0.0
qam,48,0.1,0.23333333333333334,1.0,0.0,1.0,0.0,0.0,0.0,0.7692361111111111,0.2307638888888889,0.2307638888888889,0.06213004435402544,4.9845377604166666e-06,2.772656326240975e-06,,,,,1.0,1.0,1.0,1.0,0.0,0.0,3.137555997598069e-07,0.007030676375181755,0.0
qam,48,0.1,0.26666666666666666,0.9938888888888889,0.05293255093601741,0.9866666666666667,0.11488931224930929,0.006111111111111111,0.05293255093601741,0.7371527777777778,0.26284722222222223,0.2567361111111111,0.07016617936941474,5.218187967936198e-06,3.1258010376510508e-06,,,,,0.9872065972222224,0.9987135416666667,0.9732500000000001,0.9966666666666667,0.005989882016233432,0.013000949569413337,3.537176858221249e-07,0.007940050659200075,0.005989882016233432
qam,48,0.1,0.3,0.9758333333333333,0.10257507605733451,0.9466666666666667,0.22507276167731263,0.024166666666666666,0.1025750760573345,0.6997916666666667,0.30020833333333335,0.2760416666666667,0.09892944995958029,5.14825185139974e-06,2.97166033877183e-06,,,,,0.9643055555555556,0.9854965277777777,0.92,0.97,0.011607462563674288,0.02546938063016319,3.3627502371988985e-07,0.011194921134729276,0.011607462563674287
qam,48,0.1,0.3333333333333333,0.9547222222222222,0.13702700364339385,0.9,0.30050125348237994,0.04527777777777778,0.13702700364339385,0.6642361111111111,0.3357638888888889,0.2904861111111111,0.12110738457552518,4.909038543701172e-06,2.5058172045236425e-06,,,,,0.9385277777777778,0.9695920138888889,0.8633333333333333,0.9333333333333333,0.015506065178193204,0.034004917999614914,2.8355991056405716e-07,0.013704590692764074,0.015506065178193204
qam,48,0.1,0.36666666666666664,0.9027083333333333,0.19104071269376158,0.79,0.40798878599580146,0.09729166666666667,0.19104071269376147,0.6317361111111112,0.3682638888888889,0.2709722222222222,0.1637672244272522,4.961490631103515e-06,2.7531415763943146e-06,,,,,0.8825520833333335,0.9223107638888888,0.7465833333333334,0.8334166666666667,0.021618291752384555,0.04616827734252081,3.11547297928688e-07,0.018532006017072333,0.02161829175238454
qam,48,0.1,0.4,0.8501388888888889,0.22251999222635863,0.68,0.4672555609057258,0.1498611111111111,0.22251999222635857,0.5990972222222222,0.4009027777777778,0.25104166666666666,0.18922335260022205,5.180040995279948e-06,2.891348533150537e-06,,,,,0.8296423611111111,0.8784843749999999,0.6333333333333333,0.72675,0.025180507572744468,0.05287494427837698,3.2718688737135644e-07,0.021412638097897525,0.025180507572744464
qam,48,0.1,0.43333333333333335,0.7660416666666666,0.24576946456952303,0.5133333333333333,0.5006573159847484,0.23395833333333332,0.24576946456952306,0.5663194444444445,0.4336805555555555,0.19972222222222222,0.20839166778991217,4.9217542012532555e-06,2.8142877157355358e-06,,,,,0.7430138888888889,0.7912048611111112,0.4599166666666667,0.5700833333333333,0.02781143303944964,0.056654708686487795,3.184666349703658e-07,0.023581737157094645,0.027811433039449645
qam,48,0.1,0.4666666666666667,0.6913888888888888,0.24006996004878417,0.36333333333333334,0.4817632978334417,0.3086111111111111,0.24006996004878423,0.5354166666666667,0.46458333333333335,0.1559722222222222,0.2025498323026626,5.176067352294922e-06,2.779244040962407e-06,,,,,0.6674131944444446,0.715314236111111,0.31325000000000003,0.42333333333333334,0.027166473387467614,0.054516649259204596,3.145010698578885e-07,0.022920671240034135,0.027166473387467617
qam,48,0.1,0.5,0.6165972222222222,0.21242565379591766,0.22,0.4149384448848746,0.38340277777777776,0.21242565379591766,0.5001388888888889,0.49986111111111114,0.11645833333333333,0.1802672971598192,5.060036977132161e-06,2.6508334855033454e-06,,,,,0.5941423611111111,0.6409045138888889,0.17991666666666667,0.2634166666666667,0.024038225646763636,0.046954705278875776,2.999700475807171e-07,0.02039916501809634,0.024038225646763636
qam,48,0.25,0.0,1.0,0.0,1.0,0.0,0.0,0.0,1.0,0.0,0.0,0.0,5.76019287109375e-06,3.5647063637885985e-06,,,,,1.0,1.0,1.0,1.0,0.0,0.0,4.0338449902820256e-07,0.0,0.0
qam,48,0.25,0.03333333333333333,1.0,0.0,1.0,0.0,0.0,0.0,0.966736111111111,0.033263888888888885,0.033263888888888885,0.02656618281862922,6.006558736165364e-06,4.010247411068421e-06,,,,,1.0,1.0,1.0,1.0,0.0,0.0,4.538022147702811e-07,0.0030062465891285725,0.0
qam,48,0.25,0.06666666666666667,1.0,0.0,1.0,0.0,0.0,0.0,0.9325,0.0675,0.0675,0.03563343558651416,6.597836812337239e-06,4.991026199739526e-06,,,,,1.0,1.0,1.0,1.0,0.0,0.0,5.647877827106096e-07,0.004032302831092927,0.0
qam,48,0.25,0.1,1.0,0.0,1.0,0.0,0.0,0.0,0.9000694444444444,0.09993055555555556,0.09993055555555556,0.04083259153043427,6.817181905110677e-06,5.055448450144729e-06,,,,,1.0,1.0,1.0,1.0,0.0,0.0,5.720778466188057e-07,0.004620642711514026,0.0
qam,48,0.25,0.13333333333333333,1.0,0.0,1.0,0.0,0.0,0.0,0.866388888888889,0.13361111111111112,0.13361111111111112,0.04554081343252582,6.50644302368164e-06,4.73246904960313e-06,,,,,1.0,1.0,1.0,1.0,0.0,0.0,5.355292868251081e-07,0.0051534281752991275,0.0
qam,48,0.25,0.16666666666666666,0.9983333333333333,0.0288675134594813,0.9966666666666667,0.05773502691896259,0.0016666666666666668,0.028867513459481294,0.8307638888888889,0.16923611111111111,0.16756944444444447,0.05479542280970501,5.807876586914062e-06,3.815921057680384e-06,,,,,0.995,1.0,0.99,1.0,0.0032666666666666677,0.006533333333333334,4.3181211777219367e-07,0.006200685813470338,0.003266666666666667
qam,48,0.25,0.2,0.9954166666666666,0.046059541103275994,0.99,0.09966499068325331,0.004583333333333333,0.046059541103275994,0.7970138888888889,0.20298611111111112,0.1984027777777778,0.06355753231695077,6.268024444580078e-06,3.290471353622665e-06,,,,,0.9904062499999999,1.0,0.98,1.0,0.0052121277371264966,0.011278155403152535,3.723518862678604e-07,0.007192211844875093,0.0052121277371264966
qam,48,0.25,0.23333333333333334,0.9901388888888889,0.06978396193958983,0.98,0.14023391829177745,0.00986111111111111,0.06978396193958984,0.7635416666666667,0.23645833333333333,0.22659722222222223,0.07441121103334845,5.226929982503255e-06,2.876967339030988e-06,,,,,0.9810989583333333,0.9966666666666667,0.9665833333333333,0.9933333333333333,0.007896798685344392,0.015868961733153643,3.255595020573032e-07,0.008420421213282637,0.007896798685344394
qam,48,0.25,0.26666666666666666,0.9734722222222223,0.11001283313652833,0.9433333333333334,0.23159088211286485,0.026527777777777775,0.11001283313652835,0.7331944444444445,0.2668055555555556,0.24027777777777776,0.10242174717589089,5.841255187988281e-06,3.0889965662163445e-06,,,,,0.9611006944444443,0.9849357638888887,0.91,0.9666666666666667,0.01244912400983485,0.026206975393426177,3.4955286781004384e-07,0.01159011176736299,0.012449124009834852
qam,48,0.25,0.3,0.928263888888889,0.17171170651928808,0.8466666666666667,0.36091052943411106,0.07173611111111111,0.17171170651928805,0.6986805555555555,0.3013194444444444,0.22958333333333333,0.14366156417232304,5.839665730794271e-06,3.431409311587851e-06,,,,,0.909373263888889,0.947579861111111,0.8065833333333333,0.8834166666666666,0.01943100879645651,0.04084087109914225,3.8830051759002666e-07,0.016256836378430305,0.019431008796456508
qam,48,0.25,0.3333333333333333,0.8755555555555556,0.2106813980697625,0.7333333333333333,0.4429555141477928,0.12444444444444445,0.21068139806976252,0.6679166666666667,0.33208333333333334,0.20763888888888887,0.17660280015172306,5.408922831217448e-06,2.80297393561899e-06,,,,,0.8496354166666666,0.8972604166666667,0.6899166666666666,0.7800833333333334,0.023840844530209515,0.050125135125122414,3.171863602271812e-07,0.01998448814461884,0.02384084453020952
qam,48,0.25,0.36666666666666664,0.8173611111111111,0.23668456439670732,0.6166666666666667,0.4870107670057072,0.18263888888888888,0.23668456439670735,0.6392361111111111,0.3607638888888889,0.178125,0.19694430505823673,5.844434102376302e-06,3.233330502264687e-06,,,,,0.7898263888888889,0.843564236111111,0.5664166666666667,0.6733333333333333,0.02678337980562378,0.055110456296082265,3.658857902288628e-07,0.022286346117984402,0.026783379805623782
qam,48,0.25,0.4,0.7256944444444445,0.24489535674443846,0.43,0.4959029465948671,0.2743055555555556,0.24489535674443838,0.6036805555555556,0.39631944444444445,0.12201388888888888,0.20310051937301882,5.813439687093099e-06,2.8521354510346523e-06,,,,,0.6969357638888888,0.7529201388888889,0.3799166666666667,0.47675,0.02771251842737943,0.056116701142861124,3.2274950940234565e-07,0.02298298734838278,0.02771251842737942
qam,48,0.25,0.43333333333333335,0.6704166666666667,0.23174690128280162,0.31333333333333335,0.46462365345879686,0.32958333333333334,0.23174690128280165,0.5729166666666666,0.4270833333333333,0.0975,0.1913024871324328,5.54958979288737e-06,2.7926962191742646e-06,,,,,0.6444027777777777,0.7011892361111111,0.26,0.37333333333333335,0.026224630624539478,0.05257711591367553,3.160233271254019e-07,0.021647914318740778,0.02622463062453948
qam,48,0.25,0.4666666666666667,0.5961805555555555,0.1990362726757151,0.17666666666666667,0.38202359741972397,0.40381944444444445,0.1990362726757152,0.5384722222222222,0.4615277777777778,0.057708333333333334,0.1681456552393863,6.659825642903646e-06,4.0562963255580835e-06,,,,,0.5740885416666667,0.6173368055555556,0.13333333333333333,0.22008333333333335,0.022523074539133478,0.04323003965418509,4.5901313999287443e-07,0.019027472105843032,0.02252307453913349
qam,48,0.25,0.5,0.5398611111111111,0.14895891397136923,0.07333333333333333,0.2611184245913959,0.4601388888888889,0.14895891397136926,0.505625,0.494375,0.03423611111111111,0.12543377834378355,7.759730021158854e-06,6.158643086608409e-06,,,,,0.5241527777777779,0.5542986111111111,0.043333333333333335,0.10333333333333333,0.016856287939594605,0.029548331374729824,6.969160718036536e-07,0.014194168235682035,0.016856287939594608
qam,48,0.5,0.0,1.0,0.0,1.0,0.0,0.0,0.0,1.0,0.0,0.0,0.0,6.792545318603515e-06,4.293858840631478e-06,,,,,1.0,1.0,1.0,1.0,0.0,0.0,4.858958692701643e-07,0.0,0.0
qam,48,0.5,0.03333333333333333,1.0,0.0,1.0,0.0,0.0,0.0,0.9681944444444444,0.03180555555555555,0.03180555555555555,0.023695120181719098,6.103515625e-06,2.7627861871532075e-06,,,,,1.0,1.0,1.0,1.0,0.0,0.0,3.1263868837779165e-07,0.0026813552670176266,0.0
qam,48,0.5,0.06666666666666667,1.0,0.0,1.0,0.0,0.0,0.0,0.9365972222222223,0.06340277777777778,0.06340277777777778,0.03492815649838354,6.298224131266276e-06,2.8639092508652464e-06,,,,,1.0,1.0,1.0,1.0,0.0,0.0,3.24081840276655e-07,0.0039524929891012655,0.0
qam,48,0.5,0.1,1.0,0.0,1.0,0.0,0.0,0.0,0.8994444444444444,0.10055555555555556,0.10055555555555556,0.04496728306794917,6.203651428222656e-06,3.0106055660347687e-06,,,,,1.0,1.0,1.0,1.0,0.0,0.0,3.40682091058896e-07,0.005088527104865284,0.0
qam,48,0.5,0.13333333333333333,1.0,0.0,1.0,0.0,0.0,0.0,0.8702083333333334,0.12979166666666667,0.12979166666666667,0.049604910849795916,6.800492604573568e-06,3.827901974449227e-06,,,,,1.0,1.0,1.0,1.0,0.0,0.0,4.3316788613443314e-07,0.005613324091922383,0.0
qam,48,0.5,0.16666666666666666,0.9975,0.03061482883069839,0.9933333333333333,0.08151300584956361,0.0025,0.03061482883069841,0.8370833333333333,0.16291666666666665,0.16041666666666668,0.05695894441561321,6.54300053914388e-06,3.816043531544815e-06,,,,,0.9935225694444444,1.0,0.98,1.0,0.003464394014653214,0.009224064950461413,4.3182597699463885e-07,0.006445511330657797,0.0034643940146532157
qam,48,0.5,0.2,0.9945138888888889,0.04810543174936579,0.9866666666666667,0.11488931224930925,0.005486111111111111,0.0481054317493658,0.8042361111111112,0.19576388888888888,0.1902777777777778,0.06974109807394697,6.246566772460937e-06,3.0017557183084554e-06,,,,,0.98790625,0.9988489583333335,0.9732500000000001,0.9966666666666667,0.005443642058115983,0.013000949569413334,3.396806365133494e-07,0.007891948182328381,0.0054436420581159845
qam,48,0.5,0.23333333333333334,0.9850694444444443,0.0814206775305299,0.9666666666666667,0.17980541941701297,0.014930555555555553,0.0814206775305299,0.7701388888888888,0.2298611111111111,0.21493055555555557,0.08525274079984638,6.176630655924479e-06,3.2865291193417516e-06,,,,,0.975484375,0.9934982638888887,0.95,0.9833333333333333,0.009213617017611217,0.020346898631224533,3.719057804632947e-07,0.009647255798589159,0.009213617017611217
qam,48,0.5,0.26666666666666666,0.9525694444444444,0.13922891881875374,0.8933333333333333,0.30920475550187154,0.04743055555555555,0.13922891881875377,0.7350694444444444,0.26493055555555556,0.2175,0.1178136799083257,6.899833679199219e-06,3.5314482454496984e-06,,,,,0.9377534722222222,0.9680659722222221,0.8598333333333333,0.9234166666666667,0.01575523533676165,0.03498981196944872,3.996209886473645e-07,0.013331872922621278,0.015755235336761653
qam,48,0.5,0.3,0.8975694444444444,0.1902052942703624,0.77,0.42153565411754634,0.10243055555555557,0.19020529427036242,0.7011111111111111,0.2988888888888889,0.19645833333333335,0.15599328595459933,6.713072458902995e-06,3.5397482088189633e-06,,,,,0.8784270833333332,0.9173906250000001,0.7165833333333333,0.8166666666666667,0.021523755258264,0.04770124978204691,4.005602179201243e-07,0.01765230206498179,0.021523755258264
qam,48,0.5,0.3333333333333333,0.8308333333333333,0.22472344579571796,0.63,0.4836109993188818,0.16916666666666666,0.2247234457957179,0.6651388888888888,0.3348611111111111,0.16569444444444445,0.18216086311495833,6.281534830729167e-06,3.0350725698831008e-06,,,,,0.8044392361111112,0.8572499999999998,0.5799166666666666,0.68,0.02542985181698209,0.05472573636540478,3.434507931854832e-07,0.020613442177626208,0.025429851816982086
qam,48,0.5,0.36666666666666664,0.7589583333333333,0.2448119536056299,0.49666666666666665,0.5008242926709126,0.24104166666666665,0.24481195360562996,0.6325,0.3675,0.12645833333333334,0.19730248538837794,6.217161814371745e-06,2.892651771607378e-06,,,,,0.7345694444444445,0.7844548611111112,0.43666666666666665,0.5435000000000001,0.027703080473749524,0.05667360387729003,3.27334362685836e-07,0.022326878037949388,0.02770308047374953
qam,48,0.5,0.4,0.6785416666666667,0.23142487888730653,0.32666666666666666,0.4697778122315972,0.32145833333333335,0.23142487888730648,0.5956944444444445,0.4043055555555556,0.08284722222222222,0.1873522142509974,6.175835927327474e-06,3.0687185831655315e-06,,,,,0.6508194444444445,0.7108628472222223,0.27325,0.3834166666666667,0.02618819036006154,0.053160363884840314,3.47258198011334e-07,0.02120089886089281,0.026188190360061533
qam,48,0.5,0.43333333333333335,0.6125,0.20972915901517217,0.21,0.4079887859958015,0.3875,0.20972915901517225,0.5636111111111112,0.4363888888888889,0.048888888888888885,0.1718296372971937,6.151994069417318e-06,3.046184618939635e-06,,,,,0.5925416666666666,0.632548611111111,0.15991666666666668,0.2500833333333334,0.0237330885372074,0.04616827734252082,3.447082399102347e-07,0.01944435392026494,0.02373308853720741
qam,48,0.5,0.4666666666666667,0.5505555555555556,0.16595700829284432,0.10333333333333333,0.3049023456071545,0.4494444444444445,0.16595700829284432,0.53,0.47,0.020555555555555553,0.1356158848182534,6.12020492553711e-06,3.033267528268229e-06,,,,,0.5333142361111111,0.5677777777777777,0.07,0.13341666666666668,0.018779803388708608,0.03450294845731643,3.4324653349808325e-07,0.015346382050816744,0.018779803388708608
qam,48,0.5,0.5,0.5231944444444445,0.12309342784827147,0.043333333333333335,0.20394656873443773,0.47680555555555554,0.12309342784827147,0.4953472222222222,0.5046527777777778,0.027847222222222225,0.1128488533598491,5.925496419270833e-06,2.9875845359631865e-06,,,,,0.5102673611111112,0.5373819444444444,0.023250000000000003,0.06666666666666667,0.013929332645919966,0.023078726846389112,3.380770162687613e-07,0.012770049909549696,0.013929332645919966
qam,48,0.75,0.0,1.0,0.0,1.0,0.0,0.0,0.0,1.0,0.0,0.0,0.0,6.792545318603515e-06,3.6623694404498867e-06,,,,,1.0,1.0,1.0,1.0,0.0,0.0,4.144361165338578e-07,0.0,0.0
qam,48,0.75,0.03333333333333333,1.0,0.0,1.0,0.0,0.0,0.0,0.9669444444444444,0.03305555555555555,0.03305555555555555,0.025636031657856887,6.724198659261068e-06,3.2281418690097034e-06,,,,,1.0,1.0,1.0,1.0,0.0,0.0,3.6529864110279053e-07,0.002900990076609018,0.0
qam,48,0.75,0.06666666666666667,1.0,0.0,1.0,0.0,0.0,0.0,0.9355555555555556,0.06444444444444444,0.06444444444444444,0.0351136429005953,7.659594217936198e-06,4.959563132543405e-06,,,,,1.0,1.0,1.0,1.0,0.0,0.0,5.612274014888281e-07,0.003973482751453868,0.0
qam,48,0.75,0.1,1.0,0.0,1.0,0.0,0.0,0.0,0.9035416666666667,0.09645833333333333,0.09645833333333333,0.042012396475761375,8.487701416015625e-06,5.765141829104481e-06,,,,,1.0,1.0,1.0,1.0,0.0,0.0,6.523872126421692e-07,0.004754150209258094,0.0
qam,48,0.75,0.13333333333333333,1.0,0.0,1.0,0.0,0.0,0.0,0.87125,0.12875,0.12875,0.047499364348658084,6.7170461018880205e-06,3.1615666894036346e-06,,,,,1.0,1.0,1.0,1.0,0.0,0.0,3.577649503208759e-07,0.005375059075434636,0.0
qam,48,0.75,0.16666666666666666,0.9965972222222222,0.041614318193314334,0.9933333333333333,0.0815130058495636,0.0034027777777777784,0.04161431819331434,0.8353472222222222,0.1646527777777778,0.16125,0.06320119481181526,6.632804870605469e-06,3.2188141303069273e-06,,,,,0.9914565972222222,1.0,0.98,1.0,0.004709103410966343,0.009224064950461412,3.6424310810239875e-07,0.007151888460190673,0.0047091034109663435
qam,48,0.75,0.2,0.986736111111111,0.07638421196114781,0.97,0.17087224588772668,0.01326388888888889,0.0763842119611478,0.8018055555555555,0.19819444444444445,0.18493055555555554,0.07961350625824473,6.54300053914388e-06,3.070571613056497e-06,,,,,0.9778437500000001,0.9942465277777778,0.9499166666666666,0.9866666666666667,0.008643687286170798,0.019336014883421723,3.4746788808338154e-07,0.009009116336788199,0.008643687286170796
qam,48,0.75,0.23333333333333334,0.9676388888888889,0.11489579790538952,0.9233333333333333,0.26650636207348033,0.03236111111111111,0.11489579790538952,0.7659722222222222,0.23402777777777775,0.20166666666666666,0.10147211679475239,6.548563639322916e-06,3.286219051451092e-06,,,,,0.9540503472222223,0.9803506944444444,0.89,0.9501666666666667,0.01300168349048896,0.03015803389723886,3.718706929783874e-07,0.01148265097355152,0.01300168349048896
qam,48,0.75,0.26666666666666666,0.9258333333333333,0.16846817617652235,0.8333333333333334,0.3733006833947207,0.07416666666666667,0.16846817617652235,0.7295138888888889,0.2704861111111111,0.19631944444444446,0.1356227885583882,7.00076421101888e-06,3.944057639878022e-06,,,,,0.9068472222222222,0.945703125,0.7965833333333333,0.8766666666666667,0.01906396878561849,0.0422429490091362,4.463121370562632e-07,0.01534716328255689,0.01906396878561849
qam,48,0.75,0.3,0.8863194444444443,0.2006470795941763,0.75,0.4337361989746801,0.11368055555555555,0.20064707959417635,0.6997222222222222,0.30027777777777775,0.18659722222222222,0.15954891090765755,6.892681121826172e-06,3.252898582748032e-06,,,,,0.8637482638888889,0.9104930555555555,0.6965,0.78675,0.022705354501498746,0.04908187140212206,3.6810012698964116e-07,0.01805465890564375,0.022705354501498753
qam,48,0.75,0.3333333333333333,0.8070833333333334,0.2333680446788299,0.5833333333333334,0.49383038625644465,0.19291666666666665,0.23336804467882996,0.6684027777777778,0.33159722222222227,0.13868055555555556,0.18695199191105705,7.062753041585287e-06,3.7828793364274554e-06,,,,,0.7883177083333334,0.8334097222222223,0.5233333333333333,0.6366666666666667,0.02640808026945349,0.055882168862078335,4.2807309502685973e-07,0.02115560943965556,0.026408080269453498
qam,48,0.75,0.36666666666666664,0.7443055555555556,0.23601486933980642,0.44666666666666666,0.4979780745823771,0.25569444444444445,0.2360148693398065,0.6371527777777778,0.36284722222222227,0.10715277777777779,0.19127803965378942,6.748040517171224e-06,3.2756363547169325e-06,,,,,0.7205555555555555,0.7731961805555556,0.38666666666666666,0.49333333333333335,0.026707596675833948,0.05635152398049072,3.7067314810797643e-07,0.021645147826099127,0.02670759667583396
qam,48,0.75,0.4,0.6751388888888888,0.228390632262988,0.31333333333333335,0.46462365345879686,0.3248611111111111,0.22839063226298797,0.6026388888888888,0.3973611111111111,0.0725,0.18381694853457306,6.521542867024739e-06,3.17133989332362e-06,,,,,0.650609375,0.6976510416666667,0.2633333333333333,0.36666666666666664,0.025844833031415288,0.05257711591367553,3.588708924560294e-07,0.02080084588473806,0.025844833031415285
qam,48,0.75,0.43333333333333335,0.6027083333333333,0.19802218040551153,0.18333333333333332,0.3875860748793185,0.39729166666666665,0.19802218040551162,0.5704166666666667,0.4295833333333333,0.03229166666666667,0.16002953910540274,6.469885508219401e-06,3.2277531583294526e-06,,,,,0.5781892361111112,0.6229930555555556,0.14333333333333334,0.22666666666666666,0.022408319195877185,0.04385949323448209,3.652546543484781e-07,0.01810904710623602,0.022408319195877196
qam,48,0.75,0.4666666666666667,0.5624305555555555,0.16284728288600456,0.10333333333333333,0.3049023456071545,0.43756944444444446,0.16284728288600453,0.5404166666666667,0.45958333333333334,0.02201388888888889,0.1296404795243919,6.124973297119141e-06,2.661645594414995e-06,,,,,0.5448489583333332,0.5813159722222223,0.07325,0.13333333333333333,0.018427904831762636,0.03450294845731643,3.0119355288288423e-07,0.014670201287250845,0.018427904831762633
qam,48,0.75,0.5,0.5223611111111112,0.12456018562400065,0.043333333333333335,0.20394656873443773,0.47763888888888884,0.12456018562400063,0.5048611111111111,0.49513888888888885,0.0175,0.1060813441625743,6.546179453531901e-06,3.002086195557604e-06,,,,,0.5081892361111112,0.538484375,0.023333333333333334,0.06333333333333334,0.014095311913263997,0.023078726846389112,3.397180335345858e-07,0.012004234151218882,0.014095311913263997
qam,48,1.0,0.0,1.0,0.0,1.0,0.0,0.0,0.0,1.0,0.0,0.0,0.0,6.926059722900391e-06,3.165030307551641e-06,,,,,1.0,1.0,1.0,1.0,0.0,0.0,3.5815689561141965e-07,0.0,0.0
qam,48,1.0,0.03333333333333333,1.0,0.0,1.0,0.0,0.0,0.0,0.965763888888889,0.034236111111111106,0.034236111111111106,0.02717767919522832,6.930033365885417e-06,3.077394090858539e-06,,,,,1.0,1.0,1.0,1.0,0.0,0.0,3.482399241249092e-07,0.0030754439182656148,0.0
qam,48,1.0,0.06666666666666667,1.0,0.0,1.0,0.0,0.0,0.0,0.931875,0.068125,0.068125,0.03612720909371191,6.624857584635416e-06,2.9410493298641303e-06,,,,,1.0,1.0,1.0,1.0,0.0,0.0,3.328110619702167e-07,0.004088178563483595,0.0
qam,48,1.0,0.1,1.0,0.0,1.0,0.0,0.0,0.0,0.9007638888888889,0.09923611111111111,0.09923611111111111,0.041249948387597254,6.9165229797363285e-06,2.8409838858352176e-06,,,,,1.0,1.0,1.0,1.0,0.0,0.0,3.2148759100506896e-07,0.004667871085904938,0.0
qam,48,1.0,0.13333333333333333,1.0,0.0,1.0,0.0,0.0,0.0,0.866388888888889,0.13361111111111112,0.13361111111111112,0.049187864283942624,6.876786549886068e-06,3.1396825253634803e-06,,,,,1.0,1.0,1.0,1.0,0.0,0.0,3.552885240329596e-07,0.005566130830298622,0.0
qam,48,1.0,0.16666666666666666,0.9983333333333333,0.02886751345948129,0.9966666666666667,0.05773502691896258,0.0016666666666666668,0.028867513459481298,0.8333333333333334,0.16666666666666666,0.165,0.055970210264141965,6.794929504394531e-06,3.300832558568354e-06,,,,,0.995,1.0,0.99,1.0,0.0032666666666666664,0.006533333333333333,3.735243669829067e-07,0.006333625528670053,0.0032666666666666673
qam,48,1.0,0.2,0.9925,0.05343657266706092,0.98,0.14023391829177745,0.0075,0.05343657266706091,0.7989583333333333,0.20104166666666667,0.19354166666666667,0.0666885459150341,6.700356801350911e-06,3.1773064833144995e-06,,,,,0.9860381944444445,0.9975034722222222,0.9665833333333333,0.9933333333333333,0.0060469174443241284,0.015868961733153643,3.595460756741556e-07,0.007546519387438292,0.006046917444324128
qam,48,1.0,0.23333333333333334,0.9675694444444444,0.11431245641660408,0.9233333333333333,0.26650636207348033,0.03243055555555555,0.11431245641660409,0.76625,0.23375,0.20131944444444444,0.09869989258189163,6.650288899739584e-06,2.8215655159948065e-06,,,,,0.9558177083333333,0.9798680555555556,0.89325,0.9566666666666667,0.012935672186835329,0.03015803389723886,3.1929019559837024e-07,0.011168944272023886,0.01293567218683533
qam,48,1.0,0.26666666666666666,0.930625,0.16131281202407355,0.84,0.36721859746989827,0.069375,0.16131281202407355,0.7288888888888888,0.2711111111111111,0.20173611111111112,0.13486976146030918,6.380875905354817e-06,2.8480425057898565e-06,,,,,0.9140190972222223,0.9478923611111112,0.80325,0.8866666666666667,0.018254263107383532,0.041554696195733785,3.222863490467289e-07,0.015261950244591423,0.018254263107383532
qam,48,1.0,0.3,0.8571527777777778,0.21331432880195472,0.6833333333333333,0.4659534285176792,0.1428472222222222,0.21331432880195467,0.6957638888888888,0.3042361111111111,0.1613888888888889,0.17218745528410428,6.983280181884765e-06,3.384741006875465e-06,,,,,0.8338194444444444,0.878546875,0.64,0.7334166666666666,0.02413878869053933,0.05272759412736418,3.83019501765516e-07,0.019484844837233433,0.02413878869053932
qam,48,1.0,0.3333333333333333,0.7758333333333334,0.23630724470100176,0.5133333333333333,0.5006573159847486,0.22416666666666665,0.23630724470100176,0.660625,0.339375,0.11520833333333333,0.18911008962691384,6.940364837646484e-06,3.1137116457815426e-06,,,,,0.7502083333333334,0.8018055555555554,0.4633333333333333,0.5735,0.026740682062558096,0.05665470868648782,3.523496423466858e-07,0.0213998211859043,0.026740682062558096
qam,48,1.0,0.36666666666666664,0.704375,0.22964494152609743,0.36,0.4808020055718079,0.295625,0.22964494152609752,0.6292361111111111,0.3707638888888889,0.0751388888888889,0.18327404576645362,7.051626841227214e-06,3.511590045910632e-06,,,,,0.6758454861111111,0.732140625,0.3099166666666667,0.4134166666666667,0.02598677148639313,0.05440786879938386,3.9737382182486224e-07,0.020739410653111818,0.02598677148639314
qam,48,1.0,0.4,0.6325694444444445,0.20853319797976538,0.22666666666666666,0.41937470042123437,0.3674305555555556,0.20853319797976538,0.5967361111111111,0.4032638888888889,0.03583333333333333,0.16720787268168194,7.789929707845052e-06,3.372593155185039e-06,,,,,0.6102656249999999,0.6542847222222221,0.17991666666666667,0.27675000000000005,0.023597752805763848,0.047456714851185584,3.816448429385816e-07,0.01892135201946517,0.023597752805763848
qam,48,1.0,0.43333333333333335,0.5825,0.1764295015234237,0.13333333333333333,0.3405026123034996,0.4175,0.1764295015234237,0.5655555555555555,0.43444444444444447,0.01694444444444444,0.1440030201522064,8.016427357991537e-06,4.39739826075151e-06,,,,,0.5630538194444445,0.6034218750000001,0.09333333333333334,0.17,0.01996487755871787,0.03853149787514646,4.976124576374597e-07,0.01629547576000311,0.01996487755871787
qam,48,1.0,0.4666666666666667,0.53,0.12527793330143167,0.04666666666666667,0.21127631471468894,0.47,0.12527793330143167,0.5318055555555555,0.46819444444444447,-0.001805555555555555,0.10741011368575526,7.557868957519531e-06,4.113871627463695e-06,,,,,0.5169340277777777,0.5445260416666667,0.02666666666666667,0.07008333333333336,0.014176532708959903,0.023908165686087876,4.6552839873943464e-07,0.012154598577831183,0.014176532708959903
qam,48,1.0,0.5,0.5119444444444444,0.10347026595633255,0.023333333333333334,0.15121212222763147,0.4880555555555555,0.10347026595633256,0.501875,0.498125,0.010069444444444443,0.09769409066499825,7.0126851399739585e-06,3.0934168356609293e-06,,,,,0.5000659722222222,0.5213298611111111,0.009916666666666669,0.043333333333333335,0.011708762836990108,0.01711126245668009,3.5005306838577327e-07,0.011055127070559797,0.01170876283699011
qam,64,0.1,0.0,1.0,0.0,1.0,0.0,0.0,0.0,1.0,0.0,0.0,0.0,5.542437235514323e-06,3.064799195625238e-06,,,,,1.0,1.0,1.0,1.0,0.0,0.0,3.4681467755885036e-07,0.0,0.0
qam,64,0.1,0.03333333333333333,1.0,0.0,1.0,0.0,0.0,0.0,0.9663020833333333,0.03369791666666667,0.03369791666666667,0.023591790549840584,5.6401888529459635e-06,2.7997534491068844e-06,,,,,1.0,1.0,1.0,1.0,0.0,0.0,3.168219278712628e-07,0.002669662418424683,0.0
qam,64,0.1,0.06666666666666667,1.0,0.0,1.0,0.0,0.0,0.0,0.9319270833333333,0.06807291666666666,0.06807291666666666,0.03195837832337432,5.389054616292317e-06,2.8448900793904726e-06,,,,,1.0,1.0,1.0,1.0,0.0,0.0,3.219296184175931e-07,0.0036164309522613565,0.0
qam,64,0.1,0.1,1.0,0.0,1.0,0.0,0.0,0.0,0.89703125,0.10296875,0.10296875,0.037677365010502194,5.4923693339029945e-06,3.006836994044626e-06,,,,,1.0,1.0,1.0,1.0,0.0,0.0,3.40255636992514e-07,0.004263595218909168,0.0
qam,64,0.1,0.13333333333333333,1.0,0.0,1.0,0.0,0.0,0.0,0.8631770833333333,0.13682291666666666,0.13682291666666666,0.04254910779114485,5.7188669840494795e-06,3.155034401278986e-06,,,,,1.0,1.0,1.0,1.0,0.0,0.0,3.570257523326666e-07,0.004814884812051192,0.0
qam,64,0.1,0.16666666666666666,1.0,0.0,1.0,0.0,0.0,0.0,0.8311979166666666,0.16880208333333332,0.16880208333333332,0.04798025180168293,5.877812703450521e-06,3.0441415731530514e-06,,,,,1.0,1.0,1.0,1.0,0.0,0.0,3.44477047515404e-07,0.0054294766135235826,0.0
qam,64,0.1,0.2,1.0,0.0,1.0,0.0,0.0,0.0,0.798125,0.201875,0.201875,0.05058706359677819,6.957848866780599e-06,5.145215065444943e-06,,,,,1.0,1.0,1.0,1.0,0.0,0.0,5.822358954023385e-07,0.00572446513788207,0.0
qam,64,0.1,0.23333333333333334,0.9984375,0.027063293868263703,0.9966666666666667,0.05773502691896259,0.0015625,0.0270632938682637,0.7671354166666666,0.23286458333333335,0.23130208333333332,0.0579682624019044,6.563663482666016e-06,3.946306429025113e-06,,,,,0.9952734375000001,1.0,0.99,1.0,0.0030624999999999993,0.006533333333333334,4.465666115040703e-07,0.006559726412830096,0.003062499999999999
qam,64,0.1,0.26666666666666666,0.995,0.04989799377338426,0.99,0.09966499068325332,0.005,0.04989799377338427,0.73453125,0.26546875,0.26046875,0.06674746037297327,5.652109781901042e-06,3.1361852554287746e-06,,,,,0.9897916666666666,1.0,0.9766666666666667,1.0,0.005646489546868792,0.011278155403152537,3.5489277068426626e-07,0.0075531861859557585,0.005646489546868793
qam,64,0.1,0.3,0.9748958333333333,0.10641826919142167,0.9466666666666667,0.22507276167731274,0.025104166666666667,0.10641826919142167,0.6978125,0.3021875,0.27708333333333335,0.09952375796875315,5.5058797200520834e-06,2.779367735676963e-06,,,,,0.96140625,0.9859401041666667,0.92,0.9700833333333333,0.012042360807414824,0.025469380630163203,3.145150672325308e-07,0.011262173416988467,0.012042360807414824
qam,64,0.1,0.3333333333333333,0.9463020833333333,0.1542985281590524,0.89,0.3134125472108031,0.053697916666666665,0.1542985281590524,0.66484375,0.33515625,0.2814583333333333,0.1309588598203281,5.868275960286458e-06,3.1883968533172466e-06,,,,,0.9280208333333333,0.9633997395833334,0.8466666666666667,0.9266666666666666,0.01746052216656562,0.03546596842591443,3.6080106918302933e-07,0.014819390062126446,0.01746052216656562
qam,64,0.1,0.36666666666666664,0.89421875,0.20144202863194158,0.78,0.41493844488487497,0.10578125,0.20144202863194158,0.63109375,0.36890625,0.263125,0.16953436254521398,5.702972412109375e-06,2.9554848226017683e-06,,,,,0.87295703125,0.916390625,0.7299166666666667,0.82,0.02279531145352413,0.04695470527887582,3.344445917513369e-07,0.019184619131064694,0.02279531145352413
qam,64,0.1,0.4,0.8278645833333333,0.23756867548243388,0.65,0.47776654295295445,0.17213541666666668,0.2375686754824338,0.5951041666666667,0.40489583333333334,0.23276041666666666,0.19902521947448246,6.472269694010417e-06,4.00295820089912e-06,,,,,0.79864453125,0.8571953125,0.59,0.7134166666666667,0.02688342639319798,0.05406437386800229,4.5297736298940964e-07,0.02252182375166689,0.026883426393197973
qam,64,0.1,0.43333333333333335,0.73109375,0.2473498387685282,0.45,0.4983249534162668,0.26890625,0.24734983876852823,0.5638541666666667,0.43614583333333334,0.16723958333333333,0.21130462189342075,6.113847096761068e-06,3.48047421228253e-06,,,,,0.7045052083333334,0.7591302083333333,0.3998333333333334,0.50675,0.027990269215415975,0.05639077701576271,3.9385273378029836e-07,0.023911368944910995,0.027990269215415975
qam,64,0.1,0.4666666666666667,0.6461458333333333,0.22817457960642207,0.2833333333333333,0.45136977205609974,0.3538541666666667,0.22817457960642204,0.5313541666666667,0.4686458333333333,0.11479166666666667,0.19605356206587515,5.9517224629720055e-06,3.5007282487363297e-06,,,,,0.6184869791666666,0.67301953125,0.23666666666666666,0.3433333333333333,0.025820384371767504,0.05107729804252724,3.961446937664588e-07,0.022185549059526327,0.0258203843717675
qam,64,0.1,0.5,0.58578125,0.18895532009931243,0.16,0.36721859746989843,0.41421875,0.18895532009931246,0.50234375,0.49765625,0.0834375,0.16911241354040668,5.764166514078776e-06,3.291796093645343e-06,,,,,0.5656132812500001,0.6059440104166667,0.12658333333333335,0.2134166666666667,0.021382307365133385,0.041554696195733806,3.7250179471356547e-07,0.019136871106248777,0.02138230736513339
qam,64,0.25,0.0,1.0,0.0,1.0,0.0,0.0,0.0,1.0,0.0,0.0,0.0,6.469885508219401e-06,3.576236070388236e-06,,,,,1.0,1.0,1.0,1.0,0.0,0.0,4.0468920815316224e-07,0.0,0.0
qam,64,0.25,0.03333333333333333,1.0,0.0,1.0,0.0,0.0,0.0,0.9677604166666667,0.032239583333333335,0.032239583333333335,0.02220392682532988,5.995432535807292e-06,2.9894293505809364e-06,,,,,1.0,1.0,1.0,1.0,0.0,0.0,3.382857766951292e-07,0.0025126108534155077,0.0
qam,64,0.25,0.06666666666666667,1.0,0.0,1.0,0.0,0.0,0.0,0.9321354166666667,0.06786458333333334,0.06786458333333334,0.033368275847274274,6.246566772460937e-06,2.9345669018661064e-06,,,,,1.0,1.0,1.0,1.0,0.0,0.0,3.3207750618648304e-07,0.003775975876392227,0.0
qam,64,0.25,0.1,1.0,0.0,1.0,0.0,0.0,0.0,0.898125,0.101875,0.101875,0.04009535431058028,6.086826324462891e-06,2.7239348180456066e-06,,,,,1.0,1.0,1.0,1.0,0.0,0.0,3.082422420889105e-07,0.004537216466475522,0.0
qam,64,0.25,0.13333333333333333,1.0,0.0,1.0,0.0,0.0,0.0,0.8672395833333333,0.13276041666666666,0.13276041666666666,0.04302390962679903,6.395181020100912e-06,3.2035206301103726e-06,,,,,1.0,1.0,1.0,1.0,0.0,0.0,3.6251248563715364e-07,0.00486861369770602,0.0
qam,64,0.25,0.16666666666666666,0.9970833333333333,0.035753407661652206,0.9933333333333333,0.0815130058495636,0.002916666666666667,0.03575340766165219,0.8338020833333334,0.16619791666666667,0.16328125,0.051405011847070796,6.241003672281901e-06,3.102219992923058e-06,,,,,0.9923671875000001,1.0,0.98325,1.0,0.00404587894942866,0.009224064950461412,3.51049239407915e-07,0.005817024695810036,0.004045878949428658
qam,64,0.25,0.2,0.9970833333333333,0.035753407661652206,0.9933333333333333,0.0815130058495636,0.002916666666666667,0.03575340766165219,0.7982291666666667,0.20177083333333334,0.19885416666666667,0.05481304767837241,6.165504455566406e-06,3.225240820957616e-06,,,,,0.9923906250000001,1.0,0.9833333333333333,1.0,0.00404587894942866,0.009224064950461412,3.649703566115248e-07,0.006202680255113571,0.004045878949428658
qam,64,0.25,0.23333333333333334,0.9938020833333333,0.05359444752423348,0.9866666666666667,0.11488931224930927,0.006197916666666667,0.05359444752423344,0.7650520833333333,0.23494791666666667,0.22875,0.06626119991150457,6.136894226074218e-06,3.167896276440322e-06,,,,,0.9873124999999999,0.9984427083333333,0.9733333333333334,1.0,0.0060647826662163515,0.013000949569413335,3.5848121052165605e-07,0.007498160634724014,0.006064782666216347
qam,64,0.25,0.26666666666666666,0.980625,0.09293964151471074,0.9566666666666667,0.20394656873443773,0.019375,0.09293964151471076,0.7300520833333334,0.2699479166666667,0.25057291666666665,0.08942886322660633,6.383260091145833e-06,3.299726163329428e-06,,,,,0.96873828125,0.99041796875,0.9366666666666666,0.98,0.01051711050119349,0.023078726846389112,3.73399166575458e-07,0.010119828538411863,0.010517110501193491
qam,64,0.25,0.3,0.95921875,0.1320869667199547,0.91,0.2866599257717727,0.04078125,0.13208696671995473,0.7,0.3,0.25921875,0.11553079214853962,5.814234415690104e-06,2.6702377741691668e-06,,,,,0.9432955729166667,0.9722552083333333,0.8766666666666667,0.94,0.014947047375272568,0.03243862432080137,3.0216584955250756e-07,0.013073539853543408,0.014947047375272571
qam,64,0.25,0.3333333333333333,0.8977083333333333,0.19350564030968473,0.7766666666666666,0.41717583159916755,0.10229166666666667,0.19350564030968473,0.6638020833333333,0.33619791666666665,0.23390625,0.16538100934820466,6.930033365885417e-06,4.034726419103221e-06,,,,,0.8796341145833333,0.91590234375,0.7299166666666667,0.8168333333333334,0.021897224570411444,0.047207889419944325,4.5657227529844487e-07,0.018714622972143442,0.021897224570411444
qam,64,0.25,0.36666666666666664,0.7983854166666666,0.23963099843637742,0.5766666666666667,0.4949128049504295,0.20161458333333335,0.2396309984363774,0.6266145833333333,0.3733854166666667,0.17177083333333334,0.2023093240241188,6.61929448445638e-06,3.565716233820334e-06,,,,,0.77626953125,0.8243919270833333,0.5266666666666666,0.6433333333333333,0.027116800204870572,0.05600465606805055,4.034987765801977e-07,0.022893455166239654,0.02711680020487057
qam,64,0.25,0.4,0.7106770833333333,0.24115729660866927,0.4,0.49071649206571827,0.28932291666666665,0.24115729660866925,0.5941666666666666,0.4058333333333333,0.11651041666666667,0.202958987718938,6.40710194905599e-06,3.4259255327268936e-06,,,,,0.6858906250000001,0.7354179687500001,0.34991666666666665,0.4533333333333333,0.02728951710235529,0.05552979856282653,3.876799695945228e-07,0.02296697153402063,0.02728951710235529
qam,64,0.25,0.43333333333333335,0.635625,0.21952368554642632,0.25333333333333335,0.43564685564303224,0.364375,0.21952368554642637,0.5649479166666667,0.43505208333333334,0.07067708333333333,0.182035307575913,6.539821624755859e-06,3.5631383342706784e-06,,,,,0.6157643229166666,0.6623502604166667,0.20666666666666667,0.30333333333333334,0.02484144355297068,0.04929808255791526,4.0320705978440597e-07,0.020599234230870057,0.024841443552970688
qam,64,0.25,0.4666666666666667,0.56953125,0.1770311321553213,0.13,0.3368653453081294,0.43046875,0.1770311321553213,0.5328125,0.4671875,0.03671875,0.14829853995526637,6.592273712158203e-06,3.4190671519168873e-06,,,,,0.5511263020833334,0.5920234375,0.09316666666666668,0.17333333333333334,0.020032958473744516,0.03811990236768373,3.869038707451779e-07,0.016781559584865897,0.020032958473744516
qam,64,0.25,0.5,0.5263020833333333,0.13235111510350103,0.06,0.23788364542889828,0.47369791666666666,0.132351115103501,0.5002604166666667,0.49973958333333335,0.026041666666666668,0.11701288784200642,6.0272216796875e-06,3.018948401058689e-06,,,,,0.5126848958333333,0.54104296875,0.036583333333333336,0.08675000000000002,0.014976938578780475,0.026919068597940042,3.416261717160815e-07,0.013241254769670625,0.014976938578780474
qam,64,0.5,0.0,1.0,0.0,1.0,0.0,0.0,0.0,1.0,0.0,0.0,0.0,7.162094116210937e-06,3.4251578061242973e-06,,,,,1.0,1.0,1.0,1.0,0.0,0.0,3.8759309315103094e-07,0.0,0.0
qam,64,0.5,0.03333333333333333,1.0,0.0,1.0,0.0,0.0,0.0,0.965625,0.034375,0.034375,0.02198595249297632,6.798903147379557e-06,3.08997856304044e-06,,,,,1.0,1.0,1.0,1.0,0.0,0.0,3.4966399121166786e-07,0.002487944735681199,0.0
qam,64,0.5,0.06666666666666667,1.0,0.0,1.0,0.0,0.0,0.0,0.9315104166666667,0.06848958333333334,0.06848958333333334,0.03246635520263299,6.6320101420084635e-06,3.3257896770366093e-06,,,,,1.0,1.0,1.0,1.0,0.0,0.0,3.7634853079981226e-07,0.0036739139475058477,0.0
qam,64,0.5,0.1,1.0,0.0,1.0,0.0,0.0,0.0,0.8978125,0.1021875,0.1021875,0.0375248141145443,6.953080495198568e-06,3.0656442479850705e-06,,,,,1.0,1.0,1.0,1.0,0.0,0.0,3.469103042355064e-07,0.004246332459943272,0.0
qam,64,0.5,0.13333333333333333,1.0,0.0,1.0,0.0,0.0,0.0,0.8665104166666666,0.13348958333333333,0.13348958333333333,0.042598972965736004,6.983280181884765e-06,3.865338301048657e-06,,,,,1.0,1.0,1.0,1.0,0.0,0.0,4.3740420528940484e-07,0.004820527587757977,0.0
qam,64,0.5,0.16666666666666666,1.0,0.0,1.0,0.0,0.0,0.0,0.8309895833333333,0.16901041666666666,0.16901041666666666,0.04664727175068581,7.373491923014323e-06,4.134554816871722e-06,,,,,1.0,1.0,1.0,1.0,0.0,0.0,4.678689219540299e-07,0.005278635720835135,0.0
qam,64,0.5,0.2,1.0,0.0,1.0,0.0,0.0,0.0,0.79703125,0.20296875,0.20296875,0.051900747755494164,7.221698760986328e-06,4.5846170427832445e-06,,,,,1.0,1.0,1.0,1.0,0.0,0.0,5.187982572213214e-07,0.005873122494804374,0.0
qam,64,0.5,0.23333333333333334,0.9903125,0.06839300937367275,0.98,0.14023391829177734,0.0096875,0.06839300937367276,0.7626041666666666,0.23739583333333333,0.22770833333333335,0.07352904186247045,7.177988688151041e-06,4.014270204696901e-06,,,,,0.9819166666666667,0.9969817708333333,0.9633333333333334,0.9933333333333333,0.007739397585025397,0.01586896173315363,4.542574367232033e-07,0.008320594374060304,0.007739397585025399
qam,64,0.5,0.26666666666666666,0.97171875,0.11077390901176437,0.9366666666666666,0.2439684903901178,0.02828125,0.11077390901176441,0.7320833333333333,0.2679166666666667,0.23963541666666666,0.09851911509298798,7.168451944986979e-06,3.312092393408024e-06,,,,,0.9590390625,0.9815742187500001,0.9,0.96675,0.012535247852677336,0.027607633625702142,3.747985372433467e-07,0.011148487373375024,0.01253524785267734
qam,64,0.5,0.3,0.9309895833333334,0.16863275886955134,0.8533333333333334,0.35436441131823415,0.06901041666666667,0.1686327588695513,0.6988541666666667,0.30114583333333333,0.23213541666666668,0.14365191741032185,6.819566090901692e-06,3.3097706391427254e-06,,,,,0.91469140625,0.9482513020833333,0.8199166666666666,0.8933333333333333,0.019082593070594844,0.040100108100097925,3.745358060151345e-07,0.01625574474454522,0.01908259307059484
qam,64,0.5,0.3333333333333333,0.8594791666666667,0.22003398159221524,0.7033333333333334,0.4575515273966042,0.14052083333333334,0.2200339815922152,0.66640625,0.33359375,0.19307291666666668,0.18286324677514307,7.146199544270833e-06,3.7351200090346954e-06,,,,,0.8343033854166667,0.8823541666666667,0.6466666666666666,0.7533333333333333,0.0248991889866136,0.05177682951206855,4.2266861836366076e-07,0.02069292437110149,0.024899188986613596
qam,64,0.5,0.36666666666666664,0.7719270833333334,0.24510885521524134,0.5266666666666666,0.5001226159575232,0.22807291666666665,0.2451088552152413,0.633125,0.366875,0.13880208333333333,0.2028190966336109,1.048882802327474e-05,6.432482138218764e-05,,,,,0.74541015625,0.80064453125,0.4666666666666667,0.5768333333333334,0.027736678053698994,0.056594201682375576,7.279038776353802e-06,0.022951141367489544,0.02773667805369899
qam,64,0.5,0.4,0.69,0.2366964877648887,0.3566666666666667,0.47981555356236305,0.31,0.23669648776488872,0.5988541666666667,0.4011458333333333,0.09114583333333333,0.19424544778042283,7.354418436686198e-06,4.173104146185229e-06,,,,,0.66133984375,0.7113632812499999,0.3099166666666667,0.41333333333333333,0.0267847290617503,0.05429624124607752,4.7223118922265146e-07,0.02198094166671775,0.0267847290617503
qam,64,0.5,0.43333333333333335,0.61125,0.20823165021317408,0.21,0.40798878599580146,0.38875,0.20823165021317405,0.56609375,0.43390625,0.04515625,0.17320567003120121,7.308324178059896e-06,4.450716315265334e-06,,,,,0.590265625,0.63379296875,0.16,0.25333333333333335,0.023563629463657705,0.04616827734252081,5.036459634901995e-07,0.019600066682665968,0.0235636294636577
qam,64,0.5,0.4666666666666667,0.5482291666666667,0.15831037732209818,0.09333333333333334,0.2913850368290184,0.45177083333333334,0.1583103773220982,0.5352604166666667,0.4647395833333333,0.01296875,0.13573017384684885,7.052421569824218e-06,4.503817336536504e-06,,,,,0.5304166666666666,0.5640416666666667,0.06,0.12333333333333334,0.01791450563663522,0.0329733209724083,5.096549097195297e-07,0.015359315071896045,0.017914505636635224
qam,64,0.5,0.5,0.516875,0.11397789017243885,0.03666666666666667,0.18825609351281186,0.483125,0.1139778901724389,0.5026041666666666,0.4973958333333333,0.014270833333333333,0.10133309837474777,7.007122039794922e-06,4.028660093953335e-06,,,,,0.5054674479166666,0.5312174479166667,0.016666666666666666,0.06008333333333335,0.01289781245225374,0.02130318242817702,4.5588580598462224e-07,0.011466919558397971,0.012897812452253745
qam,64,0.75,0.0,1.0,0.0,1.0,0.0,0.0,0.0,1.0,0.0,0.0,0.0,8.107821146647136e-06,4.5019788019535456e-06,,,,,1.0,1.0,1.0,1.0,0.0,0.0,5.094468599459981e-07,0.0,0.0
qam,64,0.75,0.03333333333333333,1.0,0.0,1.0,0.0,0.0,0.0,0.9672395833333334,0.03276041666666667,0.03276041666666667,0.02037043662691006,7.878939310709635e-06,4.036815129364188e-06,,,,,1.0,1.0,1.0,1.0,0.0,0.0,4.5680863511500484e-07,0.00230513190573112,0.0
qam,64,0.75,0.06666666666666667,1.0,0.0,1.0,0.0,0.0,0.0,0.9338020833333334,0.06619791666666666,0.06619791666666666,0.029143530424924232,7.634957631429036e-06,4.06627099603933e-06,,,,,1.0,1.0,1.0,1.0,0.0,0.0,4.601418802156098e-07,0.0032979009266493465,0.0
qam,64,0.75,0.1,1.0,0.0,1.0,0.0,0.0,0.0,0.9017708333333333,0.09822916666666667,0.09822916666666667,0.03604680948738212,7.917086283365885e-06,4.388542835873112e-06,,,,,1.0,1.0,1.0,1.0,0.0,0.0,4.966103719777427e-07,0.004079080491549576,0.0
qam,64,0.75,0.13333333333333333,1.0,0.0,1.0,0.0,0.0,0.0,0.8682291666666667,0.13177083333333334,0.13177083333333334,0.04222577256686312,9.301503499348959e-06,5.099584192229888e-06,,,,,1.0,1.0,1.0,1.0,0.0,0.0,5.770722760032607e-07,0.0047782959870107935,0.0
qam,64,0.75,0.16666666666666666,1.0,0.0,1.0,0.0,0.0,0.0,0.8363541666666666,0.16364583333333332,0.16364583333333332,0.0461534015998425,8.879502614339192e-06,4.663503082936286e-06,,,,,1.0,1.0,1.0,1.0,0.0,0.0,5.277250530187831e-07,0.00522274905218645,0.0
qam,64,0.75,0.2,0.9984375,0.027063293868263713,0.9966666666666667,0.05773502691896258,0.0015625,0.027063293868263703,0.80328125,0.19671875,0.19515625,0.052308191105312235,7.507801055908203e-06,3.148671612916415e-06,,,,,0.9953125,1.0,0.99,1.0,0.0030625000000000006,0.006533333333333333,3.5630573504817694e-07,0.0059192290502329825,0.0030624999999999993
qam,64,0.75,0.23333333333333334,0.99546875,0.04517877569277225,0.99,0.09966499068325335,0.00453125,0.04517877569277223,0.7709895833333333,0.22901041666666666,0.22447916666666667,0.060708454036021195,7.551511128743489e-06,3.4258922373109642e-06,,,,,0.9894791666666667,1.0,0.98,1.0,0.005112459748344436,0.01127815540315254,3.876762018635223e-07,0.00686980828683744,0.005112459748344434
qam,64,0.75,0.26666666666666666,0.9755208333333333,0.10391072584575438,0.9466666666666667,0.22507276167731263,0.024479166666666666,0.10391072584575436,0.73765625,0.26234375,0.23786458333333332,0.09758243099060662,7.523695627848308e-06,3.233068548765322e-06,,,,,0.9641263020833333,0.9873502604166666,0.92,0.97,0.011758605565592195,0.02546938063016319,3.658561473998815e-07,0.011042491588918542,0.011758605565592193
qam,64,0.75,0.3,0.9307291666666667,0.1687942840547949,0.8533333333333334,0.3543644113182341,0.06927083333333334,0.16879428405479488,0.7077604166666667,0.29223958333333333,0.22296875,0.14318590357046956,7.633368174235026e-06,3.260031037679864e-06,,,,,0.9130338541666667,0.94891015625,0.8133333333333334,0.88675,0.019100871365994372,0.04010010810009792,3.689072402455168e-07,0.016203010314231797,0.01910087136599437
qam,64,0.75,0.3333333333333333,0.8591145833333333,0.2162061624178828,0.6966666666666667,0.4604660525025123,0.14088541666666668,0.21620616241788282,0.6741145833333333,0.32588541666666665,0.185,0.18219555716133998,7.658799489339193e-06,3.3125449559311223e-06,,,,,0.8313255208333333,0.8835273437500001,0.6466666666666666,0.75,0.02446603047019443,0.05210663907554192,3.7484974951387577e-07,0.020617368178561683,0.024466030470194435
qam,64,0.75,0.36666666666666664,0.7665625,0.24222486967598622,0.51,0.5007352453674269,0.2334375,0.2422248696759862,0.6380208333333334,0.3619791666666667,0.12854166666666667,0.20061232647155544,7.491111755371094e-06,3.360426187528636e-06,,,,,0.7395611979166667,0.7945364583333333,0.4499166666666667,0.5600833333333334,0.02741032436752312,0.05666352722630096,3.80268020936459e-07,0.022701421815457482,0.027410324367523116
qam,64,0.75,0.4,0.66484375,0.2259806130429298,0.3,0.4590232468373728,0.33515625,0.22598061304292977,0.6014583333333333,0.3985416666666667,0.06338541666666667,0.18678015707107298,7.386207580566406e-06,3.0792842943650177e-06,,,,,0.6406315104166667,0.6864973958333332,0.24,0.34675,0.025572113683306544,0.05194337024466723,3.484538207875538e-07,0.021136164496995853,0.02557211368330654
qam,64,0.75,0.43333333333333335,0.57875,0.1776556224030208,0.13333333333333333,0.3405026123034995,0.42125,0.17765562240302077,0.5652083333333333,0.4347916666666667,0.013541666666666667,0.14658291986748828,7.3059399922688805e-06,3.0646469063695524e-06,,,,,0.5607786458333334,0.5986067708333334,0.10316666666666667,0.16341666666666668,0.020103626197817172,0.03853149787514645,3.467974444072685e-07,0.016587418895842757,0.02010362619781717
qam,64,0.75,0.4666666666666667,0.5348958333333333,0.1386269550804912,0.06333333333333334,0.24396849039011778,0.46510416666666665,0.13862695508049122,0.5315104166666667,0.46848958333333335,0.0033854166666666668,0.11868354788204342,7.450580596923828e-06,3.5062537225528138e-06,,,,,0.5201536458333333,0.5504231770833333,0.04,0.08675000000000002,0.01568711672720131,0.02760763362570214,3.967699599903469e-07,0.01343030775034321,0.015687116727201314
qam,64,0.75,0.5,0.5038541666666667,0.08726221622543247,0.013333333333333334,0.11488931224930927,0.49614583333333334,0.08726221622543245,0.5000520833333333,0.49994791666666666,0.0038020833333333335,0.08646079401912626,7.2050094604492185e-06,3.4919435835195e-06,,,,,0.49451822916666666,0.5143776041666667,0.0033333333333333335,0.02666666666666667,0.009874649349456005,0.013000949569413335,3.9515061531623403e-07,0.009783959889453102,0.009874649349456003
qam,64,1.0,0.0,1.0,0.0,1.0,0.0,0.0,0.0,1.0,0.0,0.0,0.0,8.41220219930013e-06,3.5440765522070095e-06,,,,,1.0,1.0,1.0,1.0,0.0,0.0,4.010500160832901e-07,0.0,0.0
qam,64,1.0,0.03333333333333333,1.0,0.0,1.0,0.0,0.0,0.0,0.96625,0.03375,0.03375,0.022028990950737914,9.024937947591145e-06,4.3009497951492e-06,,,,,1.0,1.0,1.0,1.0,0.0,0.0,4.866982863120895e-07,0.002492814995655335,0.0
qam,64,1.0,0.06666666666666667,1.0,0.0,1.0,0.0,0.0,0.0,0.9309375,0.0690625,0.0690625,0.03231716726059332,9.304682413736978e-06,5.1223827994659006e-06,,,,,1.0,1.0,1.0,1.0,0.0,0.0,5.796521812801334e-07,0.0036570317426005434,0.0
qam,64,1.0,0.1,1.0,0.0,1.0,0.0,0.0,0.0,0.9001041666666667,0.09989583333333334,0.09989583333333334,0.03755816396925387,9.036858876546225e-06,3.942100149800414e-06,,,,,1.0,1.0,1.0,1.0,0.0,0.0,4.4609062620130764e-07,0.0042501063512716975,0.0
qam,64,1.0,0.13333333333333333,1.0,0.0,1.0,0.0,0.0,0.0,0.8676041666666666,0.13239583333333332,0.13239583333333332,0.043343363272494904,8.289813995361329e-06,2.985597966342077e-06,,,,,1.0,1.0,1.0,1.0,0.0,0.0,3.378522147536811e-07,0.004904763280779899,0.0
qam,64,1.0,0.16666666666666666,1.0,0.0,1.0,0.0,0.0,0.0,0.8291145833333333,0.17088541666666668,0.17088541666666668,0.04521514837291079,8.20159912109375e-06,3.153890924768183e-06,,,,,1.0,1.0,1.0,1.0,0.0,0.0,3.568963557842871e-07,0.005116575704571587,0.0
qam,64,1.0,0.2,0.9971354166666667,0.03572336352793343,0.9933333333333333,0.0815130058495636,0.002864583333333333,0.035723363527933455,0.7974479166666667,0.20255208333333333,0.1996875,0.05314835705307808,8.311271667480469e-06,3.4739484588332552e-06,,,,,0.9925520833333333,1.0,0.98,1.0,0.004042479135645399,0.009224064950461412,3.9311427526022e-07,0.00601430277730987,0.004042479135645403
qam,64,1.0,0.23333333333333334,0.9921354166666667,0.060744287496476326,0.9833333333333333,0.1282329958564094,0.007864583333333333,0.06074428749647633,0.76546875,0.23453125,0.22666666666666666,0.06872830178519233,8.218288421630859e-06,2.986412911488688e-06,,,,,0.9854114583333334,0.9970833333333333,0.97,0.9966666666666667,0.006873863224613234,0.014510929516631263,3.379444344784361e-07,0.007777339493178818,0.006873863224613234
qam,64,1.0,0.26666666666666666,0.9722395833333334,0.1075191811552589,0.9366666666666666,0.24396849039011784,0.027760416666666666,0.10751918115525888,0.7334895833333334,0.2665104166666667,0.23875,0.09804341105604707,8.308887481689453e-06,3.212664852456181e-06,,,,,0.96129296875,0.9830794270833333,0.91,0.96,0.012166940723875223,0.027607633625702146,3.635472518067986e-07,0.011094656394033668,0.012166940723875221
qam,64,1.0,0.3,0.9165104166666667,0.17627630068309846,0.8133333333333334,0.3902947461236547,0.08348958333333334,0.1762763006830984,0.69921875,0.30078125,0.21729166666666666,0.14722411750390937,8.1634521484375e-06,3.2379655193252434e-06,,,,,0.8952356770833333,0.9382825520833333,0.7733333333333333,0.8633333333333333,0.019947541251623107,0.04416600824060658,3.664102917849945e-07,0.016659977238929084,0.0199475412516231
qam,64,1.0,0.3333333333333333,0.8156770833333333,0.22893918800361712,0.6,0.49071649206571843,0.18432291666666667,0.22893918800361712,0.6667708333333333,0.3332291666666667,0.14890625,0.19281742417133294,8.884270985921224e-06,4.262825435589047e-06,,,,,0.7880611979166667,0.8411497395833334,0.54325,0.6501666666666667,0.025906907957100763,0.05552979856282655,4.82384108898161e-07,0.021819345582954786,0.025906907957100763
qam,64,1.0,0.36666666666666664,0.7325,0.23490512788219675,0.4266666666666667,0.49541937461579394,0.2675,0.23490512788219667,0.630625,0.369375,0.101875,0.19354895708224684,9.046395619710287e-06,3.978531492669009e-06,,,,,0.7085911458333334,0.7597968749999999,0.37333333333333335,0.4866666666666667,0.02658201760809471,0.056061979822052195,4.502132207412838e-07,0.02190212632467008,0.0265820176080947
qam,64,1.0,0.4,0.6278125,0.20425400159517587,0.22,0.41493844488487486,0.3721875,0.20425400159517593,0.5963541666666666,0.4036458333333333,0.03145833333333333,0.17098657458608996,9.106000264485678e-06,4.717884636320202e-06,,,,,0.6074348958333333,0.6515247395833333,0.18,0.2633333333333333,0.023113516149590473,0.046954705278875804,5.338789050978733e-07,0.019348952393557845,0.02311351614959048
qam,64,1.0,0.43333333333333335,0.5622916666666666,0.15475335333777585,0.09666666666666666,0.29599707733047437,0.4377083333333333,0.15475335333777587,0.56734375,0.43265625,-0.005052083333333333,0.13210633467000307,8.583863576253254e-06,3.476816961422066e-06,,,,,0.5459153645833333,0.5796015625000001,0.06,0.13008333333333336,0.01751199048068218,0.033495222486113994,3.934388768856169e-07,0.014949239065142688,0.017511990480682183
qam,64,1.0,0.4666666666666667,0.5252083333333334,0.1020613259216496,0.03,0.17087224588772662,0.47479166666666667,0.10206132592164956,0.5334375,0.4665625,-0.008229166666666666,0.09234058782031997,8.691946665445963e-06,3.706780407740878e-06,,,,,0.5144674479166668,0.5368437500000001,0.013333333333333334,0.05,0.011549326262964045,0.019336014883421716,4.194616905822612e-07,0.010449321194097241,0.01154932626296404
qam,64,1.0,0.5,0.5071354166666666,0.07924282173841747,0.01,0.09966499068325334,0.49286458333333333,0.07924282173841747,0.4996875,0.5003125,0.007447916666666667,0.08033982515600037,8.40902328491211e-06,3.693954103349869e-06,,,,,0.4985364583333333,0.5174075520833333,0.0,0.023333333333333334,0.008967169434556086,0.011278155403152539,4.180102576048612e-07,0.009091307057370998,0.008967169434556086
qam,96,0.1,0.0,1.0,0.0,1.0,0.0,0.0,0.0,1.0,0.0,0.0,0.0,6.744861602783203e-06,3.475306740986924e-06,,,,,1.0,1.0,1.0,1.0,0.0,0.0,3.93267979355363e-07,0.0,0.0
qam,96,0.1,0.03333333333333333,1.0,0.0,1.0,0.0,0.0,0.0,0.9669097222222223,0.03309027777777778,0.03309027777777778,0.017866720143887283,6.75201416015625e-06,3.420930192385894e-06,,,,,1.0,1.0,1.0,1.0,0.0,0.0,3.8711469362077113e-07,0.0020218097141833703,0.0
qam,96,0.1,0.06666666666666667,1.0,0.0,1.0,0.0,0.0,0.0,0.932326388888889,0.0676736111111111,0.0676736111111111,0.02513576703773185,7.890065511067708e-06,4.535371710783699e-06,,,,,1.0,1.0,1.0,1.0,0.0,0.0,5.132256233068125e-07,0.002844379805642352,0.0
qam,96,0.1,0.1,1.0,0.0,1.0,0.0,0.0,0.0,0.8955555555555557,0.10444444444444444,0.10444444444444444,0.029473783875833975,7.791519165039062e-06,4.15104970060233e-06,,,,,1.0,1.0,1.0,1.0,0.0,0.0,4.69735493764205e-07,0.0033352726227309205,0.0
qam,96,0.1,0.13333333333333333,1.0,0.0,1.0,0.0,0.0,0.0,0.8632291666666667,0.13677083333333334,0.13677083333333334,0.0336592746922376,6.722609202067057e-06,3.8376377893098236e-06,,,,,1.0,1.0,1.0,1.0,0.0,0.0,4.342695972992201e-07,0.003808905495641023,0.0
qam,96,0.1,0.16666666666666666,1.0,0.0,1.0,0.0,0.0,0.0,0.8298958333333334,0.17010416666666667,0.17010416666666667,0.036891635988130334,7.64926274617513e-06,3.903200093627403e-06,,,,,1.0,1.0,1.0,1.0,0.0,0.0,4.416886704523236e-07,0.0041746816098441756,0.0
qam,96,0.1,0.2,1.0,0.0,1.0,0.0,0.0,0.0,0.7990625,0.2009375,0.2009375,0.0402660081039904,8.155504862467447e-06,3.861633400221617e-06,,,,,1.0,1.0,1.0,1.0,0.0,0.0,4.369849562934017e-07,0.00455652776113398,0.0
qam,96,0.1,0.23333333333333334,1.0,0.0,1.0,0.0,0.0,0.0,0.7682986111111112,0.23170138888888892,0.23170138888888892,0.043253123636421545,7.154941558837891e-06,3.694155843209983e-06,,,,,1.0,1.0,1.0,1.0,0.0,0.0,4.1803308661911964e-07,0.004894551704656908,0.0
qam,96,0.1,0.26666666666666666,1.0,0.0,1.0,0.0,0.0,0.0,0.7332638888888888,0.2667361111111111,0.2667361111111111,0.04621554218378287,6.699562072753907e-06,3.181050002132575e-06,,,,,1.0,1.0,1.0,1.0,0.0,0.0,3.599696947072327e-07,0.005229780921228102,0.0
qam,96,0.1,0.3,0.9892361111111111,0.0699048169140294,0.9766666666666667,0.15121212222763145,0.01076388888888889,0.0699048169140294,0.6979166666666666,0.3020833333333333,0.2913194444444444,0.07255411006084471,6.6407521565755204e-06,3.2917357409947134e-06,,,,,0.9810260416666667,0.995587673611111,0.96325,0.9933333333333333,0.00791047471314141,0.017111262456680088,3.724949651682243e-07,0.008210270454990714,0.00791047471314141
qam,96,0.1,0.3333333333333333,0.9737152777777777,0.10778423712013185,0.9433333333333334,0.23159088211286508,0.026284722222222223,0.10778423712013192,0.6645138888888888,0.3354861111111111,0.30920138888888893,0.09627830061629739,7.860660552978515e-06,4.329304544683718e-06,,,,,0.9606015625,0.985072048611111,0.9166666666666666,0.9666666666666667,0.012196934629878487,0.026206975393426202,4.899069282782949e-07,0.010894915344476045,0.012196934629878496
qam,96,0.1,0.36666666666666664,0.9268055555555557,0.17523420031415776,0.85,0.35766803240530487,0.07319444444444444,0.17523420031415776,0.6327430555555555,0.36725694444444446,0.2940625,0.15447022648328537,8.164246877034505e-06,4.771146410801096e-06,,,,,0.9074947916666668,0.9474045138888889,0.81,0.88675,0.019829616493631127,0.0404739480187864,5.399060422653493e-07,0.01747995166101382,0.019829616493631127
qam,96,0.1,0.4,0.8411805555555555,0.2317098066465035,0.6766666666666666,0.46853028109529166,0.15881944444444446,0.2317098066465035,0.5974305555555556,0.4025694444444444,0.24375,0.2025106031971747,7.402896881103516e-06,3.880665043380095e-06,,,,,0.8111822916666668,0.8683559027777777,0.6166666666666667,0.7233333333333334,0.026220432971282046,0.053019192447116094,4.391385894563326e-07,0.02291623204884989,0.026220432971282046
qam,96,0.1,0.43333333333333335,0.7207291666666666,0.24878946311813946,0.43666666666666665,0.49680136292375315,0.27927083333333336,0.24878946311813951,0.5626388888888889,0.43736111111111114,0.1580902777777778,0.21598413059787416,6.870428721110026e-06,3.5380635341525605e-06,,,,,0.6920121527777777,0.7495876736111111,0.38658333333333333,0.48675,0.028153178046548853,0.05621836652108916,4.0036957903518393e-07,0.024440905204508506,0.02815317804654886
qam,96,0.1,0.4666666666666667,0.6147222222222222,0.20927701082093186,0.22,0.41493844488487475,0.3852777777777778,0.2092770108209319,0.5268402777777778,0.4731597222222222,0.08788194444444444,0.18330715981434453,6.8267186482747395e-06,3.5954884098613117e-06,,,,,0.5911458333333333,0.6379930555555556,0.17333333333333334,0.27,0.023681923152402383,0.0469547052788758,4.0686781545511504e-07,0.020743157860386722,0.023681923152402386
qam,96,0.1,0.5,0.5457986111111112,0.15364891462656138,0.09333333333333334,0.2913850368290183,0.45420138888888884,0.1536489146265614,0.49333333333333335,0.5066666666666667,0.05246527777777778,0.1344667996531214,6.907780965169271e-06,3.4921696959878027e-06,,,,,0.5269053819444445,0.5633515625000001,0.06333333333333334,0.12675000000000003,0.01738701147518645,0.03297332097240829,3.951762023507446e-07,0.015216350823452232,0.017387011475186454
qam,96,0.25,0.0,1.0,0.0,1.0,0.0,0.0,0.0,1.0,0.0,0.0,0.0,7.813771565755208e-06,3.829832204681272e-06,,,,,1.0,1.0,1.0,1.0,0.0,0.0,4.3338631224747064e-07,0.0,0.0
qam,96,0.25,0.03333333333333333,1.0,0.0,1.0,0.0,0.0,0.0,0.9665625,0.0334375,0.0334375,0.017311022598071237,7.923444112141927e-06,3.775767229202043e-06,,,,,1.0,1.0,1.0,1.0,0.0,0.0,4.272682843307247e-07,0.001958926617161048,0.0
qam,96,0.25,0.06666666666666667,1.0,0.0,1.0,0.0,0.0,0.0,0.9346180555555557,0.06538194444444444,0.06538194444444444,0.02255655950981843,7.5856844584147135e-06,3.4252520700179305e-06,,,,,1.0,1.0,1.0,1.0,0.0,0.0,3.876037601147662e-07,0.0025525149981771547,0.0
qam,96,0.25,0.1,1.0,0.0,1.0,0.0,0.0,0.0,0.9001041666666667,0.09989583333333334,0.09989583333333334,0.02733228826906762,7.645289103190105e-06,3.4932822609521088e-06,,,,,1.0,1.0,1.0,1.0,0.0,0.0,3.953021009283447e-07,0.003092939581984069,0.0
qam,96,0.25,0.13333333333333333,1.0,0.0,1.0,0.0,0.0,0.0,0.8643402777777777,0.13565972222222222,0.13565972222222222,0.0330769203200122,7.78357187906901e-06,4.153184887268748e-06,,,,,1.0,1.0,1.0,1.0,0.0,0.0,4.699771128811438e-07,0.0037430058947416777,0.0
qam,96,0.25,0.16666666666666666,1.0,0.0,1.0,0.0,0.0,0.0,0.8346875,0.1653125,0.1653125,0.03762024146720632,7.434686024983724e-06,3.894667104108532e-06,,,,,1.0,1.0,1.0,1.0,0.0,0.0,4.40723071788364e-07,0.0042571310814617765,0.0
qam,96,0.25,0.2,1.0,0.0,1.0,0.0,0.0,0.0,0.7998611111111111,0.2001388888888889,0.2001388888888889,0.040912323397083575,8.517106374104818e-06,4.703098026095512e-06,,,,,1.0,1.0,1.0,1.0,0.0,0.0,5.322056426327225e-07,0.004629665221589928,0.0
qam,96,0.25,0.23333333333333334,1.0,0.0,1.0,0.0,0.0,0.0,0.7688194444444445,0.23118055555555558,0.23118055555555558,0.04282118228876284,9.063084920247396e-06,6.0975214845531244e-06,,,,,1.0,1.0,1.0,1.0,0.0,0.0,6.899995114172695e-07,0.004845672939801311,0.0
qam,96,0.25,0.26666666666666666,0.99375,0.05427723258041652,0.9866666666666667,0.11488931224930926,0.00625,0.05427723258041652,0.7342708333333333,0.2657291666666667,0.25947916666666665,0.058426358428423524,8.742014567057291e-06,5.6196061138047245e-06,,,,,0.9874965277777779,0.9985451388888889,0.9733333333333334,1.0,0.006142047068869594,0.013000949569413334,6.359182960987855e-07,0.006611564858218295,0.006142047068869594
qam,96,0.25,0.3,0.9890277777777777,0.07144900423982395,0.9766666666666667,0.15121212222763142,0.010972222222222222,0.07144900423982395,0.7014930555555555,0.2985069444444444,0.28753472222222226,0.06934222607539303,9.285608927408854e-06,4.920423917056791e-06,,,,,0.9806414930555554,0.9954522569444443,0.96,0.9900833333333333,0.00808521595891384,0.017111262456680088,5.567983823158029e-07,0.007846811566603865,0.00808521595891384
qam,96,0.25,0.3333333333333333,0.9755555555555556,0.10372318266400092,0.9466666666666667,0.22507276167731266,0.024444444444444442,0.10372318266400092,0.6670138888888889,0.3329861111111111,0.30854166666666666,0.0933731432109657,9.109179178873697e-06,4.85159393293831e-06,,,,,0.9637473958333334,0.9859470486111112,0.92,0.9700833333333333,0.011737383056724067,0.025469380630163192,5.490095363834149e-07,0.010566165836114772,0.011737383056724067
qam,96,0.25,0.36666666666666664,0.8683680555555556,0.21651254985909063,0.7266666666666667,0.4464151773751183,0.13163194444444445,0.21651254985909066,0.6327430555555555,0.36725694444444446,0.235625,0.18719266742339716,8.615652720133463e-06,4.472053571883837e-06,,,,,0.8427717013888889,0.8944930555555556,0.68,0.7833333333333333,0.024500701473039333,0.05051663287426038,5.060605013772818e-07,0.021182844437735597,0.024500701473039337
qam,96,0.25,0.4,0.7508680555555555,0.24378608380527642,0.48333333333333334,0.5005571032368756,0.24913194444444442,0.24378608380527642,0.5949305555555555,0.4050694444444444,0.1559375,0.2088211349529938,8.515516916910808e-06,4.387627171698563e-06,,,,,0.7278090277777778,0.7815911458333333,0.4231666666666667,0.54,0.027586992377493555,0.05664336854652353,4.965067548220408e-07,0.023630335941608446,0.027586992377493555
qam,96,0.25,0.43333333333333335,0.6353819444444445,0.22060186292034908,0.26,0.4393671337968617,0.3646180555555556,0.2206018629203491,0.5633680555555555,0.4366319444444445,0.07201388888888889,0.18909936859187454,8.812745412190755e-06,4.271522015491774e-06,,,,,0.611990451388889,0.6623411458333334,0.20991666666666667,0.31333333333333335,0.0249634508083961,0.04971907166225571,4.833682195567433e-07,0.021398607986580977,0.024963450808396105
qam,96,0.25,0.4666666666666667,0.5526736111111111,0.1593284585803735,0.10333333333333333,0.30490234560715457,0.44732638888888887,0.1593284585803735,0.5295833333333333,0.47041666666666665,0.023090277777777776,0.13662248899496515,8.462270100911458e-06,3.7912264166985196e-06,,,,,0.5364644097222223,0.5712508680555556,0.07333333333333333,0.13666666666666666,0.018029712376385565,0.03450294845731644,4.290176560789832e-07,0.015460290036525562,0.018029712376385565
qam,96,0.25,0.5,0.5160416666666666,0.10911551145130133,0.04,0.19628659682628732,0.4839583333333333,0.10911551145130138,0.49784722222222216,0.5021527777777778,0.018194444444444447,0.10018292757169939,8.364518483479818e-06,4.114562829471239e-06,,,,,0.5051484374999999,0.5318055555555555,0.016666666666666666,0.06333333333333334,0.012347582502197812,0.02221191942513061,4.6560661560979824e-07,0.011336765479538182,0.012347582502197817
qam,96,0.5,0.0,1.0,0.0,1.0,0.0,0.0,0.0,1.0,0.0,0.0,0.0,1.0809898376464845e-05,4.627573941197684e-06,,,,,1.0,1.0,1.0,1.0,0.0,0.0,5.236592878864944e-07,0.0,0.0
qam,96,0.5,0.03333333333333333,1.0,0.0,1.0,0.0,0.0,0.0,0.9677777777777777,0.03222222222222222,0.03222222222222222,0.018852557168850644,1.0035832722981771e-05,4.099112339112273e-06,,,,,1.0,1.0,1.0,1.0,0.0,0.0,4.6385822803529745e-07,0.0021333676754443504,0.0
qam,96,0.5,0.06666666666666667,1.0,0.0,1.0,0.0,0.0,0.0,0.935486111111111,0.0645138888888889,0.0645138888888889,0.02484380398599392,1.047213872273763e-05,4.227739722017023e-06,,,,,1.0,1.0,1.0,1.0,0.0,0.0,4.784137866477595e-07,0.0028113410761255453,0.0
qam,96,0.5,0.1,1.0,0.0,1.0,0.0,0.0,0.0,0.9008333333333334,0.09916666666666667,0.09916666666666667,0.02903397911956647,1.0468959808349609e-05,4.925085678489837e-06,,,,,1.0,1.0,1.0,1.0,0.0,0.0,5.573259102825832e-07,0.0032855040294242238,0.0
qam,96,0.5,0.13333333333333333,1.0,0.0,1.0,0.0,0.0,0.0,0.8686805555555556,0.13131944444444446,0.13131944444444446,0.033700524820207745,9.841124216715494e-06,4.7183530537943e-06,,,,,1.0,1.0,1.0,1.0,0.0,0.0,5.33931911525007e-07,0.003813573387048606,0.0
qam,96,0.5,0.16666666666666666,1.0,0.0,1.0,0.0,0.0,0.0,0.8347916666666667,0.16520833333333335,0.16520833333333335,0.03718454740580831,9.744167327880859e-06,3.7858305481608584e-06,,,,,1.0,1.0,1.0,1.0,0.0,0.0,4.2840705607304804e-07,0.004207827657069813,0.0
qam,96,0.5,0.2,1.0,0.0,1.0,0.0,0.0,0.0,0.8032986111111111,0.19670138888888888,0.19670138888888888,0.040737072541618846,9.655157725016277e-06,3.99467281528067e-06,,,,,1.0,1.0,1.0,1.0,0.0,0.0,4.520397833444478e-07,0.004609833720388586,0.0
qam,96,0.5,0.23333333333333334,0.9970833333333333,0.035702621257028416,0.9933333333333333,0.0815130058495636,0.002916666666666667,0.0357026212570284,0.7689583333333333,0.23104166666666667,0.228125,0.051459474382431196,9.713967641194661e-06,4.066934839343213e-06,,,,,0.9926388888888887,1.0,0.98325,1.0,0.00404013192673004,0.009224064950461412,4.602170011572084e-07,0.005823187711862447,0.004040131926730038
qam,96,0.5,0.26666666666666666,0.9906597222222223,0.06612764128104191,0.98,0.14023391829177742,0.009340277777777779,0.0661276412810419,0.7361111111111112,0.2638888888888889,0.2545486111111111,0.0668046705880022,9.509722391764322e-06,3.924844491514234e-06,,,,,0.9825694444444446,0.9969487847222223,0.9665833333333333,0.9933333333333333,0.007483047052918973,0.01586896173315364,4.4413796464581993e-07,0.007559660131233039,0.007483047052918971
qam,96,0.5,0.3,0.9746527777777777,0.10755306992332607,0.9466666666666667,0.22507276167731258,0.025347222222222222,0.10755306992332613,0.7024305555555556,0.29756944444444444,0.27222222222222225,0.09504491455546919,9.435812632242839e-06,4.341593803480908e-06,,,,,0.9589149305555557,0.98515625,0.92325,0.9733333333333334,0.012170775598990977,0.025469380630163182,4.912975888257358e-07,0.010755344572726202,0.012170775598990984
qam,96,0.5,0.3333333333333333,0.9304166666666667,0.17119009638074273,0.8566666666666667,0.3509979402633572,0.06958333333333333,0.17119009638074276,0.6690277777777778,0.3309722222222222,0.2613888888888889,0.14477862885058965,9.52005386352539e-06,4.25482008314192e-06,,,,,0.9100173611111111,0.9483072916666666,0.82325,0.8966666666666666,0.019371983052691878,0.039719156038026476,4.814782179896609e-07,0.016383244146599397,0.01937198305269188
qam,96,0.5,0.36666666666666664,0.8412152777777778,0.22840309717323154,0.67,0.4709983703612393,0.1587847222222222,0.22840309717323154,0.6358680555555555,0.3641319444444444,0.2053472222222222,0.19838034148158326,9.82205073038737e-06,4.4280936225062055e-06,,,,,0.8181588541666667,0.869728298611111,0.6133333333333333,0.7200833333333333,0.025846243568795058,0.053298483039523566,5.010859648103612e-07,0.022448848937039103,0.025846243568795058
qam,96,0.5,0.4,0.7251736111111111,0.24381883076215033,0.43333333333333335,0.496363588102716,0.2748263888888889,0.24381883076215036,0.6022916666666667,0.39770833333333333,0.12288194444444445,0.20752927742242458,1.0213057200113932e-05,4.110589162441345e-06,,,,,0.7011744791666666,0.7553489583333333,0.38666666666666666,0.48675,0.027590698044509348,0.05616882763657819,4.6515695285483986e-07,0.023484148500174808,0.02759069804450935
qam,96,0.5,0.43333333333333335,0.6271527777777778,0.2099688334928249,0.23333333333333334,0.42365927286816185,0.3728472222222222,0.209968833492825,0.5711111111111111,0.4288888888888889,0.05604166666666666,0.17677328750047966,1.0035832722981771e-05,4.025969768826184e-06,,,,,0.6055798611111111,0.6486927083333334,0.18658333333333335,0.2834166666666667,0.023760210257548774,0.04794155986608241,4.555813670370941e-07,0.020003780604291657,0.023760210257548785
qam,96,0.5,0.4666666666666667,0.5522569444444445,0.15116435194722758,0.09333333333333334,0.2913850368290183,0.44774305555555555,0.15116435194722758,0.534375,0.465625,0.017881944444444443,0.12786302913849867,9.497801462809245e-06,3.903932572790857e-06,,,,,0.5345416666666666,0.5685381944444444,0.06333333333333334,0.12341666666666669,0.017105856740567003,0.03297332097240829,4.4177155827259405e-07,0.01446906384133258,0.017105856740567003
qam,96,0.5,0.5,0.5094791666666667,0.09586969842856362,0.02666666666666667,0.16137646493112862,0.49052083333333335,0.09586969842856359,0.4978125,0.5021875,0.011666666666666662,0.0862851644181212,9.59316889444987e-06,3.80686977996653e-06,,,,,0.49734722222222216,0.5215017361111112,0.01,0.04008333333333335,0.010848677654192451,0.01826146611189603,4.3078786927777133e-07,0.009764085529159184,0.010848677654192448
qam,96,0.75,0.0,1.0,0.0,1.0,0.0,0.0,0.0,1.0,0.0,0.0,0.0,1.1525948842366537e-05,4.51613791892257e-06,,,,,1.0,1.0,1.0,1.0,0.0,0.0,5.110491148647347e-07,0.0,0.0
qam,96,0.75,0.03333333333333333,1.0,0.0,1.0,0.0,0.0,0.0,0.9650347222222223,0.03496527777777778,0.03496527777777778,0.01869259012055214,1.1762777964274088e-05,4.5346928048972354e-06,,,,,1.0,1.0,1.0,1.0,0.0,0.0,5.131487978735368e-07,0.002115265699838615,0.0
qam,96,0.75,0.06666666666666667,1.0,0.0,1.0,0.0,0.0,0.0,0.9302083333333333,0.06979166666666667,0.06979166666666667,0.02474290650537453,1.0975201924641927e-05,4.295644902608052e-06,,,,,1.0,1.0,1.0,1.0,0.0,0.0,4.860979812093053e-07,0.0027999234513566983,0.0
qam,96,0.75,0.1,1.0,0.0,1.0,0.0,0.0,0.0,0.8979166666666667,0.10208333333333333,0.10208333333333333,0.030312728064629514,1.1026859283447266e-05,3.662195020374409e-06,,,,,1.0,1.0,1.0,1.0,0.0,0.0,4.144163790442621e-07,0.0034302080947652114,0.0
qam,96,0.75,0.13333333333333333,1.0,0.0,1.0,0.0,0.0,0.0,0.8610069444444444,0.13899305555555555,0.13899305555555555,0.033872648279745406,1.1510054270426432e-05,4.705886363603895e-06,,,,,1.0,1.0,1.0,1.0,0.0,0.0,5.325211727252896e-07,0.003833050990085398,0.0
qam,96,0.75,0.16666666666666666,1.0,0.0,1.0,0.0,0.0,0.0,0.8279513888888889,0.1720486111111111,0.1720486111111111,0.03771170666393102,1.1394023895263672e-05,4.247894174578163e-06,,,,,1.0,1.0,1.0,1.0,0.0,0.0,4.806944776556221e-07,0.0042674813428280715,0.0
qam,96,0.75,0.2,1.0,0.0,1.0,0.0,0.0,0.0,0.7941666666666667,0.20583333333333334,0.20583333333333334,0.03939567822775612,1.1060237884521485e-05,4.1334277408124794e-06,,,,,1.0,1.0,1.0,1.0,0.0,0.0,4.677413812914545e-07,0.004458040664221763,0.0
qam,96,0.75,0.23333333333333334,0.998611111111111,0.024056261216234397,0.9966666666666667,0.05773502691896258,0.001388888888888889,0.0240562612162344,0.7604166666666666,0.23958333333333334,0.23819444444444443,0.04556343882040827,1.0851224263509115e-05,4.235819668194469e-06,,,,,0.9957986111111111,1.0,0.99,1.0,0.0027222222222222205,0.006533333333333333,4.793281186314744e-07,0.00515598847896088,0.002722222222222221
qam,96,0.75,0.26666666666666666,0.9919791666666666,0.06185544755240409,0.9833333333333333,0.12823299585640943,0.008020833333333333,0.06185544755240409,0.7295138888888889,0.2704861111111111,0.2624652777777778,0.064470393915912,1.1184215545654296e-05,3.987326844141077e-06,,,,,0.9844991319444445,0.9983333333333333,0.9666666666666667,0.9933333333333333,0.006999602821864154,0.014510929516631266,4.5120850845512686e-07,0.007295511859294147,0.006999602821864154
qam,96,0.75,0.3,0.967673611111111,0.1186456785131136,0.93,0.25557332754516543,0.032326388888888884,0.11864567851311363,0.6959027777777778,0.30409722222222224,0.27177083333333335,0.10690819925461802,1.115719477335612e-05,3.893829376837296e-06,,,,,0.9551362847222221,0.9792109374999999,0.9030833333333333,0.96,0.013426022427835457,0.02892084457335437,4.4062827402351515e-07,0.012097801613173443,0.01342602242783546
qam,96,0.75,0.3333333333333333,0.8869097222222223,0.20122058637292667,0.7566666666666667,0.4298116047846787,0.11309027777777779,0.20122058637292664,0.6627083333333333,0.33729166666666666,0.2242013888888889,0.17608850324330486,1.1090437571207682e-05,4.3420246606891945e-06,,,,,0.8656883680555556,0.9057986111111112,0.71,0.80675,0.022770252902945095,0.04863776176175882,4.913463449086723e-07,0.019926289970749186,0.02277025290294509
qam,96,0.75,0.36666666666666664,0.7785416666666667,0.24004844340112147,0.5333333333333333,0.49972121547874476,0.22145833333333334,0.24004844340112141,0.6297222222222222,0.37027777777777776,0.14881944444444445,0.20552326084981395,1.1435349782307942e-05,4.222460814702429e-06,,,,,0.7515503472222222,0.8043550347222221,0.47325,0.5833333333333334,0.02716403854957287,0.056548778942178364,4.778164220501744e-07,0.02325714635536847,0.027164038549572864
qam,96,0.75,0.4,0.6734722222222221,0.2302692976282323,0.3233333333333333,0.46853028109529166,0.32652777777777775,0.23026929762823242,0.5977083333333333,0.40229166666666666,0.0757638888888889,0.1972063276067686,1.161336898803711e-05,4.400020267938614e-06,,,,,0.6460277777777779,0.6991015625,0.26983333333333337,0.3700833333333334,0.02605742403046613,0.053019192447116094,4.979091656822969e-07,0.02231599676061441,0.026057424030466143
qam,96,0.75,0.43333333333333335,0.5951388888888889,0.18997906935179742,0.17,0.37626042358254347,0.4048611111111111,0.18997906935179745,0.5671875,0.4328125,0.027951388888888887,0.16272124784175962,1.1220773061116536e-05,4.076845942638817e-06,,,,,0.5734088541666668,0.6154704861111111,0.13325,0.20675000000000002,0.021498155498808343,0.042577875140793676,4.6133854807572226e-07,0.018413642623885097,0.021498155498808347
qam,96,0.75,0.4666666666666667,0.5279166666666667,0.1141395200414951,0.043333333333333335,0.20394656873443764,0.47208333333333335,0.11413952004149512,0.5333680555555556,0.4666319444444445,-0.00545138888888889,0.10504927894114326,1.1943181355794271e-05,4.420186658689521e-06,,,,,0.5161527777777779,0.5426137152777778,0.023333333333333334,0.07,0.012916102593741846,0.023078726846389102,5.001912076235063e-07,0.011887444977069648,0.01291610259374185
qam,96,0.75,0.5,0.5072916666666667,0.07227179402784309,0.01,0.09966499068325335,0.49270833333333336,0.07227179402784305,0.5030902777777778,0.4969097222222222,0.00420138888888889,0.07237515085237217,1.1912981669108073e-05,4.932358406965289e-06,,,,,0.4992178819444444,0.5146041666666666,0.0,0.02,0.00817832338841131,0.01127815540315254,5.5814889698422e-07,0.00819001931414234,0.008178323388411304
qam,96,1.0,0.0,1.0,0.0,1.0,0.0,0.0,0.0,1.0,0.0,0.0,0.0,1.2880166371663411e-05,4.154564543532377e-06,,,,,1.0,1.0,1.0,1.0,0.0,0.0,4.701332356845221e-07,0.0,0.0
qam,96,1.0,0.03333333333333333,1.0,0.0,1.0,0.0,0.0,0.0,0.96875,0.03125,0.03125,0.01768669984881797,1.3443628946940103e-05,4.96871535577183e-06,,,,,1.0,1.0,1.0,1.0,0.0,0.0,5.622630730435726e-07,0.0020014385000830686,0.0
qam,96,1.0,0.06666666666666667,1.0,0.0,1.0,0.0,0.0,0.0,0.9367361111111111,0.0632638888888889,0.0632638888888889,0.022767537816182976,1.3547738393147786e-05,5.865628558826086e-06,,,,,1.0,1.0,1.0,1.0,0.0,0.0,6.637583565713009e-07,0.002576389441043812,0.0
qam,96,1.0,0.1,1.0,0.0,1.0,0.0,0.0,0.0,0.9048958333333333,0.09510416666666667,0.09510416666666667,0.0284088549574675,1.2821356455485025e-05,4.3770230015746505e-06,,,,,1.0,1.0,1.0,1.0,0.0,0.0,4.953067800088284e-07,0.003214764571184327,0.0
qam,96,1.0,0.13333333333333333,1.0,0.0,1.0,0.0,0.0,0.0,0.8719791666666666,0.12802083333333333,0.12802083333333333,0.031416605768802106,1.270294189453125e-05,4.824269269629361e-06,,,,,1.0,1.0,1.0,1.0,0.0,0.0,5.45917459646895e-07,0.0035551236163378795,0.0
qam,96,1.0,0.16666666666666666,1.0,0.0,1.0,0.0,0.0,0.0,0.8383680555555555,0.16163194444444445,0.16163194444444445,0.03567433578709615,1.3167858123779296e-05,4.691666616190477e-06,,,,,1.0,1.0,1.0,1.0,0.0,0.0,5.309120568258882e-07,0.004036931124488848,0.0
qam,96,1.0,0.2,1.0,0.0,1.0,0.0,0.0,0.0,0.8031597222222222,0.1968402777777778,0.1968402777777778,0.039132620854892254,1.3589064280192058e-05,4.939509455184471e-06,,,,,1.0,1.0,1.0,1.0,0.0,0.0,5.589581142686294e-07,0.0044282729201948505,0.0
qam,96,1.0,0.23333333333333334,1.0,0.0,1.0,0.0,0.0,0.0,0.7667013888888888,0.23329861111111108,0.23329861111111108,0.041394897678408336,1.3187726338704427e-05,4.19784992563514e-06,,,,,1.0,1.0,1.0,1.0,0.0,0.0,4.7503143777828723e-07,0.004684273642270389,0.0
qam,96,1.0,0.26666666666666666,0.9966666666666667,0.040898720200143936,0.9933333333333333,0.08151300584956363,0.0033333333333333335,0.040898720200143936,0.7338888888888888,0.2661111111111111,0.2627777777777778,0.055154658373251085,1.3236204783121745e-05,4.343162898857111e-06,,,,,0.9915138888888888,1.0,0.9833333333333333,1.0,0.0046281258749446,0.009224064950461415,4.914751486827515e-07,0.006241337144336238,0.0046281258749446
qam,96,1.0,0.3,0.9766666666666667,0.10230484975570668,0.95,0.21830909938949897,0.023333333333333334,0.10230484975570665,0.7026736111111112,0.2973263888888889,0.2739930555555556,0.09255085288965535,1.3442834218343099e-05,4.703358340871467e-06,,,,,0.9654774305555555,0.9875737847222223,0.9233333333333333,0.9734166666666667,0.011576883578988846,0.02470400019061811,5.322351000226929e-07,0.010473114926596104,0.011576883578988843
qam,96,1.0,0.3333333333333333,0.9090277777777778,0.187322498458442,0.8066666666666666,0.39557192271742875,0.09097222222222223,0.18732249845844207,0.6691319444444445,0.3308680555555556,0.23989583333333334,0.16209090490019995,1.3654232025146485e-05,4.698752468107258e-06,,,,,0.885552951388889,0.930498263888889,0.7566666666666667,0.8468333333333334,0.02119753620240993,0.044763176988693996,5.3171389645416e-07,0.01834231260515481,0.021197536202409935
qam,96,1.0,0.36666666666666664,0.8066319444444445,0.23752111344458465,0.5966666666666667,0.49138622654113595,0.19336805555555556,0.23752111344458465,0.6369097222222222,0.36309027777777775,0.16972222222222222,0.20553636218105087,1.2764135996500652e-05,4.480106419775627e-06,,,,,0.7743854166666666,0.8358359375,0.5431666666666667,0.66,0.026878044241948312,0.05560558615324145,5.069717669013032e-07,0.02325862891056328,0.026878044241948312
qam,96,1.0,0.4,0.6710069444444445,0.2280721212400066,0.31666666666666665,0.4659534285176794,0.3289930555555556,0.22807212124000664,0.6005208333333333,0.39947916666666666,0.07048611111111111,0.19477895739583656,1.3670921325683595e-05,5.100355329898168e-06,,,,,0.6423402777777777,0.6990677083333333,0.2633333333333333,0.36341666666666667,0.025808790116143083,0.0527275941273642,5.771595384451722e-07,0.02204131396305233,0.02580879011614309
qam,96,1.0,0.43333333333333335,0.5764583333333333,0.16307146073202644,0.12,0.32550449652428015,0.42354166666666665,0.16307146073202644,0.5651388888888889,0.43486111111111114,0.011319444444444443,0.1401143965509429,1.3155142466227214e-05,4.366621220822373e-06,,,,,0.5603333333333332,0.5963315972222222,0.08324999999999999,0.16,0.018453272943153062,0.03683430130338244,4.94129707709022e-07,0.015855436574941654,0.018453272943153062
qam,96,1.0,0.4666666666666667,0.5360763888888889,0.11850305818131726,0.05,0.21830909938949897,0.46392361111111113,0.11850305818131725,0.5333680555555556,0.4666319444444445,0.0027083333333333317,0.10525787146257004,1.2807846069335937e-05,4.618056869528197e-06,,,,,0.5236276041666666,0.5469487847222221,0.02666666666666667,0.07666666666666666,0.01340988341799237,0.02470400019061811,5.225823298440006e-07,0.011911049442955398,0.013409883417992369
qam,96,1.0,0.5,0.5009027777777778,0.07843791076450819,0.013333333333333334,0.11488931224930932,0.4990972222222222,0.07843791076450819,0.499375,0.500625,0.0015277777777777783,0.07628428109903757,1.2553532918294271e-05,4.230677565877112e-06,,,,,0.4923888888888889,0.5092118055555557,0.0033333333333333335,0.03,0.008876085183333887,0.013000949569413339,4.787462349766776e-07,0.008632379044583416,0.008876085183333887
qam,128,0.1,0.0,1.0,0.0,1.0,0.0,0.0,0.0,1.0,0.0,0.0,0.0,8.568763732910156e-06,4.30084753933576e-06,,,,,1.0,1.0,1.0,1.0,0.0,0.0,4.866867149774919e-07,0.0,0.0
qam,128,0.1,0.03333333333333333,1.0,0.0,1.0,0.0,0.0,0.0,0.9665885416666666,0.03341145833333333,0.03341145833333333,0.016277882769336786,8.896191914876302e-06,4.433867579466406e-06,,,,,1.0,1.0,1.0,1.0,0.0,0.0,5.017393495489923e-07,0.0018420158397478978,0.0
qam,128,0.1,0.06666666666666667,1.0,0.0,1.0,0.0,0.0,0.0,0.9321354166666667,0.06786458333333334,0.06786458333333334,0.022799758968531505,8.393128712972005e-06,4.350110190869908e-06,,,,,1.0,1.0,1.0,1.0,0.0,0.0,4.92261308781842e-07,0.0025800356076762882,0.0
qam,128,0.1,0.1,1.0,0.0,1.0,0.0,0.0,0.0,0.89765625,0.10234375,0.10234375,0.027337217028935545,8.03391138712565e-06,3.645835973787244e-06,,,,,1.0,1.0,1.0,1.0,0.0,0.0,4.125651786539082e-07,0.0030934973236680266,0.0
qam,128,0.1,0.13333333333333333,1.0,0.0,1.0,0.0,0.0,0.0,0.867109375,0.132890625,0.132890625,0.029485379825574625,8.24292500813802e-06,4.105090840042876e-06,,,,,1.0,1.0,1.0,1.0,0.0,0.0,4.6453475910313775e-07,0.0033365848279729585,0.0
qam,128,0.1,0.16666666666666666,1.0,0.0,1.0,0.0,0.0,0.0,0.83265625,0.16734375,0.16734375,0.03347373829457773,8.357365926106771e-06,4.180846115159261e-06,,,,,1.0,1.0,1.0,1.0,0.0,0.0,4.731072754854097e-07,0.0037879100757708772,0.0
qam,128,0.1,0.2,1.0,0.0,1.0,0.0,0.0,0.0,0.798203125,0.201796875,0.201796875,0.035518962255216564,8.620421091715495e-06,4.470357909063019e-06,,,,,1.0,1.0,1.0,1.0,0.0,0.0,5.058686190656153e-07,0.0040193489541995465,0.0
qam,128,0.1,0.23333333333333334,1.0,0.0,1.0,0.0,0.0,0.0,0.7658333333333334,0.23416666666666666,0.23416666666666666,0.038549057337730695,8.107821146647136e-06,4.079647334451653e-06,,,,,1.0,1.0,1.0,1.0,0.0,0.0,4.6165555540190256e-07,0.004362236491665246,0.0
qam,128,0.1,0.26666666666666666,1.0,0.0,1.0,0.0,0.0,0.0,0.735390625,0.264609375,0.264609375,0.04069270250204503,8.03073247273763e-06,4.088141370020609e-06,,,,,1.0,1.0,1.0,1.0,0.0,0.0,4.6261674601146215e-07,0.004604812777747374,0.0
qam,128,0.1,0.3,0.9965364583333334,0.04287669398130707,0.9933333333333333,0.08151300584956361,0.003463541666666667,0.04287669398130707,0.7018489583333334,0.29815104166666667,0.2946875,0.05447334741883757,8.30252965291341e-06,4.295290169202687e-06,,,,,0.9925123697916667,1.0,0.98,1.0,0.004851954679165492,0.009224064950461413,4.86057839345598e-07,0.006164239552001471,0.004851954679165492
qam,128,0.1,0.3333333333333333,0.9857552083333333,0.08139031674957459,0.97,0.17087224588772662,0.014244791666666666,0.08139031674957459,0.6691145833333333,0.33088541666666665,0.316640625,0.08164710380091342,8.231798807779947e-06,3.761873123583339e-06,,,,,0.974552734375,0.9938313802083333,0.9565833333333333,0.9866666666666667,0.009210181371819975,0.019336014883421716,4.256960182693795e-07,0.009239239562170092,0.009210181371819975
qam,128,0.1,0.36666666666666664,0.944921875,0.15240503976791825,0.8833333333333333,0.32155905051085154,0.055078125,0.15240503976791828,0.634609375,0.365390625,0.3103125,0.13755361289460755,8.697509765625e-06,4.355444846314795e-06,,,,,0.930283203125,0.9619960937500001,0.84,0.9133333333333333,0.01724625378422919,0.036387832057068914,4.928649818742412e-07,0.015565656624810619,0.017246253784229195
qam,128,0.1,0.4,0.854609375,0.22515545326172276,0.7033333333333334,0.45755152739660415,0.145390625,0.2251554532617227,0.601015625,0.398984375,0.25359375,0.201080952995835,8.097489674886067e-06,4.3093632046837205e-06,,,,,0.8281751302083333,0.8750729166666666,0.6565833333333333,0.7466666666666667,0.025478738063832895,0.051776829512068544,4.876503532269627e-07,0.022754451898846152,0.025478738063832888
qam,128,0.1,0.43333333333333335,0.7261197916666666,0.24669906289911886,0.44333333333333336,0.4976085507587091,0.2738802083333333,0.24669906289911886,0.5657291666666666,0.43427083333333333,0.160390625,0.21789107098725985,7.886886596679687e-06,3.991842111520287e-06,,,,,0.6969173177083333,0.7505826822916666,0.39,0.49341666666666667,0.027916626993232396,0.05630970842339364,4.5171945905914944e-07,0.024656695823748024,0.027916626993232396
qam,128,0.1,0.4666666666666667,0.61625,0.21101329850189257,0.22666666666666666,0.4193747004212345,0.38375,0.2110132985018926,0.5326041666666667,0.46739583333333334,0.08364583333333334,0.18589392499952212,7.844765981038412e-06,4.056941416600702e-06,,,,,0.5935501302083334,0.6380768229166667,0.17666666666666667,0.27008333333333334,0.02387840259976107,0.0474567148511856,4.5908613891634754e-07,0.021035877897281275,0.023878402599761074
qam,128,0.1,0.5,0.5331770833333334,0.1369850016348604,0.07333333333333333,0.2611184245913959,0.46682291666666664,0.1369850016348604,0.500078125,0.499921875,0.03309895833333333,0.12208214285622199,8.029937744140625e-06,4.3060683197408516e-06,,,,,0.518095703125,0.5486471354166668,0.043333333333333335,0.1,0.015501312203490282,0.029548331374729824,4.872775018960548e-07,0.013814894976092076,0.015501312203490282
qam,128,0.25,0.0,1.0,0.0,1.0,0.0,0.0,0.0,1.0,0.0,0.0,0.0,1.049200693766276e-05,5.6181735652908055e-06,,,,,1.0,1.0,1.0,1.0,0.0,0.0,6.357561879738383e-07,0.0,0.0
qam,128,0.25,0.03333333333333333,1.0,0.0,1.0,0.0,0.0,0.0,0.9659635416666666,0.03403645833333333,0.03403645833333333,0.016764694655497625,1.071770985921224e-05,5.6630566207827175e-06,,,,,1.0,1.0,1.0,1.0,0.0,0.0,6.408351838312189e-07,0.0018971037905577528,0.0
qam,128,0.25,0.06666666666666667,1.0,0.0,1.0,0.0,0.0,0.0,0.9327604166666666,0.06723958333333334,0.06723958333333334,0.02425326874828031,1.1356671651204427e-05,6.030016065234698e-06,,,,,1.0,1.0,1.0,1.0,0.0,0.0,6.823605541022799e-07,0.002744515723147403,0.0
qam,128,0.25,0.1,1.0,0.0,1.0,0.0,0.0,0.0,0.8988541666666666,0.10114583333333334,0.10114583333333334,0.030359203080413934,1.0567506154378255e-05,5.665880708217964e-06,,,,,1.0,1.0,1.0,1.0,0.0,0.0,6.41154759408846e-07,0.0034354672378884617,0.0
qam,128,0.25,0.13333333333333333,1.0,0.0,1.0,0.0,0.0,0.0,0.8665104166666666,0.13348958333333333,0.13348958333333333,0.031059156319793696,9.51369603474935e-06,4.083797520912385e-06,,,,,1.0,1.0,1.0,1.0,0.0,0.0,4.6212519321087955e-07,0.003514674403358969,0.0
qam,128,0.25,0.16666666666666666,1.0,0.0,1.0,0.0,0.0,0.0,0.8329166666666666,0.16708333333333333,0.16708333333333333,0.03463679511154604,9.605089823404948e-06,3.8477785957022125e-06,,,,,1.0,1.0,1.0,1.0,0.0,0.0,4.3541713757010744e-07,0.003919522344377336,0.0
qam,128,0.25,0.2,1.0,0.0,1.0,0.0,0.0,0.0,0.7995052083333334,0.20049479166666667,0.20049479166666667,0.036691184000227604,1.0619163513183594e-05,4.827618521698981e-06,,,,,1.0,1.0,1.0,1.0,0.0,0.0,5.46296463197355e-07,0.004151998332045829,0.0
qam,128,0.25,0.23333333333333334,1.0,0.0,1.0,0.0,0.0,0.0,0.7647916666666666,0.23520833333333332,0.23520833333333332,0.03892530953426511,1.016855239868164e-05,4.433389544525242e-06,,,,,1.0,1.0,1.0,1.0,0.0,0.0,5.016852548030075e-07,0.004404813435827903,0.0
qam,128,0.25,0.26666666666666666,1.0,0.0,1.0,0.0,0.0,0.0,0.7312239583333333,0.2687760416666667,0.2687760416666667,0.040097076775064903,1.0164578755696614e-05,4.58299738884195e-06,,,,,1.0,1.0,1.0,1.0,0.0,0.0,5.186149761240773e-07,0.004537411381680959,0.0
qam,128,0.25,0.3,0.9906770833333334,0.06579484527491912,0.98,0.14023391829177742,0.009322916666666667,0.06579484527491918,0.698828125,0.301171875,0.29184895833333335,0.0662894695834334,9.81728235880534e-06,4.176489666431135e-06,,,,,0.9833971354166666,0.9956080729166666,0.96,0.9933333333333333,0.007445387639629808,0.01586896173315364,4.7261429690361434e-07,0.007501359649252825,0.007445387639629815
qam,128,0.25,0.3333333333333333,0.9799739583333333,0.09466202649144652,0.9566666666666667,0.2039465687344377,0.020026041666666668,0.0946620264914465,0.66921875,0.33078125,0.3107552083333333,0.08579609435822927,1.0059674580891928e-05,5.135189653409203e-06,,,,,0.9706438802083334,0.9907552083333333,0.9333333333333333,0.9766666666666667,0.010712016709466936,0.02307872684638911,5.811014132321746e-07,0.00970874204193587,0.010712016709466934
qam,128,0.25,0.36666666666666664,0.9259635416666666,0.17497001739828244,0.8466666666666667,0.3609105294341109,0.07403645833333333,0.1749700173982825,0.636796875,0.363203125,0.2891666666666667,0.15543654963996445,1.199801762898763e-05,9.063384846087813e-06,,,,,0.9031966145833333,0.946111328125,0.7999166666666667,0.8833333333333333,0.019799721382422326,0.04084087109914224,1.0256185454089628e-06,0.017589301420201858,0.019799721382422333
qam,128,0.25,0.4,0.78390625,0.24704605106261313,0.5633333333333334,0.49680136292375304,0.21609375,0.24704605106261318,0.6018489583333333,0.39815104166666665,0.18205729166666668,0.21720358864391123,1.848300298055013e-05,7.245071597511261e-05,,,,,0.7567513020833333,0.8127473958333333,0.48991666666666667,0.6233333333333333,0.027955892400313806,0.05621836652108914,8.198570312757627e-06,0.024578899873012913,0.027955892400313813
qam,128,0.25,0.43333333333333335,0.67078125,0.2336702580424488,0.33,0.47099837036123937,0.32921875,0.23367025804244868,0.5683854166666666,0.43161458333333336,0.10239583333333334,0.20208249379918472,1.4636516571044922e-05,2.4533499535731472e-05,,,,,0.64591015625,0.7005963541666667,0.28325,0.37675000000000003,0.02644227893095375,0.05329848303952357,2.776226821979152e-06,0.02286778690992015,0.02644227893095374
qam,128,0.25,0.4666666666666667,0.5719791666666667,0.17280619275756615,0.13333333333333333,0.34050261230349943,0.42802083333333335,0.1728061927575662,0.5370572916666667,0.46294270833333334,0.034921875,0.149515679504769,1.0698636372884115e-05,5.260683964890453e-06,,,,,0.5520013020833333,0.5919023437500001,0.09983333333333334,0.16675,0.019554861573618174,0.038531497875146446,5.953024314372059e-07,0.016919291890789043,0.01955486157361818
qam,128,0.25,0.5,0.5284635416666666,0.12010192545662511,0.05333333333333334,0.2250727616773128,0.47153645833333335,0.12010192545662511,0.502265625,0.497734375,0.026197916666666668,0.10820276576822187,1.1219978332519532e-05,5.032844752473079e-06,,,,,0.5154934895833333,0.5428033854166667,0.03,0.08333333333333333,0.013590812282544674,0.025469380630163206,5.695199974354658e-07,0.012244295604895603,0.013590812282544674
qam,128,0.5,0.0,1.0,0.0,1.0,0.0,0.0,0.0,1.0,0.0,0.0,0.0,1.4080206553141276e-05,5.651138125323794e-06,,,,,1.0,1.0,1.0,1.0,0.0,0.0,6.394864791051559e-07,0.0,0.0
qam,128,0.5,0.03333333333333333,1.0,0.0,1.0,0.0,0.0,0.0,0.9665104166666667,0.033489583333333336,0.033489583333333336,0.01573790382082806,1.3569990793863932e-05,5.153374377189754e-06,,,,,1.0,1.0,1.0,1.0,0.0,0.0,5.831592084454631e-07,0.0017809114694573617,0.0
qam,128,0.5,0.06666666666666667,1.0,0.0,1.0,0.0,0.0,0.0,0.9332552083333333,0.06674479166666666,0.06674479166666666,0.02178277948482191,1.3380050659179687e-05,4.683363574799129e-06,,,,,1.0,1.0,1.0,1.0,0.0,0.0,5.299724792421403e-07,0.0024649535454549965,0.0
qam,128,0.5,0.1,1.0,0.0,1.0,0.0,0.0,0.0,0.9008333333333334,0.09916666666666667,0.09916666666666667,0.026949107561136314,1.350561777750651e-05,5.368346761796439e-06,,,,,1.0,1.0,1.0,1.0,0.0,0.0,6.074856238131802e-07,0.003049578602949077,0.0
qam,128,0.5,0.13333333333333333,1.0,0.0,1.0,0.0,0.0,0.0,0.8655989583333333,0.13440104166666667,0.13440104166666667,0.028747937552501154,1.304149627685547e-05,4.5823197998778375e-06,,,,,1.0,1.0,1.0,1.0,0.0,0.0,5.185382997145946e-07,0.0032531353789782857,0.0
qam,128,0.5,0.16666666666666666,1.0,0.0,1.0,0.0,0.0,0.0,0.8317708333333333,0.16822916666666668,0.16822916666666668,0.031557675727095995,1.2439886728922527e-05,4.250083590180113e-06,,,,,1.0,1.0,1.0,1.0,0.0,0.0,4.809422333543043e-07,0.0035710871849034065,0.0
qam,128,0.5,0.2,1.0,0.0,1.0,0.0,0.0,0.0,0.7990885416666667,0.20091145833333332,0.20091145833333332,0.034256851328416375,1.3000965118408203e-05,4.983950467743482e-06,,,,,1.0,1.0,1.0,1.0,0.0,0.0,5.639870882591742e-07,0.003876527657865836,0.0
qam,128,0.5,0.23333333333333334,1.0,0.0,1.0,0.0,0.0,0.0,0.7665364583333333,0.23346354166666666,0.23346354166666666,0.03535359728498729,1.360177993774414e-05,5.017775399484677e-06,,,,,1.0,1.0,1.0,1.0,0.0,0.0,5.678147396146097e-07,0.004000636146224571,0.0
qam,128,0.5,0.26666666666666666,1.0,0.0,1.0,0.0,0.0,0.0,0.7319010416666667,0.26809895833333336,0.26809895833333336,0.038430072411732456,1.4774799346923828e-05,5.329752250054073e-06,,,,,1.0,1.0,1.0,1.0,0.0,0.0,6.031182436714156e-07,0.004348772079770546,0.0
qam,128,0.5,0.3,0.9876302083333334,0.07539778524960739,0.9733333333333334,0.16137646493112864,0.012369791666666666,0.0753977852496074,0.698203125,0.301796875,0.28942708333333333,0.07283420868147915,1.5090306599934897e-05,5.423058700441881e-06,,,,,0.97913671875,0.9950638020833333,0.9566666666666667,0.99,0.008532062595591833,0.018261466111896035,6.136768625041273e-07,0.00824196659773921,0.008532062595591835
qam,128,0.5,0.3333333333333333,0.9627604166666667,0.12992749465731956,0.9233333333333333,0.2665063620734804,0.03723958333333333,0.12992749465731956,0.6665625,0.3334375,0.29619791666666667,0.11442246121213501,1.4523665110270182e-05,5.926878287171977e-06,,,,,0.947212890625,0.97705859375,0.8933333333333333,0.94675,0.014702680107045273,0.03015803389723886,6.706894158123661e-07,0.012948120401304468,0.014702680107045273
qam,128,0.5,0.36666666666666664,0.86921875,0.21650999027987325,0.73,0.44470124502233466,0.13078125,0.21650999027987325,0.6322916666666667,0.36770833333333336,0.23692708333333334,0.18843178076184494,1.3194878896077474e-05,5.416103474504021e-06,,,,,0.8419752604166667,0.8938411458333333,0.6799166666666667,0.7668333333333334,0.0245004118293843,0.05032268317043089,6.128898045968977e-07,0.021323063311959413,0.0245004118293843
qam,128,0.5,0.4,0.7365625,0.24370222658068727,0.45666666666666667,0.4989509619494917,0.2634375,0.2437022265806872,0.599296875,0.400703125,0.137265625,0.20985401720462718,1.337448755900065e-05,5.826418734217865e-06,,,,,0.7048665364583334,0.7635677083333334,0.3999166666666667,0.51,0.027577503039220307,0.05646161655001649,6.593213472239839e-07,0.023747217571428704,0.027577503039220297
qam,128,0.5,0.43333333333333335,0.6250520833333333,0.21221730752785997,0.23666666666666666,0.42574611535281875,0.37494791666666666,0.21221730752785992,0.5686197916666667,0.43138020833333335,0.05643229166666667,0.1829183224975796,1.2874603271484375e-05,4.890521565362973e-06,,,,,0.6023346354166668,0.6532154947916666,0.18333333333333332,0.28675,0.024014649047069875,0.04817770832385592,5.534146126790365e-07,0.020699156775803702,0.024014649047069868
qam,128,0.5,0.4666666666666667,0.5437760416666667,0.13511553032022192,0.07333333333333333,0.2611184245913959,0.45622395833333335,0.13511553032022197,0.534921875,0.465078125,0.008854166666666666,0.1184485406685561,1.3439655303955078e-05,4.9029827277896634e-06,,,,,0.5293430989583333,0.5603216145833333,0.04666666666666667,0.10333333333333333,0.015289761609207515,0.029548331374729824,5.548247259534036e-07,0.013403714180661403,0.015289761609207522
qam,128,0.5,0.5,0.511640625,0.08222539336920773,0.02,0.14023391829177734,0.488359375,0.0822253933692077,0.5015364583333334,0.4984635416666667,0.010104166666666666,0.0766959957994513,1.4153321584065756e-05,6.894897709191005e-06,,,,,0.5032545572916667,0.52183984375,0.006666666666666667,0.04,0.00930467918720325,0.01586896173315363,7.802311254935266e-07,0.008678968948833604,0.009304679187203246
qam,128,0.75,0.0,1.0,0.0,1.0,0.0,0.0,0.0,1.0,0.0,0.0,0.0,1.5839735666910807e-05,4.973469973568381e-06,,,,,1.0,1.0,1.0,1.0,0.0,0.0,5.628011086970602e-07,0.0,0.0
qam,128,0.75,0.03333333333333333,1.0,0.0,1.0,0.0,0.0,0.0,0.9643489583333333,0.03565104166666667,0.03565104166666667,0.017203150337682344,1.6295909881591796e-05,5.388136573629389e-06,,,,,1.0,1.0,1.0,1.0,0.0,0.0,6.097250518382174e-07,0.0019467197217606183,0.0
qam,128,0.75,0.06666666666666667,1.0,0.0,1.0,0.0,0.0,0.0,0.931875,0.068125,0.068125,0.02172668304806103,1.566171646118164e-05,4.817756549219702e-06,,,,,1.0,1.0,1.0,1.0,0.0,0.0,5.451804759540872e-07,0.00245860563605356,0.0
qam,128,0.75,0.1,1.0,0.0,1.0,0.0,0.0,0.0,0.899296875,0.100703125,0.100703125,0.02621801788614341,1.561562220255534e-05,4.601653888187735e-06,,,,,1.0,1.0,1.0,1.0,0.0,0.0,5.207261577682846e-07,0.00296684801809993,0.0
qam,128,0.75,0.13333333333333333,1.0,0.0,1.0,0.0,0.0,0.0,0.8638020833333333,0.13619791666666667,0.13619791666666667,0.032080527479233796,1.581907272338867e-05,5.651276277339093e-06,,,,,1.0,1.0,1.0,1.0,0.0,0.0,6.395021124773877e-07,0.00363025343047264,0.0
qam,128,0.75,0.16666666666666666,1.0,0.0,1.0,0.0,0.0,0.0,0.8295833333333333,0.17041666666666666,0.17041666666666666,0.03394747186279323,1.5419324239095052e-05,5.621522599789841e-06,,,,,1.0,1.0,1.0,1.0,0.0,0.0,6.36135166903869e-07,0.0038415180755850195,0.0
qam,128,0.75,0.2,1.0,0.0,1.0,0.0,0.0,0.0,0.7969791666666667,0.20302083333333334,0.20302083333333334,0.036341662140317116,1.6065438588460288e-05,6.395761339142034e-06,,,,,1.0,1.0,1.0,1.0,0.0,0.0,7.237485280419458e-07,0.004112446210224062,0.0
qam,128,0.75,0.23333333333333334,1.0,0.0,1.0,0.0,0.0,0.0,0.763125,0.236875,0.236875,0.03623853757191605,1.6709963480631512e-05,7.000687477342439e-06,,,,,1.0,1.0,1.0,1.0,0.0,0.0,7.922023647129954e-07,0.004100776566748083,0.0
qam,128,0.75,0.26666666666666666,1.0,0.0,1.0,0.0,0.0,0.0,0.73015625,0.26984375,0.26984375,0.0369780380831754,1.6806920369466147e-05,6.394246242886933e-06,,,,,1.0,1.0,1.0,1.0,0.0,0.0,7.235770787607226e-07,0.004184458927319407,0.0
qam,128,0.75,0.3,0.989609375,0.0674214767092856,0.9766666666666667,0.15121212222763153,0.010390625,0.06742147670928564,0.697421875,0.302578125,0.2921875,0.0649976483688315,1.627683639526367e-05,5.787015082485018e-06,,,,,0.98200390625,0.9970065104166667,0.96,0.9933333333333333,0.007629458314544552,0.0171112624566801,6.548624042727212e-07,0.00735517631735775,0.007629458314544557
qam,128,0.75,0.3333333333333333,0.954609375,0.13967109140091932,0.9033333333333333,0.2959970773304744,0.045390625,0.1396710914009193,0.665078125,0.334921875,0.28953125,0.12379794754758323,1.5271504720052082e-05,5.605489355338232e-06,,,,,0.9402936197916667,0.9694127604166667,0.8666666666666667,0.93,0.0158052718747926,0.033495222486114,6.343208344958455e-07,0.014009056554977188,0.015805271874792595
qam,128,0.75,0.36666666666666664,0.849375,0.2212139142694912,0.68,0.46725556090572573,0.150625,0.22121391426949116,0.632890625,0.367109375,0.216484375,0.19195843410608907,1.5727678934733073e-05,5.793492006419944e-06,,,,,0.82851953125,0.8736516927083333,0.6299166666666667,0.7269166666666668,0.025032710938588377,0.052874944278376974,6.555953372130819e-07,0.021722141706456432,0.025032710938588373
qam,128,0.75,0.4,0.7295052083333333,0.2406084893924218,0.43666666666666665,0.4968013629237529,0.2704947916666667,0.24060848939242174,0.597578125,0.402421875,0.13192708333333333,0.21072892160981563,1.624902089436849e-05,6.7116334011018826e-06,,,,,0.7019140625,0.7571263020833333,0.39,0.48333333333333334,0.02722741371952469,0.05621836652108912,7.59492816762338e-07,0.023846222325023453,0.027227413719524685
qam,128,0.75,0.43333333333333335,0.588359375,0.17772689943253725,0.15,0.357668032405305,0.411640625,0.17772689943253728,0.565390625,0.434609375,0.02296875,0.15668243358542674,1.6562938690185547e-05,6.819338570510895e-06,,,,,0.5707682291666667,0.6068235677083333,0.11333333333333333,0.19,0.02011169195300413,0.04047394801878641,7.716808040384139e-07,0.017730286460735028,0.020111691953004135
qam,128,0.75,0.4666666666666667,0.5334375,0.1118063931514658,0.04666666666666667,0.21127631471468894,0.4665625,0.11180639315146579,0.5316145833333333,0.46838541666666667,0.0018229166666666667,0.10108974202952893,1.7210642496744792e-05,7.450700001945253e-06,,,,,0.5208483072916666,0.5464082031249999,0.026583333333333337,0.07,0.012652084431891501,0.023908165686087876,8.431260757477505e-07,0.011439381195519436,0.0126520844318915
qam,128,0.75,0.5,0.5051822916666666,0.060950624381700666,0.006666666666666667,0.0815130058495636,0.49481770833333333,0.060950624381700666,0.496796875,0.503203125,0.008385416666666666,0.06488824282641698,1.867055892944336e-05,7.863331608943422e-06,,,,,0.49885026041666664,0.5128932291666667,0.0,0.016666666666666666,0.006897212441233926,0.009224064950461412,8.898197377455523e-07,0.007342795914762433,0.006897212441233926
qam,128,1.0,0.0,1.0,0.0,1.0,0.0,0.0,0.0,1.0,0.0,0.0,0.0,2.280553181966146e-05,7.271285556796e-06,,,,,1.0,1.0,1.0,1.0,0.0,0.0,8.228234200198784e-07,0.0,0.0
qam,128,1.0,0.03333333333333333,1.0,0.0,1.0,0.0,0.0,0.0,0.9662760416666667,0.03372395833333333,0.03372395833333333,0.01622059780406283,2.146720886230469e-05,6.9806688461633755e-06,,,,,1.0,1.0,1.0,1.0,0.0,0.0,7.899370433413875e-07,0.001835533435684096,0.0
qam,128,1.0,0.06666666666666667,1.0,0.0,1.0,0.0,0.0,0.0,0.931953125,0.068046875,0.068046875,0.023336118874195354,1.874844233194987e-05,5.187028365255511e-06,,,,,1.0,1.0,1.0,1.0,0.0,0.0,5.869675157030007e-07,0.002640730444716127,0.0
qam,128,1.0,0.1,1.0,0.0,1.0,0.0,0.0,0.0,0.9001302083333333,0.09986979166666667,0.09986979166666667,0.024667739518866864,1.8556912740071613e-05,5.595857958014243e-06,,,,,1.0,1.0,1.0,1.0,0.0,0.0,6.332309392876608e-07,0.002791417506097401,0.0
qam,128,1.0,0.13333333333333333,1.0,0.0,1.0,0.0,0.0,0.0,0.8669270833333333,0.13307291666666668,0.13307291666666668,0.028516481032225205,1.842498779296875e-05,5.423239119958188e-06,,,,,1.0,1.0,1.0,1.0,0.0,0.0,6.136972788943635e-07,0.003226943608058031,0.0
qam,128,1.0,0.16666666666666666,1.0,0.0,1.0,0.0,0.0,0.0,0.8340364583333333,0.16596354166666666,0.16596354166666666,0.03260930032782567,1.794735590616862e-05,5.115070775200751e-06,,,,,1.0,1.0,1.0,1.0,0.0,0.0,5.788247478412836e-07,0.0036900897111816783,0.0
qam,128,1.0,0.2,1.0,0.0,1.0,0.0,0.0,0.0,0.8002604166666667,0.19973958333333333,0.19973958333333333,0.035482554887308004,1.7852783203125e-05,4.8254749845107106e-06,,,,,1.0,1.0,1.0,1.0,0.0,0.0,5.460538991299124e-07,0.004015229072681697,0.0
qam,128,1.0,0.23333333333333334,1.0,0.0,1.0,0.0,0.0,0.0,0.7663802083333333,0.23361979166666666,0.23361979166666666,0.036888712467399006,1.789093017578125e-05,5.167826409522188e-06,,,,,1.0,1.0,1.0,1.0,0.0,0.0,5.847946098579268e-07,0.004174350782329857,0.0
qam,128,1.0,0.26666666666666666,1.0,0.0,1.0,0.0,0.0,0.0,0.7314583333333333,0.2685416666666667,0.2685416666666667,0.03965166753133602,1.789093017578125e-05,5.282940191948177e-06,,,,,1.0,1.0,1.0,1.0,0.0,0.0,5.978209606190586e-07,0.004487008580914741,0.0
qam,128,1.0,0.3,0.9862760416666667,0.07863965707039669,0.97,0.1708722458877267,0.013723958333333333,0.07863965707039672,0.696484375,0.303515625,0.28979166666666667,0.07510545702747956,1.717408498128255e-05,4.897196775620311e-06,,,,,0.9775240885416667,0.9942740885416667,0.95,0.99,0.008898914927000384,0.019336014883421727,5.54169983829075e-07,0.008498982543155337,0.008898914927000387
qam,128,1.0,0.3333333333333333,0.921484375,0.17696034775389416,0.8333333333333334,0.3733006833947209,0.078515625,0.17696034775389413,0.6663020833333333,0.33369791666666665,0.25518229166666667,0.15408525834387515,1.821279525756836e-05,5.762459755411385e-06,,,,,0.90054296875,0.9403795572916667,0.7965833333333333,0.8766666666666667,0.02002494846467371,0.042242949009136214,6.52083707432305e-07,0.01743638841506591,0.020024948464673707
qam,128,1.0,0.36666666666666664,0.836171875,0.22994290884590662,0.66,0.47450026519722904,0.163828125,0.2299429088459066,0.6338020833333333,0.3661979166666667,0.20236979166666666,0.20060207449959042,1.979827880859375e-05,6.116317695877207e-06,,,,,0.8106842447916667,0.8631614583333334,0.6033333333333334,0.7134166666666667,0.026020489662804232,0.053694759745065115,6.921265029601395e-07,0.02270026169561783,0.02602048966280423
qam,128,1.0,0.4,0.7059635416666666,0.23984923385674242,0.3933333333333333,0.48930592665026296,0.2940364583333333,0.2398492338567424,0.601796875,0.398203125,0.10416666666666667,0.21005194056342852,2.0583470662434895e-05,6.119256585914396e-06,,,,,0.6768470052083333,0.7303528645833334,0.33658333333333335,0.44675000000000004,0.027141495867494682,0.05537017805965128,6.92459069675141e-07,0.02376961470790735,0.02714149586749468
qam,128,1.0,0.43333333333333335,0.582109375,0.17609812112311285,0.14333333333333334,0.35099794026335707,0.417890625,0.17609812112311282,0.5679427083333334,0.4320572916666667,0.014166666666666666,0.15247420173301215,2.149502436319987e-05,1.262840880906746e-05,,,,,0.5617174479166667,0.6035579427083333,0.10325,0.18333333333333332,0.019927378336306437,0.03971915603802646,1.4290389841689407e-06,0.01725408019734546,0.019927378336306437
qam,128,1.0,0.4666666666666667,0.5265104166666666,0.10646164991304968,0.04,0.1962865968262873,0.47348958333333335,0.10646164991304971,0.534453125,0.465546875,-0.007942708333333333,0.09237348720061817,2.016464869181315e-05,5.9189553008066e-06,,,,,0.5163652343749999,0.5359003906250001,0.023333333333333334,0.06666666666666667,0.012047269798191502,0.022211919425130608,6.697928455034423e-07,0.010453044109447222,0.012047269798191505
qam,128,1.0,0.5,0.5040885416666666,0.05307709488193677,0.0033333333333333335,0.05773502691896259,0.49591145833333333,0.05307709488193676,0.4988020833333333,0.5011979166666667,0.005286458333333333,0.05350763160821233,1.862049102783203e-05,5.628704680163699e-06,,,,,0.498685546875,0.5111992187500001,0.0,0.01,0.006006238703506342,0.006533333333333334,6.369478958071579e-07,0.006054958520489339,0.0060062387035063405
